Drugbank_ID,SMILES
DB00001,CCC(C)C1C(=O)NC(C(=O)NCC(=O)NC(C(=O)NC(C(=O)NCC(=O)NC(C(=O)NC(C(=O)NC(C(=O)NC(C(=O)NC(CSSCC2C(=O)NCC(=O)NC(C(=O)NCC(=O)NC(C(=O)NC(C(=O)NC(CSSCC(C(=O)NC(C(=O)NCC(=O)NC(C(=O)NC(C(=O)NC(C(=O)N2)C(C)C)CC(=O)N)CO)CCC(=O)O)NC(=O)C(CC(C)C)NC(=O)C3CSSCC(C(=O)NC(C(=O)NC(C(=O)NC(C(=O)NCC(=O)NC(C(=O)NC(C(=O)NC(C(=O)N3)CC(C)C)CC(=O)N)CCC(=O)N)CO)CCC(=O)O)C(C)O)NC(=O)C(CC(=O)O)NC(=O)C(C(C)O)NC(=O)C(CC4=CC=C(C=C4)O)NC(=O)C(C(C)O)NC(=O)C(CC(C)C)N)C(=O)N1)CCCCN)CC(=O)N)CCC(=O)N)C(=O)NC(C(C)C)C(=O)NC(C(C)O)C(=O)NCC(=O)NC(CCC(=O)O)C(=O)NCC(=O)NC(C(C)O)C(=O)N5CCCC5C(=O)NC(CCCCN)C(=O)N6CCCC6C(=O)NC(CCC(=O)N)C(=O)NC(CO)C(=O)NC(CC7=CNC=N7)C(=O)NC(CC(=O)N)C(=O)NC(CC(=O)O)C(=O)NCC(=O)NC(CC(=O)O)C(=O)NC(CC8=CC=CC=C8)C(=O)NC(CCC(=O)O)C(=O)NC(CCC(=O)O)C(=O)NC(C(C)CC)C(=O)N9CCCC9C(=O)NC(CCC(=O)O)C(=O)NC(CCC(=O)O)C(=O)NC(CC1=CC=C(C=C1)O)C(=O)NC(CC(C)C)C(=O)NC(CCC(=O)N)C(=O)O)CCC(=O)N)CC(=O)N)CCCCN)CCC(=O)O)CC(=O)O)CO)CC(C)C
DB00006,CCC(C)C(C(=O)N1CCCC1C(=O)NC(CCC(=O)O)C(=O)NC(CCC(=O)O)C(=O)NC(CC2=CC=C(C=C2)O)C(=O)NC(CC(C)C)C(=O)O)NC(=O)C(CCC(=O)O)NC(=O)C(CCC(=O)O)NC(=O)C(CC3=CC=CC=C3)NC(=O)C(CC(=O)O)NC(=O)CNC(=O)C(CC(=O)N)NC(=O)CNC(=O)CNC(=O)CNC(=O)CNC(=O)C4CCCN4C(=O)C(CCCNC(=N)N)NC(=O)C5CCCN5C(=O)C(CC6=CC=CC=C6)N
DB00007,CCNC(=O)C1CCCN1C(=O)C(CCCN=C(N)N)NC(=O)C(CC(C)C)NC(=O)C(CC(C)C)NC(=O)C(CC2=CC=C(C=C2)O)NC(=O)C(CO)NC(=O)C(CC3=CNC4=CC=CC=C43)NC(=O)C(CC5=CN=CN5)NC(=O)C6CCC(=O)N6
DB00010,CCC(C)C(C(=O)NC(CC1=CC=CC=C1)C(=O)NC(C(C)O)C(=O)NC(CC(=O)N)C(=O)NC(CO)C(=O)NC(CC2=CC=C(C=C2)O)C(=O)NC(CCCNC(=N)N)C(=O)NC(CCCCN)C(=O)NC(C(C)C)C(=O)NC(CC(C)C)C(=O)NCC(=O)NC(CCC(=O)N)C(=O)NC(CC(C)C)C(=O)NC(CO)C(=O)NC(C)C(=O)NC(CCCNC(=N)N)C(=O)NC(CCCCN)C(=O)NC(CC(C)C)C(=O)NC(CC(C)C)C(=O)NC(CCC(=O)N)C(=O)NC(CC(=O)O)C(=O)NC(C(C)CC)C(=O)NC(CCSC)C(=O)NC(CO)C(=O)NC(CCCNC(=N)N)C(=O)N)NC(=O)C(C)NC(=O)C(CC(=O)O)NC(=O)C(C)NC(=O)C(CC3=CC=C(C=C3)O)N
DB00014,CC(C)CC(C(=O)NC(CCCN=C(N)N)C(=O)N1CCCC1C(=O)NNC(=O)N)NC(=O)C(COC(C)(C)C)NC(=O)C(CC2=CC=C(C=C2)O)NC(=O)C(CO)NC(=O)C(CC3=CNC4=CC=CC=C43)NC(=O)C(CC5=CN=CN5)NC(=O)C6CCC(=O)N6
DB00016,CCCCC1=NC(=C(N1CC2=CC=C(C=C2)C3=CC=CC=C3C4=NN=N[N-]4)CO)Cl.[K+]
DB00017,CC(C)CC1C(=O)NC(C(=O)NC(C(=O)NC(CSSCC(C(=O)NC(C(=O)NC(C(=O)N1)CC(=O)N)CO)N)C(=O)NC(C(C)C)C(=O)NC(CC(C)C)C(=O)NCC(=O)NC(CCCCN)C(=O)NC(CC(C)C)C(=O)NC(CO)C(=O)NC(CCC(=O)N)C(=O)NC(CCC(=O)O)C(=O)NC(CC(C)C)C(=O)NC(CC2=CN=CN2)C(=O)NC(CCCCN)C(=O)NC(CC(C)C)C(=O)NC(CCC(=O)N)C(=O)NC(C(C)O)C(=O)NC(CC3=CC=C(C=C3)O)C(=O)N4CCCC4C(=O)NC(CCCNC(=N)N)C(=O)NC(C(C)O)C(=O)NC(CC(=O)N)C(=O)NC(C(C)O)C(=O)NCC(=O)NC(CO)C(=O)NCC(=O)NC(C(C)O)C(=O)N5CCCC5C(=O)N)C(C)O)CO
DB00019,CC(C(C(=O)O)N)OC1C(C(C(C(O1)COC2(CC(C(C(O2)C(C(CO)O)O)NC(=O)CNC(=O)OCCOC)O)C(=O)O)O)O)NC(=O)C
DB00024,C1CC(N(C1)C(=O)C(CC2=CN=CN2)NC(=O)C3CCC(=O)N3)C(=O)N
DB00026,CC(C)(C)C(=O)OCO/N=C(\\C1=CSC(=N1)N)/C(=O)NC2C3N(C2=O)C(=C(CS3)C=C)C(=O)O
DB00030,CCC(C)C1C(=O)NC2CSSCC(C(=O)NC(CSSCC(C(=O)NCC(=O)NC(C(=O)NC(C(=O)NC(C(=O)NC(C(=O)NC(C(=O)NC(C(=O)NC(C(=O)NC(C(=O)NC(C(=O)NC(C(=O)NC(CSSCC(NC(=O)C(NC(=O)C(NC(=O)C(NC(=O)C(NC(=O)C(NC(=O)C(NC(=O)C(NC(=O)C(NC2=O)CO)CC(C)C)CC3=CC=C(C=C3)O)CCC(=O)N)CC(C)C)CCC(=O)O)CC(=O)N)CC4=CC=C(C=C4)O)C(=O)NC(CC(=O)N)C(=O)O)C(=O)NCC(=O)NC(CCC(=O)O)C(=O)NC(CCCNC(=N)N)C(=O)NCC(=O)NC(CC5=CC=CC=C5)C(=O)NC(CC6=CC=CC=C6)C(=O)NC(CC7=CC=C(C=C7)O)C(=O)NC(C(C)O)C(=O)N8CCCC8C(=O)NC(CCCCN)C(=O)NC(C(C)O)C(=O)O)C(C)C)CC(C)C)CC9=CC=C(C=C9)O)CC(C)C)C)CCC(=O)O)C(C)C)CC(C)C)CC2=CNC=N2)CO)NC(=O)C(CC(C)C)NC(=O)C(CC2=CNC=N2)NC(=O)C(CCC(=O)N)NC(=O)C(CC(=O)N)NC(=O)C(C(C)C)NC(=O)C(CC2=CC=CC=C2)N)C(=O)NC(C(=O)NC(C(=O)N1)CO)C(C)O)NC(=O)C(CCC(=O)N)NC(=O)C(CCC(=O)O)NC(=O)C(C(C)C)NC(=O)C(C(C)CC)NC(=O)CN
DB00035,C1CC(N(C1)C(=O)C2CSSCCC(=O)NC(C(=O)NC(C(=O)NC(C(=O)NC(C(=O)N2)CC(=O)N)CCC(=O)N)CC3=CC=CC=C3)CC4=CC=C(C=C4)O)C(=O)NC(CCCN=C(N)N)C(=O)NCC(=O)N
DB00040,C[C@H]([C@@H](C(=O)N[C@@H](CC1=CC=CC=C1)C(=O)N[C@@H]([C@@H](C)O)C(=O)N[C@@H](CO)C(=O)N[C@@H](CC(=O)O)C(=O)N[C@@H](CC2=CC=C(C=C2)O)C(=O)N[C@@H](CO)C(=O)N[C@@H](CCCCN)C(=O)N[C@@H](CC3=CC=C(C=C3)O)C(=O)N[C@@H](CC(C)C)C(=O)N[C@@H](CC(=O)O)C(=O)N[C@@H](CO)C(=O)N[C@@H](CCCNC(=N)N)C(=O)N[C@@H](CCCNC(=N)N)C(=O)N[C@@H](C)C(=O)N[C@@H](CCC(=O)N)C(=O)N[C@@H](CC(=O)O)C(=O)N[C@@H](CC4=CC=CC=C4)C(=O)N[C@@H](C(C)C)C(=O)N[C@@H](CCC(=O)N)C(=O)N[C@@H](CC5=CNC6=CC=CC=C65)C(=O)N[C@@H](CC(C)C)C(=O)N[C@@H](CCSC)C(=O)N[C@@H](CC(=O)N)C(=O)N[C@@H]([C@@H](C)O)C(=O)O)NC(=O)CNC(=O)[C@H](CCC(=O)N)NC(=O)[C@H](CO)NC(=O)[C@H](CC7=CN=CN7)N)O
DB00046,CCC(C)C(C(=O)NC(C(C)C)C(=O)NC(CCC(=O)O)C(=O)NC(CCC(=O)N)C(=O)NC(CS)C(=O)NC(CS)C(=O)NC(C(C)O)C(=O)NC(CO)C(=O)NC(C(C)CC)C(=O)NC(CS)C(=O)NC(CO)C(=O)NC(CC(C)C)C(=O)NC(CC1=CC=C(C=C1)O)C(=O)NC(CCC(=O)N)C(=O)NC(CC(C)C)C(=O)NC(CCC(=O)O)C(=O)NC(CC(=O)N)C(=O)NC(CC2=CC=C(C=C2)O)C(=O)NC(CS)C(=O)NC(CC(=O)N)C(=O)O)NC(=O)CN.CC(C)CC(C(=O)NC(CC1=CC=C(C=C1)O)C(=O)NC(CC(C)C)C(=O)NC(C(C)C)C(=O)NC(CS)C(=O)NCC(=O)NC(CCC(=O)O)C(=O)NC(CCCNC(=N)N)C(=O)NCC(=O)NC(CC2=CC=CC=C2)C(=O)NC(CC3=CC=CC=C3)C(=O)NC(CC4=CC=C(C=C4)O)C(=O)NC(C(C)O)C(=O)NC(CCCCN)C(=O)N5CCCC5C(=O)NC(C(C)O)C(=O)O)NC(=O)C(C)NC(=O)C(CCC(=O)O)NC(=O)C(C(C)C)NC(=O)C(CC(C)C)NC(=O)C(CC6=CN=CN6)NC(=O)C(CO)NC(=O)CNC(=O)C(CS)NC(=O)C(CC(C)C)NC(=O)C(CC7=CN=CN7)NC(=O)C(CCC(=O)N)NC(=O)C(CC(=O)N)NC(=O)C(C(C)C)NC(=O)C(CC8=CC=CC=C8)N
DB00047,CCC(C)C1C(=O)NC2CSSCC(C(=O)NC(CSSCC(C(=O)NCC(=O)NC(C(=O)NC(C(=O)NC(C(=O)NC(C(=O)NC(C(=O)NC(C(=O)NC(C(=O)NC(C(=O)NC(C(=O)NC(C(=O)NC(CSSCC(NC(=O)C(NC(=O)C(NC(=O)C(NC(=O)C(NC(=O)C(NC(=O)C(NC(=O)C(NC(=O)C(NC2=O)CO)CC(C)C)CC3=CC=C(C=C3)O)CCC(=O)N)CC(C)C)CCC(=O)O)CC(=O)N)CC4=CC=C(C=C4)O)C(=O)NCC(=O)O)C(=O)NCC(=O)NC(CCC(=O)O)C(=O)NC(CCCNC(=N)N)C(=O)NCC(=O)NC(CC5=CC=CC=C5)C(=O)NC(CC6=CC=CC=C6)C(=O)NC(CC7=CC=C(C=C7)O)C(=O)NC(C(C)O)C(=O)N8CCCC8C(=O)NC(CCCCN)C(=O)NC(C(C)O)C(=O)NC(CCCNC(=N)N)C(=O)NC(CCCNC(=N)N)C(=O)O)C(C)C)CC(C)C)CC9=CC=C(C=C9)O)CC(C)C)C)CCC(=O)O)C(C)C)CC(C)C)CC2=CNC=N2)CO)NC(=O)C(CC(C)C)NC(=O)C(CC2=CNC=N2)NC(=O)C(CCC(=O)N)NC(=O)C(CC(=O)N)NC(=O)C(C(C)C)NC(=O)C(CC2=CC=CC=C2)N)C(=O)NC(C(=O)NC(C(=O)N1)CO)C(C)O)NC(=O)C(CCC(=O)N)NC(=O)C(CCC(=O)O)NC(=O)C(C(C)C)NC(=O)C(C(C)CC)NC(=O)CN
DB00048,[Ca+2].[Ca+2]
DB00059,CC1=CC(=C(C=C1)C(=O)C(=C)CN(C)C)C
DB00063,C1CC2C(=O)NC(CSSCCC(=O)NC(C(=O)NCC(=O)NC(C(=O)NC(C(=O)N2C1)CC3=CNC4=CC=CC=C43)CC(=O)O)CCCCN=C(N)N)C(=O)N
DB00067,C1CC(N(C1)C(=O)C2CSSCC(C(=O)NC(C(=O)NC(C(=O)NC(C(=O)NC(C(=O)N2)CC(=O)N)CCC(=O)N)CC3=CC=CC=C3)CC4=CC=C(C=C4)O)N)C(=O)NC(CCCN=C(N)N)C(=O)NCC(=O)N
DB00080,CCCCCCCCCC(=O)NC(CC1=CNC2=CC=CC=C21)C(=O)NC(CC(=O)N)C(=O)NC(CC(=O)O)C(=O)NC3C(OC(=O)C(NC(=O)C(NC(=O)C(NC(=O)CNC(=O)C(NC(=O)C(NC(=O)C(NC(=O)C(NC(=O)CNC3=O)CCCN)CC(=O)O)C)CC(=O)O)CO)C(C)CC(=O)O)CC(=O)C4=CC=CC=C4N)C
DB00085,C1CC2C(C(C1O2)C(=O)[O-])C(=O)[O-].[Na+].[Na+]
DB00086,C1CCC(CC1)C2CC(NC2)C(=O)O
DB00089,C1=NC2=C(N1[C@H]3[C@@H]([C@@H]([C@H](O3)COP(=O)(O)O)OP(=O)(O)O)O)N=C(NC2=O)N
DB00091,CCC1C(=O)N(CC(=O)N(C(C(=O)NC(C(=O)N(C(C(=O)NC(C(=O)NC(C(=O)N(C(C(=O)N(C(C(=O)N(C(C(=O)N(C(C(=O)N1)C(C(C)CC=CC)O)C)C(C)C)C)CC(C)C)C)CC(C)C)C)C)C)CC(C)C)C)C(C)C)CC(C)C)C)C
DB00094,CCC(C)C1C(=O)NC(C(=O)NC(C(=O)NC(CSSCC(C(=O)NC(C(=O)N1)CC2=CC=C(C=C2)O)N)C(=O)N3CCCC3C(=O)NC(CC(C)C)C(=O)NCC(=O)N)CC(=O)N)C(C)O
DB00103,CCCCCCCC(=O)NC(CN1CCCC1)C(C2=CC3=C(C=C2)OCCO3)O.CCCCCCCC(=O)NC(CN1CCCC1)C(C2=CC3=C(C=C2)OCCO3)O.C(C(C(=O)O)O)(C(=O)O)O
DB00104,CC(C1C(=O)NC(CSSCC(C(=O)NC(C(=O)NC(C(=O)NC(C(=O)N1)CCCCN)CC2=CNC3=CC=CC=C32)CC4=CC=CC=C4)NC(=O)C(CC5=CC=CC=C5)N)C(=O)NC(CO)C(C)O)O
DB00105,CCCN(CCOC1=C(C=C(C=C1Cl)Cl)Cl)C(=O)N2C=CN=C2.C(S(=O)(=O)[O-])(I)I.[Na+]
DB00106,CC(C)CC(C(=O)NC(CCCCNC(C)C)C(=O)N1CCCC1C(=O)NC(C)C(=O)N)NC(=O)C(CC(=O)N)NC(=O)C(CC2=CC=C(C=C2)O)N(C)C(=O)C(CO)NC(=O)C(CC3=CN=CC=C3)NC(=O)C(CC4=CC=C(C=C4)Cl)NC(=O)C(CC5=CC6=CC=CC=C6C=C5)NC(=O)C
DB00107,CCC(C)C1C(=O)NC(C(=O)NC(C(=O)NC(CSSCC(C(=O)NC(C(=O)N1)CC2=CC=C(C=C2)O)N)C(=O)N3CCCC3C(=O)NC(CC(C)C)C(=O)NCC(=O)N)CC(=O)N)CCC(=O)N
DB00109,CC[C@H](C)[C@@H](C(=O)N[C@@H](CCC(=O)O)C(=O)N[C@@H](CCC(=O)O)C(=O)N[C@@H](CO)C(=O)N[C@@H](CCC(=O)N)C(=O)N[C@@H](CC(=O)N)C(=O)N[C@@H](CCC(=O)N)C(=O)N[C@@H](CCC(=O)N)C(=O)N[C@@H](CCC(=O)O)C(=O)N[C@@H](CCCCN)C(=O)N[C@@H](CC(=O)N)C(=O)N[C@@H](CCC(=O)O)C(=O)N[C@@H](CCC(=O)N)C(=O)N[C@@H](CCC(=O)O)C(=O)N[C@@H](CC(C)C)C(=O)N[C@@H](CC(C)C)C(=O)N[C@@H](CCC(=O)O)C(=O)N[C@@H](CC(C)C)C(=O)N[C@@H](CC(=O)O)C(=O)N[C@@H](CCCCN)C(=O)N[C@@H](CC1=CNC2=CC=CC=C21)C(=O)N[C@@H](C)C(=O)N[C@@H](CO)C(=O)N[C@@H](CC(C)C)C(=O)N[C@@H](CC3=CNC4=CC=CC=C43)C(=O)N[C@@H](CC(=O)N)C(=O)N[C@@H](CC5=CNC6=CC=CC=C65)C(=O)N[C@@H](CC7=CC=CC=C7)C(=O)N)NC(=O)[C@H](CC(C)C)NC(=O)[C@H](CO)NC(=O)[C@H](CC8=CN=CN8)NC(=O)[C@H]([C@@H](C)CC)NC(=O)[C@H](CC(C)C)NC(=O)[C@H](CO)NC(=O)[C@H]([C@@H](C)O)NC(=O)[C@H](CC9=CC=C(C=C9)O)NC(=O)C
DB00115,CC1=CC2=C(C=C1C)N(C=N2)C3C(C(C(O3)CO)OP(=O)([O-])OC(C)CNC(=O)CCC4(C(C5C6(C(C(C(=C(C7=NC(=CC8=NC(=C(C4=N5)C)C(C8(C)C)CCC(=O)N)C(C7(C)CC(=O)N)CCC(=O)N)C)[N-]6)CCC(=O)N)(C)CC(=O)N)C)CC(=O)N)C)O.[C-]#N.[Co+3]
DB00126,C(C(C1C(=C(C(=O)O1)O)O)O)O
DB00134,CSCCC(C(=O)O)N
DB00136,CC(CCCC(C)(C)O)C1CCC2C1(CCCC2=CC=C3CC(CC(C3=C)O)O)C
DB00142,C(CC(=O)O)C(C(=O)O)N
DB00146,CC(CCCC(C)(C)O)C1CCC2C1(CCCC2=CC=C3CC(CCC3=C)O)C
DB00148,CN(CC(=O)O)C(=N)N
DB00150,C1=CC=C2C(=C1)C(=CN2)CC(C(=O)O)N
DB00153,CC(C)C(C)C=CC(C)C1CCC2C1(CCCC2=CC=C3CC(CCC3=C)O)C
DB00158,C1=CC(=CC=C1C(=O)NC(CCC(=O)O)C(=O)O)NCC2=CN=C3C(=N2)C(=O)NC(=N3)N
DB00159,CCC=CCC=CCC=CCC=CCC=CCCCC(=O)O
DB00162,CC1=C(C(CCC1)(C)C)C=CC(=CC=CC(=CCO)C)C
DB00163,CC1=C(C2=C(CCC(O2)(C)CCCC(C)CCCC(C)CCCC(C)C)C(=C1O)C)C
DB00165,CC1=NC=C(C(=C1O)CO)CO
DB00166,C1CSSC1CCCCC(=O)O
DB00169,CC(C)CCCC(C)C1CCC2C1(CCCC2=CC=C3CC(CCC3=C)O)C
DB00175,CCC(C)C(=O)OC1CC(C=C2C1C(C(C=C2)C)CCC(CC(CC(=O)O)O)O)O
DB00176,COCCCCC(=NOCCN)C1=CC=C(C=C1)C(F)(F)F
DB00177,CCCCC(=O)N(CC1=CC=C(C=C1)C2=CC=CC=C2C3=NNN=N3)C(C(C)C)C(=O)O
DB00178,CCOC(=O)C(CCC1=CC=CC=C1)NC(C)C(=O)N2C3CCCC3CC2C(=O)O
DB00180,CC1(OC2CC3C4CC(C5=CC(=O)C=CC5(C4C(CC3(C2(O1)C(=O)CO)C)O)C)F)C
DB00181,C1=CC(=CC=C1C(CC(=O)O)CN)Cl
DB00182,CC(CC1=CC=CC=C1)N
DB00184,CN1CCCC1C2=CN=CC=C2
DB00185,CC1OC2(CN3CCC2CC3)CS1
DB00186,C1=CC=C(C(=C1)C2=NC(C(=O)NC3=C2C=C(C=C3)Cl)O)Cl
DB00187,CC(C)NCC(COC1=CC=C(C=C1)CCC(=O)OC)O
DB00188,B(C(CC(C)C)NC(=O)C(CC1=CC=CC=C1)NC(=O)C2=NC=CN=C2)(O)O
DB00189,CCC(C=CCl)(C#C)O
DB00190,CC(CC1=CC(=C(C=C1)O)O)(C(=O)O)NN
DB00191,CC(C)(CC1=CC=CC=C1)N
DB00193,CN(C)CC1CCCCC1(C2=CC(=CC=C2)OC)O
DB00195,CC(C)NCC(COC1=CC=C(C=C1)CCOCC2CC2)O
DB00196,C1=CC(=C(C=C1F)F)C(CN2C=NC=N2)(CN3C=NC=N3)O
DB00197,CC1=C(C2=C(CCC(O2)(C)COC3=CC=C(C=C3)CC4C(=O)NC(=O)S4)C(=C1O)C)C
DB00198,CCC(CC)OC1C=C(CC(C1NC(=O)C)N)C(=O)OCC
DB00199,CCC1C(C(C(C(=O)C(CC(C(C(C(C(C(=O)O1)C)OC2CC(C(C(O2)C)O)(C)OC)C)OC3C(C(CC(O3)C)N(C)C)O)(C)O)C)C)O)(C)O
DB00200,CC1=CC2=C(C=C1C)N(C=N2)C3C(C(C(O3)CO)OP(=O)([O-])OC(C)CNC(=O)CCC4(C(C5C6(C(C(C(=N6)C(=C7C(C(C(=N7)C=C8C(C(C(=N8)C(=C4[N-]5)C)CCC(=O)N)(C)C)CCC(=O)N)(C)CC(=O)N)C)CCC(=O)N)(C)CC(=O)N)C)CC(=O)N)C)O.O.[Co+2]
DB00201,CN1C=NC2=C1C(=O)N(C(=O)N2C)C
DB00202,C[N+](C)(C)CCOC(=O)CCC(=O)OCC[N+](C)(C)C
DB00203,CCCC1=NN(C2=C1N=C(NC2=O)C3=C(C=CC(=C3)S(=O)(=O)N4CCN(CC4)C)OCC)C
DB00204,CN(CCC1=CC=C(C=C1)NS(=O)(=O)C)CCOC2=CC=C(C=C2)NS(=O)(=O)C
DB00205,CCC1=C(C(=NC(=N1)N)N)C2=CC=C(C=C2)Cl
DB00206,COC1C(CC2CN3CCC4=C(C3CC2C1C(=O)OC)NC5=C4C=CC(=C5)OC)OC(=O)C6=CC(=C(C(=C6)OC)OC)OC
DB00207,CCC1C(C(C(N(CC(CC(C(C(C(C(C(=O)O1)C)OC2CC(C(C(O2)C)O)(C)OC)C)OC3C(C(CC(O3)C)N(C)C)O)(C)O)C)C)C)O)(C)O
DB00208,C1CN(CC2=C1SC=C2)CC3=CC=CC=C3Cl
DB00209,C1CC[N+]2(C1)C3CCC2CC(C3)OC(=O)C(C4=CC=CC=C4)(C5=CC=CC=C5)O
DB00210,COC1=C(C=C(C=C1)C2=CC3=C(C=C2)C=C(C=C3)C(=O)O)C45CC6CC(C4)CC(C6)C5
DB00211,COC1=CC(=C(C=C1)OC)C(CNC(=O)CN)O
DB00213,COC1=C(C(=NC=C1)CS(=O)C2=NC3=C(N2)C=C(C=C3)OC(F)F)OC
DB00214,CC1=CC(=CC=C1)NC2=C(C=NC=C2)S(=O)(=O)NC(=O)NC(C)C
DB00215,CN(C)CCCC1(C2=C(CO1)C=C(C=C2)C#N)C3=CC=C(C=C3)F
DB00216,CN1CCCC1CC2=CNC3=C2C=C(C=C3)CCS(=O)(=O)C4=CC=CC=C4
DB00218,COC1=C2C(=CC(=C1N3CC4CCCNC4C3)F)C(=O)C(=CN2C5CC5)C(=O)O
DB00220,CC1=C(C=CC=C1O)C(=O)N[C@@H](CSC2=CC=CC=C2)[C@@H](CN3C[C@H]4CCCC[C@H]4C[C@H]3C(=O)NC(C)(C)C)O
DB00221,CCC(C(C1=CC(=C(C=C1)O)O)O)NC(C)C
DB00222,CCC1=C(CN(C1=O)C(=O)NCCC2=CC=C(C=C2)S(=O)(=O)NC(=O)NC3CCC(CC3)C)C
DB00223,CC1CC2C3CC(C4=CC(=O)C=CC4(C3(C(CC2(C1(C(=O)CO)O)C)O)F)C)F
DB00224,CC(C)(C)NC(=O)C1CN(CCN1CC(CC(CC2=CC=CC=C2)C(=O)NC3C(CC4=CC=CC=C34)O)O)CC5=CN=CC=C5
DB00225,CNC(=O)CN(CCN(CCN(CC(=O)NC)CC(=O)[O-])CC(=O)[O-])CC(=O)[O-].[Gd+3]
DB00226,C1CCC2(CC1)OCC(O2)CN=C(N)N
DB00227,CCC(C)C(=O)OC1CC(C=C2C1C(C(C=C2)C)CCC3CC(CC(=O)O3)O)C
DB00228,C(C(OC(F)F)(F)F)(F)Cl
DB00230,CC(C)CC(CC(=O)O)CN
DB00231,CN1C2=C(C=C(C=C2)Cl)C(=NC(C1=O)O)C3=CC=CC=C3
DB00233,C1=CC(=C(C=C1N)O)C(=O)O
DB00235,CC1=C(C=C(C(=O)N1)C#N)C2=CC=NC=C2
DB00237,CCC(C)C1(C(=O)NC(=O)NC1=O)CC
DB00238,CC1=C2C(=NC=C1)N(C3=C(C=CC=N3)C(=O)N2)C4CC4
DB00240,CC1CC2C3C(CC4=CC(=O)C=CC4(C3C(CC2(C1(C(=O)CO)O)C)O)C)Cl
DB00241,CC(C)CC1(C(=O)NC(=O)NC1=O)CC=C
DB00242,C1C(C(OC1N2C=NC3=C(N=C(N=C32)Cl)N)CO)O
DB00243,CC1=C(C(=CC=C1)C)NC(=O)CN2CCN(CC2)CC(COC3=CC=CC=C3OC)O
DB00244,C1=CC(=C(C=C1N)C(=O)O)O
DB00245,CN1C2CCC1CC(C2)OC(C3=CC=CC=C3)C4=CC=CC=C4
DB00246,C1CN(CCN1CCC2=C(C=C3C(=C2)CC(=O)N3)Cl)C4=NSC5=CC=CC=C54
DB00247,CCC(CO)NC(=O)C1CN(C2CC3=CN(C4=CC=CC(=C34)C2=C1)C)C
DB00248,CCNC(=O)N(CCCN(C)C)C(=O)C1CC2C(CC3=CNC4=CC=CC2=C34)N(C1)CC=C
DB00250,C1=CC(=CC=C1N)S(=O)(=O)C2=CC=C(C=C2)N
DB00252,C1=CC=C(C=C1)C2(C(=O)NC(=O)N2)C3=CC=CC=C3
DB00254,CC1C2C(C3C(C(=O)C(=C(C3(C(=O)C2=C(C4=C1C=CC=C4O)O)O)O)C(=O)N)N(C)C)O
DB00255,CCC(=C(CC)C1=CC=C(C=C1)O)C2=CC=C(C=C2)O
DB00257,C1=CC=C(C=C1)C(C2=CC=CC=C2)(C3=CC=CC=C3Cl)N4C=CN=C4
DB00258,CC(=O)[O-].CC(=O)[O-].[Ca+2]
DB00260,C1C(C(=O)NO1)N
DB00261,C1C2=C(C=CC(=C2Cl)Cl)N=C3N1CC(=O)N3
DB00262,C(CCl)NC(=O)N(CCCl)N=O
DB00263,CC1=C(ON=C1C)NS(=O)(=O)C2=CC=C(C=C2)N
DB00264,CC(C)NCC(COC1=CC=C(C=C1)CCOC)O
DB00266,C1=CC=C2C(=C1)C(=C(C(=O)O2)CC3=C(C4=CC=CC=C4OC3=O)O)O
DB00268,CCCN(CCC)CCC1=C2CC(=O)NC2=CC=C1
DB00270,CC1=C(C(C(=C(N1)C)C(=O)OC(C)C)C2=CC=CC3=NON=C32)C(=O)OC
DB00271,CC(=O)NC1=C(C(=C(C(=C1I)C(=O)O)I)NC(=O)C)I
DB00273,CC1(OC2COC3(C(C2O1)OC(O3)(C)C)COS(=O)(=O)N)C
DB00274,CN1C(=NN=N1)SCC2=C(N3C(C(C3=O)(NC(=O)CSCC#N)OC)SC2)C(=O)O
DB00275,CCCC1=NC(=C(N1CC2=CC=C(C=C2)C3=CC=CC=C3C4=NNN=N4)C(=O)O)C(C)(C)O
DB00277,CN1C2=C(C(=O)N(C1=O)C)NC=N2
DB00278,CC1CCN(C(C1)C(=O)O)C(=O)C(CCCN=C(N)N)NS(=O)(=O)C2=CC=CC3=C2NCC(C3)C
DB00279,C1=CC(=C(C=C1OC2=C(C=C(C=C2I)CC(C(=O)O)N)I)I)O
DB00280,CC(C)N(CCC(C1=CC=CC=C1)(C2=CC=CC=N2)C(=O)N)C(C)C
DB00281,CCN(CC)CC(=O)NC1=C(C=CC=C1C)C
DB00282,C(CN)C(O)(P(=O)(O)O)P(=O)(O)O
DB00283,CC(C1=CC=CC=C1)(C2=CC=C(C=C2)Cl)OCCC3CCCN3C
DB00284,CC1C(C(C(C(O1)OC2C(OC(C(C2O)O)OC3C(OC(C(C3O)O)O)CO)CO)O)O)NC4C=C(C(C(C4O)O)O)CO
DB00285,CN(C)CC(C1=CC=C(C=C1)OC)C2(CCCCC2)O
DB00286,CC12CCC3C(C1CCC2=O)CCC4=C3C=CC(=C4)OS(=O)(=O)[O-].[Na+]
DB00287,CC(C)OC(=O)CCCC=CCC1C(CC(C1C=CC(COC2=CC=CC(=C2)C(F)(F)F)O)O)O
DB00288,CC(=O)OCC(=O)C12C(CC3C1(CC(C4(C3CCC5=CC(=O)C=CC54C)F)O)C)OC6(O2)CCCC6
DB00289,CC1=CC=CC=C1OC(CCNC)C2=CC=CC=C2
DB00290,CC1=C(N=C(N=C1N)C(CC(=O)N)NCC(C(=O)N)N)C(=O)NC(C(C2=CN=CN2)OC3C(C(C(C(O3)CO)O)O)OC4C(C(C(C(O4)CO)O)OC(=O)N)O)C(=O)NC(C)C(C(C)C(=O)NC(C(C)O)C(=O)NCCC5=NC(=CS5)C6=NC(=CS6)C(=O)NCCC[S+](C)C)O
DB00291,C1=CC(=CC=C1CCCC(=O)O)N(CCCl)CCCl
DB00292,CCOC(=O)C1=CN=CN1C(C)C2=CC=CC=C2
DB00294,CCC12CC(=C)C3C(C1CCC2(C#C)O)CCC4=CC(=O)CCC34
DB00295,CN1CCC23C4C1CC5=C2C(=C(C=C5)O)OC3C(C=C4)O
DB00296,CCCN1CCCCC1C(=O)NC2=C(C=CC=C2C)C
DB00297,CCCCN1CCCCC1C(=O)NC2=C(C=CC=C2C)C
DB00302,C1CC(CCC1CN)C(=O)O
DB00303,CC1C2C(C(=O)N2C(=C1SC3CC(NC3)C(=O)NC4=CC=CC(=C4)C(=O)O)C(=O)O)C(C)O
DB00304,CCC12CC(=C)C3C(C1CCC2(C#C)O)CCC4=CCCCC34
DB00305,CC1=C(C(=O)C2=C(C1=O)N3CC4C(C3(C2COC(=O)N)OC)N4)N
DB00307,CC1=CC2=C(C=C1C(=C)C3=CC=C(C=C3)C(=O)O)C(CCC2(C)C)(C)C
DB00308,CCCCCCCN(CC)CCCC(C1=CC=C(C=C1)NS(=O)(=O)C)O
DB00310,C1=CC=C2C(=C1)C(=O)NC2(C3=CC(=C(C=C3)Cl)S(=O)(=O)N)O
DB00312,CCCC(C)C1(C(=O)NC(=O)NC1=O)CC
DB00313,CCCC(CCC)C(=O)O
DB00314,CC1C(=O)NC(C(=O)NC(=CNC(=O)N)C(=O)NC(C(=O)NCC(C(=O)N1)N)C2CCN=C(N2)N)CNC(=O)CC(CCCN)N.C1CN=C(NC1C2C(=O)NCC(C(=O)NC(C(=O)NC(C(=O)NC(=CNC(=O)N)C(=O)N2)CNC(=O)CC(CCCN)N)CO)N)N
DB00315,CN(C)CCC1=CNC2=C1C=C(C=C2)CC3COC(=O)N3
DB00316,CC(=O)NC1=CC=C(C=C1)O
DB00317,COC1=C(C=C2C(=C1)N=CN=C2NC3=CC(=C(C=C3)F)Cl)OCCCN4CCOCC4
DB00318,CN1CCC23C4C1CC5=C2C(=C(C=C5)OC)OC3C(C=C4)O
DB00319,CCN1CCN(C(=O)C1=O)C(=O)NC(C2=CC=CC=C2)C(=O)NC3C4N(C3=O)C(C(S4)(C)C)C(=O)O
DB00320,CC1(C(=O)N2C(C(=O)N3CCCC3C2(O1)O)CC4=CC=CC=C4)NC(=O)C5CC6C(CC7=CNC8=CC=CC6=C78)N(C5)C
DB00321,CN(C)CCC=C1C2=CC=CC=C2CCC3=CC=CC=C31
DB00322,C1C(C(OC1N2C=C(C(=O)NC2=O)F)CO)O
DB00323,CC1=CC=C(C=C1)C(=O)C2=CC(=C(C(=C2)O)O)[N+](=O)[O-]
DB00324,CC1CC2C3CCC(C3(CC(C2(C4(C1=CC(=O)C=C4)C)F)O)C)(C(=O)C)O
DB00325,[C-]#N.[C-]#N.[C-]#N.[C-]#N.[C-]#N.[N-]=O.[Fe+6]
DB00326,C(C(C(C(C(C(C(=O)[O-])O)O)O)O)O)O.C(C(C(C(C(C(C(=O)[O-])O)O)O)O)O)O.[Ca+2]
DB00327,CN1CCC23C4C1CC5=C2C(=C(C=C5)O)OC3C(=O)CC4
DB00328,CC1=C(C2=C(N1C(=O)C3=CC=C(C=C3)Cl)C=CC(=C2)OC)CC(=O)O
DB00330,CCC(CO)NCCNC(CC)CO
DB00331,CN(C)C(=N)N=C(N)N
DB00332,CC(C)[N+]1(C2CCC1CC(C2)OC(=O)C(CO)C3=CC=CC=C3)C
DB00333,CCC(=O)C(CC(C)N(C)C)(C1=CC=CC=C1)C2=CC=CC=C2
DB00334,CC1=CC2=C(S1)NC3=CC=CC=C3N=C2N4CCN(CC4)C
DB00335,CC(C)NCC(COC1=CC=C(C=C1)CC(=O)N)O
DB00337,CCC1C=C(CC(CC(C2C(CC(C(O2)(C(=O)C(=O)N3CCCCC3C(=O)OC(C(C(CC1=O)O)C)C(=CC4CCC(C(C4)OC)Cl)C)O)C)OC)OC)C)C
DB00338,CC1=CN=C(C(=C1OC)C)CS(=O)C2=NC3=C(N2)C=C(C=C3)OC
DB00339,C1=CN=C(C=N1)C(=O)N
DB00341,C1CN(CCN1CCOCC(=O)O)C(C2=CC=CC=C2)C3=CC=C(C=C3)Cl
DB00342,CC(C)(C)C1=CC=C(C=C1)C(CCCN2CCC(CC2)C(C3=CC=CC=C3)(C4=CC=CC=C4)O)O
DB00343,CC(=O)OC1C(SC2=CC=CC=C2N(C1=O)CCN(C)C)C3=CC=C(C=C3)OC
DB00344,CNCCCC1C2=CC=CC=C2C=CC3=CC=CC=C13
DB00346,CN(CCCNC(=O)C1CCCO1)C2=NC3=CC(=C(C=C3C(=N2)N)OC)OC
DB00347,CC1(C(=O)N(C(=O)O1)C)C
DB00348,C1CC(=O)C(C(=O)C1)C(=O)C2=C(C=C(C=C2)C(F)(F)F)[N+](=O)[O-]
DB00349,CN1C(=O)CC(=O)N(C2=C1C=CC(=C2)Cl)C3=CC=CC=C3
DB00350,C1CCN(CC1)C2=NC(=N)N(C(=C2)N)O
DB00351,CC1=C[C@@H]2[C@H](CC[C@]3([C@H]2CC[C@@]3(C(=O)C)OC(=O)C)C)[C@@]4(C1=CC(=O)CC4)C
DB00352,C1=NC2=C(N1)C(=S)N=C(N2)N
DB00353,CCC(CO)NC(=O)C1CN(C2CC3=CNC4=CC=CC(=C34)C2=C1)C
DB00355,CC1C(C(=O)N1S(=O)(=O)O)NC(=O)C(=NOC(C)(C)C(=O)O)C2=CSC(=N2)N
DB00356,C1=CC2=C(C=C1Cl)NC(=O)O2
DB00357,CCC1(CCC(=O)NC1=O)C2=CC=C(C=C2)N
DB00358,C1CCNC(C1)C(C2=CC(=NC3=C2C=CC=C3C(F)(F)F)C(F)(F)F)O
DB00359,C1=CN=C(N=C1)NS(=O)(=O)C2=CC=C(C=C2)N
DB00360,CC(C(C1CNC2=C(N1)C(=O)NC(=N2)N)O)O
DB00361,CCC1=CC2CC(C3=C(CN(C2)C1)C4=CC=CC=C4N3)(C5=C(C=C6C(=C5)C78CCN9C7C(C=CC9)(C(C(C8N6C)(C(=O)OC)O)OC(=O)C)CC)OC)C(=O)OC
DB00362,CCCCCOC1=CC=C(C=C1)C2=CC=C(C=C2)C3=CC=C(C=C3)C(=O)NC4CC(C(NC(=O)C5C(C(CN5C(=O)C(NC(=O)C(NC(=O)C6CC(CN6C(=O)C(NC4=O)C(C)O)O)C(C(C7=CC=C(C=C7)O)O)O)C(C)O)C)O)O)O
DB00363,CN1CCN(CC1)C2=NC3=C(C=CC(=C3)Cl)NC4=CC=CC=C42
DB00364,C(C1C(C(C(C(O1)OC2(C(C(C(O2)COS(=O)(=O)O[Al])OS(=O)(=O)O[Al])OS(=O)(=O)O[Al])COS(=O)(=O)O[Al])OS(=O)(=O)O[Al])OS(=O)(=O)O[Al])OS(=O)(=O)O[Al])OS(=O)(=O)O[Al].O.O.O.O.O.O.O.O.O.O.O.O.O.O.O.O.O.O.O.O.[Al]
DB00365,CC1CN(CCN1)C2=C(C(=C3C(=C2)N(C=C(C3=O)C(=O)O)C4CC4)C)F
DB00366,CC(C1=CC=CC=C1)(C2=CC=CC=N2)OCCN(C)C
DB00367,CCC12CCC3C(C1CCC2(C#C)O)CCC4=CC(=O)CCC34
DB00368,C1=CC(=C(C=C1C(CN)O)O)O
DB00369,C1=CN(C(=O)N=C1N)CC(CO)OCP(=O)(O)O
DB00370,CN1CCN2C(C1)C3=CC=CC=C3CC4=C2N=CC=C4
DB00371,CCCC(C)(COC(=O)N)COC(=O)N
DB00372,CCSC1=CC2=C(C=C1)SC3=CC=CC=C3N2CCCN4CCN(CC4)C
DB00373,CC(C)(C)NCC(COC1=NSN=C1N2CCOCC2)O
DB00374,CCCCCC(CCC1C(CC2C1CC3=C(C2)C(=CC=C3)OCC(=O)O)O)O
DB00375,C1C(O1)CCl.C(CNCCNCCNCCN)N
DB00376,C1CCC(CC1)C(CCN2CCCCC2)(C3=CC=CC=C3)O
DB00377,C1CC2CN(C(=O)C3=CC=CC(=C23)C1)C4CN5CCC4CC5
DB00379,CC1=C(C(=CC=C1)C)OCC(C)N
DB00380,CC(CN1CC(=O)NC(=O)C1)N2CC(=O)NC(=O)C2
DB00381,CCOC(=O)C1=C(NC(=C(C1C2=CC=CC=C2Cl)C(=O)OC)C)COCCN
DB00382,C1CCC2=NC3=CC=CC=C3C(=C2C1)N
DB00384,C1=CC=C(C=C1)C2=NC3=C(N=C(N=C3N=C2N)N)N
DB00385,CCCCC(=O)OCC(=O)C1(CC(C2=C(C1)C(=C3C(=C2O)C(=O)C4=C(C3=O)C=CC=C4OC)O)OC5CC(C(C(O5)C)O)NC(=O)C(F)(F)F)O
DB00387,C1CCC(CC1)C(CCN2CCCC2)(C3=CC=CC=C3)O
DB00388,CNCC(C1=CC(=CC=C1)O)O
DB00390,CC1C(C(CC(O1)OC2C(OC(CC2O)OC3C(OC(CC3O)OC4CCC5(C(C4)CCC6C5CC(C7(C6(CCC7C8=CC(=O)OC8)O)C)O)C)C)C)O)O
DB00393,CC1=C(C(C(=C(N1)C)C(=O)OC(C)C)C2=CC(=CC=C2)[N+](=O)[O-])C(=O)OCCOC
DB00394,CCC(=O)OCC(=O)[C@]1([C@H](C[C@@H]2[C@@]1(C[C@@H]([C@]3([C@H]2CCC4=CC(=O)C=C[C@@]43C)Cl)O)C)C)OC(=O)CC
DB00395,CCCC(C)(COC(=O)N)COC(=O)NC(C)C
DB00396,CC(=O)C1CCC2C1(CCC3C2CCC4=CC(=O)CCC34C)C
DB00397,CC(C(C1=CC=CC=C1)O)N
DB00398,CNC(=O)C1=NC=CC(=C1)OC2=CC=C(C=C2)NC(=O)NC3=CC(=C(C=C3)Cl)C(F)(F)F
DB00399,C1=CN(C=N1)CC(O)(P(=O)(O)O)P(=O)(O)O
DB00400,CC1CC(=O)C=C(C12C(=O)C3=C(O2)C(=C(C=C3OC)OC)Cl)OC
DB00401,CC1=C(C(C(=C(N1)C)C(=O)OCC(C)C)C2=CC=CC=C2[N+](=O)[O-])C(=O)OC
DB00402,CN1CCN(CC1)C(=O)OC2C3=NC=CN=C3C(=O)N2C4=NC=C(C=C4)Cl
DB00404,CC1=NN=C2N1C3=C(C=C(C=C3)Cl)C(=NC2)C4=CC=CC=C4
DB00405,CN(C)CCC(C1=CC=C(C=C1)Br)C2=CC=CC=N2
DB00407,CC(=O)NC1C(C(C(OC1O)COS(=O)(=O)O)OC2C(C(C(C(O2)C(=O)O)OC3C(C(C(C(O3)CO)OC4C(C(C(C(O4)C(=O)O)O)O)OS(=O)(=O)O)OS(=O)(=O)O)NS(=O)(=O)O)O)OS(=O)(=O)O)O
DB00408,CN1CCN(CC1)C2=NC3=CC=CC=C3OC4=C2C=C(C=C4)Cl
DB00411,C[N+](C)(C)CCOC(=O)N
DB00412,CN(CCOC1=CC=C(C=C1)CC2C(=O)NC(=O)S2)C3=CC=CC=N3
DB00413,CCCNC1CCC2=C(C1)SC(=N2)N
DB00414,CC(=O)C1=CC=C(C=C1)S(=O)(=O)NC(=O)NC2CCCCC2
DB00415,CC1(C(N2C(S1)C(C2=O)NC(=O)C(C3=CC=CC=C3)N)C(=O)O)C
DB00417,CC1(C(N2C(S1)C(C2=O)NC(=O)COC3=CC=CC=C3)C(=O)O)C
DB00418,CCCC(C)C1(C(=O)NC(=O)NC1=O)CC=C
DB00420,CN(C)CCCN1C2=CC=CC=C2SC3=CC=CC=C31
DB00421,CC(=O)SC1CC2=CC(=O)CCC2(C3C1C4CCC5(C4(CC3)C)CCC(=O)O5)C
DB00422,COC(=O)C(C1CCCCN1)C2=CC=CC=C2
DB00423,COC1=CC=CC=C1OCC(COC(=O)N)O
DB00424,CN1C2CCC1CC(C2)OC(=O)C(CO)C3=CC=CC=C3
DB00425,CC1=CC=C(C=C1)C2=C(N3C=C(C=CC3=N2)C)CC(=O)N(C)C
DB00426,CC(=O)OCC(CCN1C=NC2=CN=C(N=C21)N)COC(=O)C
DB00427,CC1=CC=C(C=C1)C(=CCN2CCCC2)C3=CC=CC=N3
DB00428,CN(C(=O)NC1C(C(C(OC1O)CO)O)O)N=O
DB00431,C1(C(C(C(C(C1Cl)Cl)Cl)Cl)Cl)Cl
DB00432,C1C(C(OC1N2C=C(C(=O)NC2=O)C(F)(F)F)CO)O
DB00433,CN1CCN(CC1)CCCN2C3=CC=CC=C3SC4=C2C=C(C=C4)Cl
DB00434,CN1CCC(=C2C3=CC=CC=C3C=CC4=CC=CC=C42)CC1
DB00435,[N]=O
DB00436,C1=CC=C(C=C1)CC2NC3=C(C=C(C(=C3)C(F)(F)F)S(=O)(=O)N)S(=O)(=O)N2
DB00437,C1=NNC2=C1C(=O)NC=N2
DB00438,CC(C)(C(=O)O)ON=C(C1=CSC(=N1)N)C(=O)NC2C3N(C2=O)C(=C(CS3)C[N+]4=CC=CC=C4)C(=O)[O-]
DB00439,CC(C)C1=C(C(=C(C(=N1)C(C)C)COC)C2=CC=C(C=C2)F)C=CC(CC(CC(=O)O)O)O
DB00440,COC1=CC(=CC(=C1OC)OC)CC2=CN=C(N=C2N)N
DB00441,C1=CN(C(=O)N=C1N)C2C(C(C(O2)CO)O)(F)F
DB00442,C=C1C(CC(C1CO)O)N2C=NC3=C2N=C(NC3=O)N
DB00443,CC1CC2C3CCC4=CC(=O)C=CC4(C3(C(CC2(C1(C(=O)CO)O)C)O)F)C
DB00444,COC1=CC(=CC(=C1O)OC)C2C3C(COC3=O)C(C4=CC5=C(C=C24)OCO5)OC6C(C(C7C(O6)COC(O7)C8=CC=CS8)O)O
DB00445,CC1C(C(CC(O1)OC2CC(CC3=C2C(=C4C(=C3O)C(=O)C5=C(C4=O)C(=CC=C5)OC)O)(C(=O)CO)O)N)O
DB00446,C1=CC(=CC=C1C(C(CO)NC(=O)C(Cl)Cl)O)[N+](=O)[O-]
DB00447,C1CC(=C(N2C1C(C2=O)NC(=O)C(C3=CC=CC=C3)N)C(=O)O)Cl
DB00448,CC1=C(C=CN=C1CS(=O)C2=NC3=CC=CC=C3N2)OCC(F)(F)F
DB00449,CC(C)(C)C(=O)OC1=C(C=C(C=C1)C(CNC)O)OC(=O)C(C)(C)C
DB00450,C1CN(CC=C1N2C3=CC=CC=C3NC2=O)CCCC(=O)C4=CC=C(C=C4)F
DB00451,C1=C(C=C(C(=C1I)OC2=CC(=C(C(=C2)I)O)I)I)CC(C(=O)O)N
DB00454,CCOC(=O)C1(CCN(CC1)C)C2=CC=CC=C2
DB00455,CCOC(=O)N1CCC(=C2C3=C(CCC4=C2N=CC=C4)C=C(C=C3)Cl)CC1
DB00456,CC(=O)OCC1=C(N2C(C(C2=O)NC(=O)CC3=CC=CS3)SC1)C(=O)O
DB00457,COC1=C(C=C2C(=C1)C(=NC(=N2)N3CCN(CC3)C(=O)C4=CC=CO4)N)OC
DB00458,CN(C)CCCN1C2=CC=CC=C2CCC3=CC=CC=C31
DB00459,CC1=CC(=C(C(=C1C=CC(=CC=CC(=CC(=O)O)C)C)C)C)OC
DB00460,CC1=C(C2=CC3=NC(=CC4=C(C(=C(N4)C=C5C6(C(C(=CC=C6C(=N5)C=C1N2)C(=O)OC)C(=O)OC)C)C)CCC(=O)OC)C(=C3C)CCC(=O)O)C=C.CC1=C(C2=CC3=NC(=CC4=C(C(=C(N4)C=C5C6(C(C(=CC=C6C(=N5)C=C1N2)C(=O)OC)C(=O)OC)C)C)CCC(=O)O)C(=C3C)CCC(=O)OC)C=C
DB00461,CC(=O)CCC1=CC2=C(C=C1)C=C(C=C2)OC
DB00465,C1CN2C(=CC=C2C(=O)C3=CC=CC=C3)C1C(=O)O
DB00467,CCN1C=C(C(=O)C2=CC(=C(N=C21)N3CCNCC3)F)C(=O)O
DB00468,COC1=CC2=C(C=CN=C2C=C1)C(C3CC4CCN3CC4C=C)O
DB00470,CCCCCC1=CC(=C2C3C=C(CCC3C(OC2=C1)(C)C)C)O
DB00471,CC(C)(C1=CC=CC=C1CCC(C2=CC=CC(=C2)C=CC3=NC4=C(C=CC(=C4)Cl)C=C3)SCC5(CC5)CC(=O)O)O
DB00472,CNCCC(C1=CC=CC=C1)OC2=CC=C(C=C2)C(F)(F)F
DB00474,CCC#CC(C)C1(C(=O)NC(=O)N(C1=O)C)CC=C
DB00475,CN=C1CN(C(=C2C=C(C=CC2=N1)Cl)C3=CC=CC=C3)O
DB00476,CNCCC(C1=CC=CS1)OC2=CC=CC3=CC=CC=C32
DB00477,CN(C)CCCN1C2=CC=CC=C2SC3=C1C=C(C=C3)Cl
DB00478,CC(C12CC3CC(C1)CC(C3)C2)N
DB00479,C1C(C(C(C(C1NC(=O)C(CCN)O)OC2C(C(C(C(O2)CO)O)N)O)O)OC3C(C(C(C(O3)CN)O)O)O)N
DB00480,C1CC(=O)NC(=O)C1N2CC3=C(C2=O)C=CC=C3N
DB00481,C1CCN(CC1)CCOC2=CC=C(C=C2)C(=O)C3=C(SC4=C3C=CC(=C4)O)C5=CC=C(C=C5)O
DB00482,CC1=CC=C(C=C1)C2=CC(=NN2C3=CC=C(C=C3)S(=O)(=O)N)C(F)(F)F
DB00484,C1CN=C(N1)NC2=C(C3=NC=CN=C3C=C2)Br
DB00485,CC1=C(C(=NO1)C2=C(C=CC=C2Cl)Cl)C(=O)NC3C4N(C3=O)C(C(S4)(C)C)C(=O)O
DB00486,CCCCCCC(C)(C)C1=CC(=C2C3CC(=O)CCC3C(OC2=C1)(C)C)O
DB00488,CN(C)C1=NC(=NC(=N1)N(C)C)N(C)C
DB00489,CC(C)NCC(C1=CC=C(C=C1)NS(=O)(=O)C)O
DB00490,C1CCC2(C1)CC(=O)N(C(=O)C2)CCCCN3CCN(CC3)C4=NC=CC=N4
DB00491,C1C(C(C(C(N1CCO)CO)O)O)O
DB00492,CCC(=O)OC(C(C)C)OP(=O)(CCCCC1=CC=CC=C1)CC(=O)N2CC(CC2C(=O)O)C3CCCCC3
DB00493,CC(=O)OCC1=C(N2C(C(C2=O)NC(=O)C(=NOC)C3=CSC(=N3)N)SC1)C(=O)O
DB00494,CCN(CC)C(=O)C(=CC1=CC(=C(C(=C1)O)O)[N+](=O)[O-])C#N
DB00495,CC1=CN(C(=O)NC1=O)C2CC(C(O2)CO)N=[N+]=[N-]
DB00496,C1CN(CC1C(C2=CC=CC=C2)(C3=CC=CC=C3)C(=O)N)CCC4=CC5=C(C=C4)OCC5
DB00497,CN1CCC23C4C(=O)CCC2(C1CC5=C3C(=C(C=C5)OC)O4)O
DB00499,CC(C)C(=O)NC1=CC(=C(C=C1)[N+](=O)[O-])C(F)(F)F
DB00500,CC1=CC=C(C=C1)C(=O)C2=CC=C(N2C)CC(=O)O
DB00501,CC1=C(N=CN1)CSCCNC(=NC)NC#N
DB00502,C1CN(CCC1(C2=CC=C(C=C2)Cl)O)CCCC(=O)C3=CC=C(C=C3)F
DB00503,CC(C)C1=NC(=CS1)CN(C)C(=O)NC(C(C)C)C(=O)NC(CC2=CC=CC=C2)CC(C(CC3=CC=CC=C3)NC(=O)OCC4=CN=CS4)O
DB00507,CC(=O)OC1=CC=CC=C1C(=O)NC2=NC=C(S2)[N+](=O)[O-]
DB00508,CN(C)CCCN1C2=CC=CC=C2SC3=C1C=C(C=C3)C(F)(F)F
DB00509,C1=C(C=C(C(=C1I)OC2=CC(=C(C(=C2)I)O)I)I)C[C@H](C(=O)O)N
DB00512,CC1C(C(CC(O1)OC2C(C(C(OC2OC3=C4C=C5C=C3OC6=C(C=C(C=C6)C(C(C(=O)NC(C(=O)NC5C(=O)NC7C8=CC(=C(C=C8)O)C9=C(C=C(C=C9O)O)C(NC(=O)C(C(C1=CC(=C(O4)C=C1)Cl)O)NC7=O)C(=O)O)CC(=O)N)NC(=O)C(CC(C)C)NC)O)Cl)CO)O)O)(C)N)O
DB00513,C(CCC(=O)O)CCN
DB00514,CN1CCC23CCCCC2C1CC4=C3C=C(C=C4)OC
DB00515,N.N.Cl[Pt]Cl
DB00518,CCCSC1=CC2=C(C=C1)N=C(N2)NC(=O)OC
DB00519,CCOC(=O)C(CCC1=CC=CC=C1)NC(C)C(=O)N2C3CCCCC3CC2C(=O)O
DB00520,CCC(C)CC(C)CCCCCCCCC(=O)NC1CC(C(NC(=O)C2C(CCN2C(=O)C(NC(=O)C(NC(=O)C3CC(CN3C(=O)C(NC1=O)C(C)O)O)C(C(C4=CC=C(C=C4)O)O)O)C(CCN)O)O)NCCN)O
DB00521,CC(C)(C)NCC(COC1=CC=CC2=C1CCC(=O)N2)O
DB00523,CC1=C(C(CCC1)(C)C)C=CC(=CC=CC(=CC(=O)O)C)C
DB00524,CC1NC2=CC(=C(C=C2C(=O)N1C3=CC=CC=C3C)S(=O)(=O)N)Cl
DB00526,C1CCC(C(C1)[NH-])[NH-].C(=O)(C(=O)O)O.[Pt+2]
DB00527,CCCCOC1=NC2=CC=CC=C2C(=C1)C(=O)NCCN(CC)CC
DB00529,C(=O)(O)P(=O)(O)O
DB00530,COCCOC1=C(C=C2C(=C1)C(=NC=N2)NC3=CC=CC(=C3)C#C)OCCOC
DB00531,C1CNP(=O)(OC1)N(CCCl)CCCl
DB00532,CCC1(C(=O)N(C(=O)N1)C)C2=CC=CC=C2
DB00533,CS(=O)(=O)C1=CC=C(C=C1)C2=C(C(=O)OC2)C3=CC=CC=C3
DB00535,C=CC1=C(N2C(C(C2=O)NC(=O)C(=NO)C3=CSC(=N3)N)SC1)C(=O)O
DB00536,C(=N)(N)N
DB00537,C1CC1N2C=C(C(=O)C3=CC(=C(C=C32)N4CCNCC4)F)C(=O)O
DB00538,COCCNC(=O)CN(CCN(CCN(CC(=O)NCCOC)CC(=O)[O-])CC(=O)[O-])CC(=O)[O-].[Gd+3]
DB00539,CN(C)CCOC1=CC=C(C=C1)C(=C(CCCl)C2=CC=CC=C2)C3=CC=CC=C3
DB00540,CNCCC=C1C2=CC=CC=C2CCC3=CC=CC=C31
DB00541,CCC1(CC2CC(C3=C(CCN(C2)C1)C4=CC=CC=C4N3)(C5=C(C=C6C(=C5)C78CCN9C7C(C=CC9)(C(C(C8N6C=O)(C(=O)OC)O)OC(=O)C)CC)OC)C(=O)OC)O
DB00542,CCOC(=O)C(CCC1=CC=CC=C1)NC2CCC3=CC=CC=C3N(C2=O)CC(=O)O
DB00543,C1CN(CCN1)C2=NC3=CC=CC=C3OC4=C2C=C(C=C4)Cl
DB00544,C1=C(C(=O)NC(=O)N1)F
DB00545,C[N+]1=CC=CC(=C1)OC(=O)N(C)C
DB00547,CC1CC2C3CCC4=CC(=O)C=CC4(C3(C(CC2(C1C(=O)CO)C)O)F)C
DB00548,C(CCCC(=O)O)CCCC(=O)O
DB00549,CC1=CC=CC=C1S(=O)(=O)NC(=O)C2=CC(=C(C=C2)CC3=CN(C4=C3C=C(C=C4)NC(=O)OC5CCCC5)C)OC
DB00550,CCCC1=CC(=O)NC(=S)N1
DB00551,CC(=O)NO
DB00552,C1C(C(OC1N2C=NC3=C2NC=NCC3O)CO)O
DB00553,COC1=C2C(=CC3=C1OC=C3)C=CC(=O)O2
DB00554,CN1C(=C(C2=CC=CC=C2S1(=O)=O)O)C(=O)NC3=CC=CC=N3
DB00555,C1=CC(=C(C(=C1)Cl)Cl)C2=C(N=C(N=N2)N)N
DB00556,C(C(F)(F)F)(C(F)(F)F)(F)F
DB00557,C1CN(CCN1CCOCCO)C(C2=CC=CC=C2)C3=CC=C(C=C3)Cl
DB00558,CC(=O)NC1C(C=C(OC1C(C(CO)O)O)C(=O)O)N=C(N)N
DB00559,CC(C)(C)C1=CC=C(C=C1)S(=O)(=O)NC2=C(C(=NC(=N2)C3=NC=CC=N3)OCCO)OC4=CC=CC=C4OC
DB00560,CC(C)(C)NCC(=O)NC1=CC(=C2CC3CC4C(C(=O)C(=C(C4(C(=O)C3=C(C2=C1O)O)O)O)C(=O)N)N(C)C)N(C)C
DB00561,CCN1CC(C(C1=O)(C2=CC=CC=C2)C3=CC=CC=C3)CCN4CCOCC4
DB00562,C1=CC=C(C=C1)CSCC2=NS(=O)(=O)C3=CC(=C(C=C3N2)Cl)S(=O)(=O)N
DB00563,CN(CC1=CN=C2C(=N1)C(=NC(=N2)N)N)C3=CC=C(C=C3)C(=O)NC(CCC(=O)O)C(=O)O
DB00564,C1=CC=C2C(=C1)C=CC3=CC=CC=C3N2C(=O)N
DB00565,C[N+]1(CCC2=CC(=C(C=C2C1CC3=CC(=C(C=C3)OC)OC)OC)OC)CCC(=O)OCCCCCOC(=O)CC[N+]4(CCC5=CC(=C(C=C5C4CC6=CC(=C(C=C6)OC)OC)OC)OC)C
DB00567,CC1=C(N2C(C(C2=O)NC(=O)C(C3=CC=CC=C3)N)SC1)C(=O)O
DB00569,CO[C@@H]1[C@@H]([C@H]([C@@H]([C@H](O1)COS(=O)(=O)O)O[C@H]2[C@@H]([C@H]([C@@H]([C@@H](O2)C(=O)O)O[C@@H]3[C@@H]([C@H]([C@@H]([C@H](O3)COS(=O)(=O)O)O[C@H]4[C@@H]([C@H]([C@@H]([C@H](O4)C(=O)O)O[C@@H]5[C@@H]([C@H]([C@@H]([C@H](O5)COS(=O)(=O)O)O)O)NS(=O)(=O)O)O)O)OS(=O)(=O)O)NS(=O)(=O)O)O)OS(=O)(=O)O)O)NS(=O)(=O)O
DB00570,CCC1(CC2CC(C3=C(CCN(C2)C1)C4=CC=CC=C4N3)(C5=C(C=C6C(=C5)C78CCN9C7C(C=CC9)(C(C(C8N6C)(C(=O)OC)O)OC(=O)C)CC)OC)C(=O)OC)O
DB00571,CC(C)NCC(COC1=CC=CC2=CC=CC=C21)O
DB00572,CN1C2CCC1CC(C2)OC(=O)C(CO)C3=CC=CC=C3
DB00573,CC(C1=CC(=CC=C1)OC2=CC=CC=C2)C(=O)O
DB00574,CCNC(C)CC1=CC(=CC=C1)C(F)(F)F
DB00575,C1CN=C(N1)NC2=C(C=CC=C2Cl)Cl
DB00576,CC1=NN=C(S1)NS(=O)(=O)C2=CC=C(C=C2)N
DB00577,CC(C)C(C(=O)OCCOCN1C=NC2=C1N=C(NC2=O)N)N
DB00578,CC1(C(N2C(S1)C(C2=O)NC(=O)C(C3=CC=CC=C3)C(=O)O)C(=O)O)C
DB00579,C1CN2C(=N1)C3=CC=CC=C3C2(C4=CC=C(C=C4)Cl)O
DB00580,CC1=C(C(=NO1)C2=CC=CC=C2)C3=CC=C(C=C3)S(=O)(=O)N
DB00581,C(C1C(C(C(C(O1)OC2C(OC(C2O)(CO)O)CO)O)O)O)O
DB00582,CC(C1=NC=NC=C1F)C(CN2C=NC=N2)(C3=C(C=C(C=C3)F)F)O
DB00583,C[N+](C)(C)CC(CC(=O)[O-])O
DB00584,CCOC(=O)C(CCC1=CC=CC=C1)NC(C)C(=O)N2CCCC2C(=O)O
DB00585,CNC(=C[N+](=O)[O-])NCCSCC1=CSC(=N1)CN(C)C
DB00586,C1=CC=C(C(=C1)CC(=O)O)NC2=C(C=CC=C2Cl)Cl
DB00590,COC1=C(C=C2C(=C1)C(=NC(=N2)N3CCN(CC3)C(=O)C4COC5=CC=CC=C5O4)N)OC
DB00592,C1CNCCN1
DB00593,CCC1(CC(=O)NC1=O)C
DB00594,C1(=C(N=C(C(=N1)Cl)N)N)C(=O)N=C(N)N
DB00595,CC1(C2C(C3C(C(=O)C(=C(C3(C(=O)C2=C(C4=C1C=CC=C4O)O)O)O)C(=O)N)N(C)C)O)O
DB00596,C[C@H]1C[C@H]2[C@@H]3C[C@@H](C4=CC(=O)C=C[C@@]4([C@]3([C@H](C[C@@]2([C@]1(C(=O)CCl)O)C)O)F)C)F
DB00597,CC(CN1CCN(CCN(CCN(CC1)CC(=O)[O-])CC(=O)[O-])CC(=O)[O-])O.[Gd+3]
DB00598,CC(CCC1=CC=CC=C1)NCC(C2=CC(=C(C=C2)O)C(=O)N)O
DB00599,CCCC(C)C1(C(=O)NC(=S)NC1=O)CC
DB00601,CC(=O)NCC1CN(C(=O)O1)C2=CC(=C(C=C2)N3CCOCC3)F
DB00602,CCC(C)C1C(CCC2(O1)CC3CC(O2)CC=C(C(C(C=CC=C4COC5C4(C(C=C(C5O)C)C(=O)O3)O)C)OC6CC(C(C(O6)C)OC7CC(C(C(O7)C)O)OC)OC)C)C
DB00603,C[C@H]1C[C@@H]2[C@H](CC[C@]3([C@H]2CC[C@@]3(C(=O)C)OC(=O)C)C)[C@@]4(C1=CC(=O)CC4)C
DB00604,COC1CN(CCC1NC(=O)C2=CC(=C(C=C2OC)N)Cl)CCCOC3=CC=C(C=C3)F
DB00605,CC1=C(C2=C(C1=CC3=CC=C(C=C3)S(=O)C)C=CC(=C2)F)CC(=O)O
DB00607,CCOC1=C(C2=CC=CC=C2C=C1)C(=O)NC3C4N(C3=O)C(C(S4)(C)C)C(=O)O
DB00608,CCN(CC)CCCC(C)NC1=C2C=CC(=CC2=NC=C1)Cl
DB00609,CCC1=NC=CC(=C1)C(=S)N
DB00610,CC(C(C1=CC(=CC=C1)O)O)N
DB00611,C1CCC2(C3CC4=C(C2(C1)CCN3CC5CCC5)C=C(C=C4)O)O
DB00612,CC(C)NCC(COC1=CC=C(C=C1)COCCOC(C)C)O
DB00615,CC1C=CC=C(C(=O)N=C2C(=C3C(=C4C2=NC5(N4)CCN(CC5)CC(C)C)C6=C(C(=C3O)C)OC(C6=O)(OC=CC(C(C(C(C(C(C1O)C)O)C)OC(=O)C)C)OC)C)O)C
DB00617,CCC1(C(=O)N(C(=O)O1)C)C
DB00618,CN(C)C1C2CC3C(C4=C(C=CC(=C4C(=C3C(=O)C2(C(=C(C1=O)C(=O)N)O)O)O)O)Cl)O
DB00619,CC1=C(C=C(C=C1)NC(=O)C2=CC=C(C=C2)CN3CCN(CC3)C)NC4=NC=CC(=N4)C5=CN=CC=C5
DB00620,CC12CC(C3(C(C1CC(C2(C(=O)CO)O)O)CCC4=CC(=O)C=CC43C)F)O
DB00621,CC12CCC3C(C1CCC2(C)O)CCC4C3(COC(=O)C4)C
DB00622,CC1=C(C(C(=C(N1)C)C(=O)OCCN(C)CC2=CC=CC=C2)C3=CC(=CC=C3)[N+](=O)[O-])C(=O)OC
DB00623,C1CN(CCN1CCCN2C3=CC=CC=C3SC4=C2C=C(C=C4)C(F)(F)F)CCO
DB00624,CC12CCC3C(C1CCC2O)CCC4=CC(=O)CCC34C
DB00625,C1CC1C#CC2(C3=C(C=CC(=C3)Cl)NC(=O)O2)C(F)(F)F
DB00626,CCC(C)C1C(=O)NC(C(=O)NC(C(=O)NC(C(=O)NC(C(=O)NCCCCC(C(=O)NC(C(=O)N1)CCCN)NC(=O)C(C(C)CC)NC(=O)C(CCC(=O)O)NC(=O)C(CC(C)C)NC(=O)C2CSC(=N2)C(C(C)CC)N)CC(=O)N)CC(=O)O)CC3=CN=CN3)CC4=CC=CC=C4
DB00627,C1=CC(=CN=C1)C(=O)O
DB00628,C1=CC=C(C=C1)C2=NC(C(=O)NC3=C2C=C(C=C3)Cl)C(=O)O
DB00629,C1=CC(=C(C(=C1)Cl)C=NN=C(N)N)Cl
DB00630,C(CC(O)(P(=O)(O)O)P(=O)(O)O)CN
DB00631,C1=NC2=C(N=C(N=C2N1C3C(C(C(O3)CO)O)F)Cl)N
DB00633,CC1=C(C(=CC=C1)C(C)C2=CN=CN2)C
DB00634,CC(=O)NS(=O)(=O)C1=CC=C(C=C1)N
DB00635,CC12CC(=O)C3C(C1CCC2(C(=O)CO)O)CCC4=CC(=O)C=CC34C
DB00636,CCOC(=O)C(C)(C)OC1=CC=C(C=C1)Cl
DB00637,COC1=CC=C(C=C1)CCN2CCC(CC2)NC3=NC4=CC=CC=C4N3CC5=CC=C(C=C5)F
DB00638,C(C1C(C(C(C(O1)OC2(C(C(C(O2)CO)O)O)COC3(C(C(C(O3)CO)O)O)COC4(C(C(C(O4)CO)O)O)COC5(C(C(C(O5)CO)O)O)COC6(C(C(C(O6)CO)O)O)COC7(C(C(C(O7)CO)O)O)COC8(C(C(C(O8)CO)O)O)COC9(C(C(C(O9)CO)O)O)COC1(C(C(C(O1)CO)O)O)COC1(C(C(C(O1)CO)O)O)COC1(C(C(C(O1)CO)O)O)COC1(C(C(C(O1)CO)O)O)COC1(C(C(C(O1)CO)O)O)COC1(C(C(C(O1)CO)O)O)COC1(C(C(C(O1)CO)O)O)COC1(C(C(C(O1)CO)O)O)COC1(C(C(C(O1)CO)O)O)COC1(C(C(C(O1)CO)O)O)COC1(C(C(C(O1)CO)O)O)COC1(C(C(C(O1)CO)O)O)COC1(C(C(C(O1)CO)O)O)COC1(C(C(C(O1)CO)O)O)COC1(C(C(C(O1)CO)O)O)COC1(C(C(C(O1)CO)O)O)COC1(C(C(C(O1)CO)O)O)COC1(C(C(C(O1)CO)O)O)COC1(C(C(C(O1)CO)O)O)COC1(C(C(C(O1)CO)O)O)COC1(C(C(C(O1)CO)O)O)COC1(C(C(C(O1)CO)O)O)COC1(C(C(C(O1)CO)O)O)COC1(C(C(C(O1)CO)O)O)COC1(C(C(C(O1)CO)O)O)COC1(C(C(C(O1)CO)O)O)COC1(C(C(C(O1)CO)O)O)COC1(C(C(C(O1)CO)O)O)COC1(C(C(C(O1)CO)O)O)CO)O)O)O)O
DB00640,C1=NC(=C2C(=N1)N(C=N2)C3C(C(C(O3)CO)O)O)N
DB00641,CCC(C)(C)C(=O)OC1CC(C=C2C1C(C(C=C2)C)CCC3CC(CC(=O)O3)O)C
DB00642,C1=CC(=CC=C1CCC2=CNC3=C2C(=O)NC(=N3)N)C(=O)NC(CCC(=O)O)C(=O)O
DB00643,COC(=O)NC1=NC2=C(N1)C=C(C=C2)C(=O)C3=CC=CC=C3
DB00644,CC(C)CC(C(=O)NC(CCCN=C(N)N)C(=O)N1CCCC1C(=O)NCC(=O)N)NC(=O)CNC(=O)C(CC2=CC=C(C=C2)O)NC(=O)C(CO)NC(=O)C(CC3=CNC4=CC=CC=C43)NC(=O)C(CC5=CN=CN5)NC(=O)C6CCC(=O)N6
DB00647,CCC(=O)OC(CC1=CC=CC=C1)(C2=CC=CC=C2)C(C)CN(C)C
DB00648,C1=CC=C(C(=C1)C(C2=CC=C(C=C2)Cl)C(Cl)Cl)Cl
DB00649,CC1=CN(C(=O)NC1=O)C2C=CC(O2)CO
DB00650,C1C(N(C2=C(N1)N=C(NC2=O)N)C=O)CNC3=CC=C(C=C3)C(=O)NC(CCC(=O)O)C(=O)O
DB00651,CN1C2=C(C(=O)N(C1=O)C)N(C=N2)CC(CO)O
DB00652,CC1C2CC3=C(C1(CCN2CC=C(C)C)C)C=C(C=C3)O
DB00653,[O-]S(=O)(=O)[O-].[Mg+2]
DB00654,CC(C)OC(=O)CCCC=CCC1C(CC(C1CCC(CCC2=CC=CC=C2)O)O)O
DB00655,CC12CCC3C(C1CCC2=O)CCC4=C3C=CC(=C4)O
DB00656,C1CN(CCN1CCCN2C(=O)N3C=CC=CC3=N2)C4=CC(=CC=C4)Cl
DB00657,CC1(C2CCC(C2)C1(C)NC)C
DB00658,C=CCN.C1C(O1)CCl
DB00660,CC1=CC(=CC(=C1)OCC2CNC(=O)O2)C
DB00661,CC(C)C(CCCN(C)CCC1=CC(=C(C=C1)OC)OC)(C#N)C2=CC(=C(C=C2)OC)OC
DB00662,CN(C)CCOC1=CC=C(C=C1)CNC(=O)C2=CC(=C(C(=C2)OC)OC)OC
DB00665,CC1(C(=O)N(C(=O)N1)C2=CC(=C(C=C2)[N+](=O)[O-])C(F)(F)F)C
DB00668,CNCC(C1=CC(=C(C=C1)O)O)O
DB00669,CNS(=O)(=O)CC1=CC2=C(C=C1)NC=C2CCN(C)C
DB00671,C=CC1=C(N2C(C(C2=O)NC(=O)C(=NOCC(=O)O)C3=CSC(=N3)N)SC1)C(=O)O
DB00672,CCCNC(=O)NS(=O)(=O)C1=CC=C(C=C1)Cl
DB00673,CC(C1=CC(=CC(=C1)C(F)(F)F)C(F)(F)F)OC2C(N(CCO2)CC3=NNC(=O)N3)C4=CC=C(C=C4)F
DB00674,CN1CCC23C=CC(CC2OC4=C(C=CC(=C34)C1)OC)O
DB00675,CCC(=C(C1=CC=CC=C1)C2=CC=C(C=C2)OCCN(C)C)C3=CC=CC=C3
DB00677,CC(C)OP(=O)(OC(C)C)F
DB00678,CCCCC1=NC(=C(N1CC2=CC=C(C=C2)C3=CC=CC=C3C4=NNN=N4)CO)Cl
DB00679,CN1CCCCC1CCN2C3=CC=CC=C3SC4=C2C=C(C=C4)SC
DB00680,CCOC(=O)NC1=CC2=C(C=C1)SC3=CC=CC=C3N2C(=O)CCN4CCOCC4
DB00681,CC1C=CC=CC=CC=CC=CC=CC=CC(CC2C(C(CC(O2)(CC(CC(C(CCC(CC(CC(=O)OC(C(C1O)C)C)O)O)O)O)O)O)O)C(=O)O)OC3C(C(C(C(O3)C)O)N)O
DB00682,CC(=O)CC(C1=CC=CC=C1)C2=C(C3=CC=CC=C3OC2=O)O
DB00683,CC1=NC=C2N1C3=C(C=C(C=C3)Cl)C(=NC2)C4=CC=CC=C4F
DB00684,C1C(C(C(C(C1N)OC2C(C(C(C(O2)CO)O)N)O)O)OC3C(CC(C(O3)CN)O)N)N
DB00685,C1C2C(C2N)CN1C3=C(C=C4C(=O)C(=CN(C4=N3)C5=C(C=C(C=C5)F)F)C(=O)O)F
DB00686,C1C(C(C(C(O1)OC2COC(C(C2OS(=O)(=O)O)OS(=O)(=O)O)O)OS(=O)(=O)O)OS(=O)(=O)O)O
DB00687,CC12CCC(=O)C=C1CCC3C2(C(CC4(C3CCC4(C(=O)CO)O)C)O)F
DB00688,CC1=C2COC(=O)C2=C(C(=C1OC)CC=C(C)CCC(=O)OCCN3CCOCC3)O
DB00690,CCN(CC)CCN1C(=O)CN=C(C2=C1C=CC(=C2)Cl)C3=CC=CC=C3F
DB00691,CCOC(=O)C(CCC1=CC=CC=C1)NC(C)C(=O)N2CC3=CC(=C(C=C3CC2C(=O)O)OC)OC
DB00692,CC1=CC=C(C=C1)N(CC2=NCCN2)C3=CC(=CC=C3)O
DB00693,C1=CC=C2C(=C1)C(=O)OC23C4=C(C=C(C=C4)O)OC5=C3C=CC(=C5)O
DB00694,CC1C(C(CC(O1)OC2CC(CC3=C2C(=C4C(=C3O)C(=O)C5=C(C4=O)C(=CC=C5)OC)O)(C(=O)C)O)N)O
DB00695,C1=COC(=C1)CNC2=CC(=C(C=C2C(=O)O)S(=O)(=O)N)Cl
DB00696,CC1(C(=O)N2C(C(=O)N3CCCC3C2(O1)O)CC4=CC=CC=C4)NC(=O)C5CN(C6CC7=CNC8=CC=CC(=C78)C6=C5)C
DB00697,C1CN=C(N1)NC2=C(C=CC3=NSN=C32)Cl
DB00698,C1C(=O)NC(=O)N1N=CC2=CC=C(O2)[N+](=O)[O-]
DB00700,CC12CCC(=O)C=C1CC(C3C24C(O4)CC5(C3CCC56CCC(=O)O6)C)C(=O)OC
DB00701,CC(C)CN(CC(C(CC1=CC=CC=C1)NC(=O)OC2CCOC2)O)S(=O)(=O)C3=CC=C(C=C3)N
DB00703,CC(=O)N=C1N(N=C(S1)S(=O)(=O)N)C
DB00704,C1CC1CN2CCC34C5C(=O)CCC3(C2CC6=C4C(=C(C=C6)O)O5)O
DB00705,CC(C)NC1=C(N=CC=C1)N2CCN(CC2)C(=O)C3=CC4=C(N3)C=CC(=C4)NS(=O)(=O)C
DB00706,CCOC1=CC=CC=C1OCCNC(C)CC2=CC(=C(C=C2)OC)S(=O)(=O)N
DB00707,CC1=C(C2=CC3=NC(=CC4=NC(=CC5=C(C(=C(N5)C=C1N2)C(C)O)C)C(=C4C)C(C)OC(C)C6=C(C7=CC8=C(C(=C(N8)C=C9C(=C(C(=N9)C=C1C(=C(C(=N1)C=C6N7)C)CCC(=O)O)CCC(=O)O)C)C)C(C)O)C)C(=C3CCC(=O)O)C)CCC(=O)O
DB00708,CCC(=O)N(C1=CC=CC=C1)C2(CCN(CC2)CCC3=CC=CS3)COC
DB00709,C1C(OC(S1)CO)N2C=CC(=NC2=O)N
DB00710,CCCCCN(C)CCC(O)(P(=O)(O)O)P(=O)(O)O
DB00712,CC(C1=CC(=C(C=C1)C2=CC=CC=C2)F)C(=O)O
DB00713,CC1=C(C(=NO1)C2=CC=CC=C2)C(=O)NC3C4N(C3=O)C(C(S4)(C)C)C(=O)O
DB00714,CN1CCC2=C3C1CC4=C(C3=CC=C2)C(=C(C=C4)O)O
DB00715,C1CNCC(C1C2=CC=C(C=C2)F)COC3=CC4=C(C=C3)OCO4
DB00716,CCCC1=C2C(=CC3=C1OC(=CC3=O)C(=O)O)C(=O)C=C(N2CC)C(=O)O
DB00717,CC12CCC3C(C1CCC2(C#C)O)CCC4=CC(=O)CCC34
DB00719,CN1CCC(=C2C3=CC=CC=C3CCC4=C2N=CC=C4)CC1
DB00721,CCN(CC)CCOC(=O)C1=CC=C(C=C1)N
DB00722,C1CC(N(C1)C(=O)C(CCCCN)NC(CCC2=CC=CC=C2)C(=O)O)C(=O)O
DB00723,CC(C(C1=C(C=CC(=C1)OC)OC)O)N
DB00724,CC(C)CN1C=NC2=C1C3=CC=CC=C3N=C2N
DB00726,CC(CN1C2=CC=CC=C2CCC3=CC=CC=C31)CN(C)C
DB00727,C(C(CO[N+](=O)[O-])O[N+](=O)[O-])O[N+](=O)[O-]
DB00728,CC(=O)OC1C(CC2C1(CCC3C2CCC4C3(CC(C(C4)O)N5CCOCC5)C)C)[N+]6(CCCC6)CC=C
DB00730,C1=CC=C2C(=C1)NC(=N2)C3=CSC=N3
DB00731,CC(C)C1CCC(CC1)C(=O)NC(CC2=CC=CC=C2)C(=O)O
DB00733,C[N+]1=CC=CC=C1/C=N/O
DB00734,CC1=C(C(=O)N2CCCCC2=N1)CCN3CCC(CC3)C4=NOC5=C4C=CC(=C5)F
DB00736,CC1=CN=C(C(=C1OC)C)CS(=O)C2=NC3=C(N2)C=C(C=C3)OC
DB00737,CC1=CC(=CC=C1)CN2CCN(CC2)C(C3=CC=CC=C3)C4=CC=C(C=C4)Cl
DB00738,C1=CC(=CC=C1C(=N)N)OCCCCCOC2=CC=C(C=C2)C(=N)N
DB00740,C1=CC2=C(C=C1OC(F)(F)F)SC(=N2)N
DB00741,CC12CCC(=O)C=C1CCC3C2C(CC4(C3CCC4(C(=O)CO)O)C)O
DB00742,C(C(C(C(C(CO)O)O)O)O)O
DB00743,C1=CC=C(C=C1)COCC(C(=O)[O-])N(CCN(CCN(CC(=O)[O-])CC(=O)[O-])CC(=O)O)CC(=O)O.[Gd+3]
DB00744,CC(C1=CC2=CC=CC=C2S1)N(C(=O)N)O
DB00745,C1=CC=C(C=C1)C(C2=CC=CC=C2)S(=O)CC(=O)N
DB00746,CC(=O)N(CCCCCNC(=O)CCC(=O)N(CCCCCNC(=O)CCC(=O)N(CCCCCN)O)O)O
DB00747,CN1C2CC(CC1C3C2O3)OC(=O)C(CO)C4=CC=CC=C4
DB00748,CN(C)CCOC(C1=CC=C(C=C1)Cl)C2=CC=CC=N2
DB00749,CCC1=C2C(=CC=C1)C3=C(N2)C(OCC3)(CC)CC(=O)O
DB00750,CCCNC(C)C(=O)NC1=CC=CC=C1C
DB00752,C1C(C1N)C2=CC=CC=C2
DB00753,C(C(F)(F)F)(OC(F)F)Cl
DB00754,CCN1C(=O)C(NC1=O)C2=CC=CC=C2
DB00755,CC1=C(C(CCC1)(C)C)C=CC(=CC=CC(=CC(=O)O)C)C
DB00756,C1=C(C(=C(C(=C1Cl)Cl)CC2=C(C(=CC(=C2Cl)Cl)Cl)O)O)Cl
DB00757,C1C2CC3CC(CC1N3CC2=O)OC(=O)C4=CNC5=CC=CC=C54
DB00758,COC(=O)C(C1=CC=CC=C1Cl)N2CCC3=C(C2)C=CS3
DB00759,CC1(C2CC3C(C(=O)C(=C(C3(C(=O)C2=C(C4=C1C=CC=C4O)O)O)O)C(=O)N)N(C)C)O
DB00760,CC1C2C(C(=O)N2C(=C1SC3CC(NC3)C(=O)N(C)C)C(=O)O)C(C)O
DB00761,[Cl-].[K+]
DB00762,CCC1=C2CN3C(=CC4=C(C3=O)COC(=O)C4(CC)O)C2=NC5=C1C=C(C=C5)OC(=O)N6CCC(CC6)N7CCCCC7
DB00763,CN1C=CNC1=S
DB00765,CC(CC1=CC=C(C=C1)O)(C(=O)O)N
DB00766,C1C2N(C1=O)C(C(=CCO)O2)C(=O)O
DB00768,CN(C)CCC=C1C2=CC=CC=C2COC3=C1C=C(C=C3)CC(=O)O
DB00770,CCCCCC(C=CC1C(CC(=O)C1CCCCCCC(=O)O)O)O
DB00771,C[N+]12CCC(CC1)C(C2)OC(=O)C(C3=CC=CC=C3)(C4=CC=CC=C4)O
DB00773,CC1OCC2C(O1)C(C(C(O2)OC3C4COC(=O)C4C(C5=CC6=C(C=C35)OCO6)C7=CC(=C(C(=C7)OC)O)OC)O)O
DB00774,C1NC2=C(C=C(C(=C2)C(F)(F)F)S(=O)(=O)N)S(=O)(=O)N1
DB00775,CCCCS(=O)(=O)NC(CC1=CC=C(C=C1)OCCCCC2CCNCC2)C(=O)O
DB00776,C1C2=CC=CC=C2N(C3=CC=CC=C3C1=O)C(=O)N
DB00777,CCC(=O)C1=CC2=C(C=C1)SC3=CC=CC=C3N2CC(C)N(C)C
DB00779,CCN1C=C(C(=O)C2=C1N=C(C=C2)C)C(=O)O
DB00780,C1=CC=C(C=C1)CCNN
DB00781,CCC(C)CCCCC(=O)N[C@@H](CCN)C(=O)N[C@@H]([C@@H](C)O)C(=O)N[C@@H](CCN)C(=O)N[C@H]1CCNC(=O)[C@@H](NC(=O)[C@@H](NC(=O)[C@@H](NC(=O)[C@@H](NC(=O)[C@H](NC(=O)[C@H](NC1=O)CCN)CC2=CC=CC=C2)CC(C)C)CCN)CCN)[C@@H](C)O
DB00782,CC(C)[N+](C)(CCOC(=O)C1C2=CC=CC=C2OC3=CC=CC=C13)C(C)C
DB00783,CC12CCC3C(C1CCC2O)CCC4=C3C=CC(=C4)O
DB00784,CC1=C(C(=CC=C1)NC2=CC=CC=C2C(=O)O)C
DB00787,C1=NC2=C(N1COCCO)N=C(NC2=O)N
DB00788,CC(C1=CC2=C(C=C1)C=C(C=C2)OC)C(=O)O
DB00789,C(CN(CC(=O)O)CC(=O)[O-])N(CCN(CC(=O)O)CC(=O)[O-])CC(=O)[O-].[Gd+3]
DB00790,CCCC(C(=O)OCC)NC(C)C(=O)N1C2CCCCC2CC1C(=O)O
DB00791,C1=C(C(=O)NC(=O)N1)N(CCCl)CCCl
DB00792,CN(C)CCN(CC1=CC=CC=C1)C2=CC=CC=N2
DB00794,CCC1(C(=O)NCNC1=O)C2=CC=CC=C2
DB00795,C1=CC=NC(=C1)NS(=O)(=O)C2=CC=C(C=C2)N=NC3=CC(=C(C=C3)O)C(=O)O
DB00797,C1CN=C(N1)CC2=CC=CC=C2
DB00798,CC(C1CCC(C(O1)OC2C(CC(C(C2O)OC3C(C(C(CO3)(C)O)NC)O)N)N)N)NC
DB00799,CCOC(=O)C1=CN=C(C=C1)C#CC2=CC3=C(C=C2)SCCC3(C)C
DB00800,C1CNCC(C2=CC(=C(C(=C21)Cl)O)O)C3=CC=C(C=C3)O
DB00801,C1C(=O)N(C2=C(C=C(C=C2)Cl)C(=N1)C3=CC=CC=C3)CC(F)(F)F
DB00802,CCC(=O)N(C1=CC=CC=C1)C2(CCN(CC2)CCN3C(=O)N(N=N3)CC)COC
DB00804,CCN(CC)CCOC(=O)C1(CCCCC1)C2CCCCC2
DB00806,CC(=O)CCCCN1C(=O)C2=C(N=CN2C)N(C1=O)C
DB00807,CCCOC1=C(C=C(C=C1)C(=O)OCCN(CC)CC)N
DB00808,CC1CC2=CC=CC=C2N1NC(=O)C3=CC(=C(C=C3)Cl)S(=O)(=O)N
DB00809,CCN(CC1=CC=NC=C1)C(=O)C(CO)C2=CC=CC=C2
DB00810,C1CCN(CC1)CCC(C2CC3CC2C=C3)(C4=CC=CC=C4)O
DB00811,C1=NC(=NN1C2C(C(C(O2)CO)O)O)C(=O)N
DB00812,CCCCC1C(=O)N(N(C1=O)C2=CC=CC=C2)C3=CC=CC=C3
DB00813,CCC(=O)N(C1CCN(CC1)CCC2=CC=CC=C2)C3=CC=CC=C3
DB00814,CC1=CN=C(S1)NC(=O)C2=C(C3=CC=CC=C3S(=O)(=O)N2C)O
DB00816,CC(C)NCC(C1=CC(=CC(=C1)O)O)O
DB00818,CC(C)C1=C(C(=CC=C1)C(C)C)O
DB00819,CC(=O)NC1=NN=C(S1)S(=O)(=O)N
DB00820,CN1CC(=O)N2C(C1=O)CC3=C(C2C4=CC5=C(C=C4)OCO5)NC6=CC=CC=C36
DB00822,CCN(CC)C(=S)SSC(=S)N(CC)CC
DB00827,CCN1C2=CC3=C(C=C2C(=O)C(=N1)C(=O)O)OCO3
DB00829,CN1C(=O)CN=C(C2=C1C=CC(=C2)Cl)C3=CC=CC=C3
DB00831,CN1CCN(CC1)CCCN2C3=CC=CC=C3SC4=C2C=C(C=C4)C(F)(F)F
DB00832,CN1C(=O)CC(C1=O)C2=CC=CC=C2
DB00833,C1C(=C(N2C(S1)C(C2=O)NC(=O)C(C3=CC=CC=C3)N)C(=O)O)Cl
DB00834,CC#CC1(CCC2C1(CC(C3=C4CCC(=O)C=C4CCC23)C5=CC=C(C=C5)N(C)C)C)O
DB00835,CN(C)CCC(C1=CC=C(C=C1)Br)C2=CC=CC=N2
DB00836,CN(C)C(=O)C(CCN1CCC(CC1)(C2=CC=C(C=C2)Cl)O)(C3=CC=CC=C3)C4=CC=CC=C4
DB00838,CC1CC2C3CC(C4=CC(=O)C=CC4(C3(C(CC2(C1C(=O)CO)C)O)Cl)C)F
DB00839,CC1=CC=C(C=C1)S(=O)(=O)NC(=O)NN2CCCCCC2
DB00841,CC(CCC1=CC=C(C=C1)O)NCCC2=CC(=C(C=C2)O)O
DB00842,C1=CC=C(C=C1)C2=NC(C(=O)NC3=C2C=C(C=C3)Cl)O
DB00843,COC1=C(C=C2C(=C1)CC(C2=O)CC3CCN(CC3)CC4=CC=CC=C4)OC
DB00844,C1CC(C1)CN2CCC34C5C(CCC3(C2CC6=C4C(=C(C=C6)O)O5)O)O
DB00845,CC(C)N=C1C=C2C(=NC3=CC=CC=C3N2C4=CC=C(C=C4)Cl)C=C1NC5=CC=C(C=C5)Cl
DB00846,CC1(OC2CC3C4CC(C5=CC(=O)CCC5(C4C(CC3(C2(O1)C(=O)CO)C)O)C)F)C
DB00848,C1CSC2=NC(CN21)C3=CC=CC=C3
DB00849,CCC1(C(=O)NC(=O)N(C1=O)C)C2=CC=CC=C2
DB00850,C1CN(CCN1CCCN2C3=CC=CC=C3SC4=C2C=C(C=C4)Cl)CCO
DB00851,CN(C)N=NC1=C(NC=N1)C(=O)N
DB00852,CC(C(C1=CC=CC=C1)O)NC
DB00853,CN1C(=O)N2C=NC(=C2N=N1)C(=O)N
DB00854,CN1CCC23CCCCC2C1CC4=C3C=C(C=C4)O
DB00855,C(CC(=O)O)C(=O)CN
DB00856,C1=CC(=CC=C1OCC(CO)O)Cl
DB00857,CC(C)(C)C#CC=CCN(C)CC1=CC=CC2=CC=CC=C21
DB00859,CC(C)(C(C(=O)O)N)S
DB00860,CC12CC(C3C(C1CCC2(C(=O)CO)O)CCC4=CC(=O)C=CC34C)O
DB00861,C1=CC(=C(C=C1C2=C(C=C(C=C2)F)F)C(=O)O)O
DB00862,CCCC1=NC(=C2N1N=C(NC2=O)C3=C(C=CC(=C3)S(=O)(=O)N4CCN(CC4)CC)OCC)C
DB00863,CNC(=C[N+](=O)[O-])NCCSCC1=CC=C(O1)CN(C)C
DB00864,CC1CC(C2C(CC(C(O2)(C(=O)C(=O)N3CCCCC3C(=O)OC(C(C(CC(=O)C(C=C(C1)C)CC=C)O)C)C(=CC4CCC(C(C4)OC)O)C)O)C)OC)OC
DB00865,CC(CC1=CC=CC=C1)N(C)CC2=CC=CC=C2
DB00867,CC(C(C1=CC=C(C=C1)O)O)NCCC2=CC=C(C=C2)O
DB00868,CCCCNC1=CC=C(C=C1)C(=O)OCCOCCOCCOCCOCCOCCOCCOCCOCCOC
DB00869,CCNC1CC(S(=O)(=O)C2=C1C=C(S2)S(=O)(=O)N)C
DB00870,CC(C1=CC=C(C=C1)C(=O)C2=CC=CS2)C(=O)O
DB00871,CC(C)(C)NCC(C1=CC(=CC(=C1)O)O)O
DB00872,CC1=NC2=C(N1)CCN(C3=CC=CC=C32)C(=O)C4=CC=C(C=C4)NC(=O)C5=CC=CC=C5C6=CC=CC=C6
DB00873,C[C@]12C[C@@H]([C@H]3[C@H]([C@@H]1CC[C@@]2(C(=O)OCCl)O)CCC4=CC(=O)C=C[C@]34C)O
DB00876,CCCCC1=NC=C(N1CC2=CC=C(C=C2)C(=O)O)C=C(CC3=CC=CS3)C(=O)O
DB00877,CC1CCC2CC(C(=CC=CC=CC(CC(C(=O)C(C(C(=CC(C(=O)CC(OC(=O)C3CCCCN3C(=O)C(=O)C1(O2)O)C(C)CC4CCC(C(C4)OC)O)C)C)O)OC)C)C)C)OC
DB00879,C1C(OC(S1)CO)N2C=C(C(=NC2=O)N)F
DB00880,C1=C2C(=CC(=C1Cl)S(=O)(=O)N)S(=O)(=O)N=CN2
DB00881,CCOC(=O)C(CCC1=CC=CC=C1)NC(C)C(=O)N2CC3=CC=CC=C3CC2C(=O)O
DB00882,CCN(CC)CCOC1=CC=C(C=C1)C(=C(C2=CC=CC=C2)Cl)C3=CC=CC=C3
DB00883,C1C(C2C(O1)C(CO2)O[N+](=O)[O-])O[N+](=O)[O-]
DB00884,C1=CC(=CN=C1)CC(O)(P(=O)(O)O)P(=O)(O)O
DB00887,CCCCNC1=C(C(=CC(=C1)C(=O)O)S(=O)(=O)N)OC2=CC=CC=C2
DB00888,CN(CCCl)CCCl
DB00889,CN1C2CCCC1CC(C2)NC(=O)C3=NN(C4=CC=CC=C43)C
DB00890,CC=C(C1=CC=C(C=C1)O)C(=CC)C2=CC=C(C=C2)O
DB00892,CCCCOC1=C(C=CC(=C1)C(=O)OCCN(CC)CC)N
DB00893,OS(=O)(=O)O.[Fe]
DB00894,CC12CCC3C(C1CCC(=O)O2)CCC4=CC(=O)C=CC34C
DB00897,CC1=NN=C2N1C3=C(C=C(C=C3)Cl)C(=NC2)C4=CC=CC=C4Cl
DB00898,CCO
DB00899,CCC(=O)N(C1=CC=CC=C1)C2(CCN(CC2)CCC(=O)OC)C(=O)OC
DB00900,C1CC(OC1CO)N2C=NC3=C2N=CNC3=O
DB00902,CN1CCC(C1)CN2C3=CC=CC=C3SC4=CC=CC=C42
DB00903,CCC(=C)C(=O)C1=C(C(=C(C=C1)OCC(=O)O)Cl)Cl
DB00904,CC1=NC=CN1CC2CCC3=C(C2=O)C4=CC=CC=C4N3C
DB00905,CCNC(=O)CCCC=CCC1C(CC(C1C=CC(CCC2=CC=CC=C2)O)O)O
DB00906,CC1=C(SC=C1)C(=CCCN2CCCC(C2)C(=O)O)C3=C(C=CS3)C
DB00907,CN1C2CCC1C(C(C2)OC(=O)C3=CC=CC=C3)C(=O)OC
DB00908,COC1=CC2=C(C=CN=C2C=C1)[C@@H]([C@H]3C[C@@H]4CCN3C[C@@H]4C=C)O
DB00909,C1=CC=C2C(=C1)C(=NO2)CS(=O)(=O)N
DB00910,CC(C=CC(C)C(C)(C)O)C1CCC2C1(CCCC2=CC=C3CC(CC(C3)O)O)C
DB00911,CCS(=O)(=O)CCN1C(=NC=C1[N+](=O)[O-])C
DB00912,CCOC1=C(C=CC(=C1)CC(=O)NC(CC(C)C)C2=CC=CC=C2N3CCCCC3)C(=O)O
DB00915,C1C2CC3CC1CC(C2)(C3)N
DB00916,CC1=NC=C(N1CCO)[N+](=O)[O-]
DB00917,CCCCCC(C=CC1C(CC(=O)C1CC=CCCCC(=O)O)O)O
DB00918,CN(C)CCC1=CNC2=C1C=C(C=C2)CS(=O)(=O)N3CCCC3
DB00919,CC1CC(=O)C2(C(O1)OC3C(C(C(C(C3O2)NC)O)NC)O)O
DB00921,CC(C)(C)C(C)(C1CC23CCC1(C4C25CCN(C3CC6=C5C(=C(C=C6)O)O4)CC7CC7)OC)O
DB00924,CN(C)CCC=C1C2=CC=CC=C2C=CC3=CC=CC=C31
DB00925,CC(COC1=CC=CC=C1)N(CCCl)CC2=CC=CC=C2
DB00927,C1=C(N=C(S1)N=C(N)N)CSCCC(=NS(=O)(=O)N)N
DB00928,C1=NC(=NC(=O)N1C2C(C(C(O2)CO)O)O)N
DB00929,CCCCC(C)(CC=CC1C(CC(=O)C1CCCCCCC(=O)OC)O)O
DB00930,CCCCCCCCCCNCC=C.C[N+](C)(C)CCCCCCNCC=C.C=CCN.C1C(O1)CCl.Cl.[Cl-]
DB00932,CCCC1(CC(=C(C(=O)O1)C(CC)C2=CC(=CC=C2)NS(=O)(=O)C3=NC=C(C=C3)C(F)(F)F)O)CCC4=CC=CC=C4
DB00933,CN1CCCCC1CCN2C3=CC=CC=C3SC4=C2C=C(C=C4)S(=O)C
DB00934,CNCCCC12CCC(C3=CC=CC=C31)C4=CC=CC=C24
DB00935,CC1=CC(=C(C(=C1CC2=NCCN2)C)O)C(C)(C)C
DB00936,C1=CC=C(C(=C1)C(=O)O)O
DB00937,CCN(CC)C(C)C(=O)C1=CC=CC=C1
DB00938,C1=CC=C(C=C1)CCCCOCCCCCCNCC(C2=CC(=C(C=C2)O)CO)O
DB00939,CC1=C(C(=C(C=C1)Cl)NC2=CC=CC=C2C(=O)O)Cl
DB00943,C1CC(OC1CO)N2C=CC(=NC2=O)N
DB00944,CN(CCCCCCCCCCN(C)C(=O)OC1=CC=CC(=C1)[N+](C)(C)C)C(=O)OC2=CC=CC(=C2)[N+](C)(C)C
DB00945,CC(=O)OC1=CC=CC=C1C(=O)O
DB00947,CC12CCC3C(C1CCC2O)C(CC4=C3C=CC(=C4)O)CCCCCCCCCS(=O)CCCC(C(F)(F)F)(F)F
DB00948,CC1(C(N2C(S1)C(C2=O)NC(=O)C(C3=CC=CC=C3)NC(=O)N4CCN(C4=O)S(=O)(=O)C)C(=O)O)C
DB00949,C1=CC=C(C=C1)C(COC(=O)N)COC(=O)N
DB00950,CC(C)(C1=CC=C(C=C1)C(CCCN2CCC(CC2)C(C3=CC=CC=C3)(C4=CC=CC=C4)O)O)C(=O)O
DB00951,C1=CN=CC=C1C(=O)NN
DB00952,CNS(=O)(=O)CCC1=CC2=C(C=C1)NC=C2C3CCN(CC3)C
DB00953,CN(C)CCC1=CNC2=C1C=C(C=C2)CN3C=NC=N3
DB00955,CCNC1CC(C(C(C1OC2C(C(C(CO2)(C)O)NC)O)O)OC3C(CC=C(O3)CN)N)N
DB00956,CN1CCC23C4C1CC5=C2C(=C(C=C5)OC)OC3C(=O)CC4
DB00957,CCC12CCC3C(C1CCC2(C#C)OC(=O)C)CCC4=CC(=NO)CCC34
DB00958,C1CC(C1)(C(=O)O)C(=O)O.[NH2-].[NH2-].[Pt+2]
DB00959,CC1CC2C3CCC(C3(CC(C2C4(C1=CC(=O)C=C4)C)O)C)(C(=O)CO)O
DB00960,CC(C)NCC(COC1=CC=CC2=C1C=CN2)O
DB00961,CC1=C(C(=CC=C1)C)NC(=O)C2CCCCN2C
DB00962,CCN(C1=CC=CC(=C1)C2=CC=NC3=C(C=NN23)C#N)C(=O)C
DB00963,C1=CC(=C(C(=C1)C(=O)C2=CC=C(C=C2)Br)N)CC(=O)O
DB00964,C1CN=C(N1)NC2=C(C=C(C=C2Cl)N)Cl
DB00966,CCCC1=NC2=C(N1CC3=CC=C(C=C3)C4=CC=CC=C4C(=O)O)C=C(C=C2C)C5=NC6=CC=CC=C6N5C
DB00967,C1CC2=C(C=CC(=C2)Cl)C(=C3CCNCC3)C4=C1C=CC=N4
DB00968,CC(CC1=CC(=C(C=C1)O)O)(C(=O)O)N
DB00969,CC1=C(N=CN1)CN2CCC3=C(C2=O)C4=CC=CC=C4N3C
DB00970,CC1C(C(=O)NC(C(=O)N2CCCC2C(=O)N(CC(=O)N(C(C(=O)O1)C(C)C)C)C)C(C)C)NC(=O)C3=C4C(=C(C=C3)C)OC5=C(C(=O)C(=C(C5=N4)C(=O)NC6C(OC(=O)C(N(C(=O)CN(C(=O)C7CCCN7C(=O)C(NC6=O)C(C)C)C)C)C(C)C)C)N)C
DB00972,CN1CCCC(CC1)N2C(=O)C3=CC=CC=C3C(=N2)CC4=CC=C(C=C4)Cl
DB00973,C1=CC(=CC=C1C2C(C(=O)N2C3=CC=C(C=C3)F)CCC(C4=CC=C(C=C4)F)O)O
DB00975,C1CCN(CC1)C2=NC(=NC3=C2N=C(N=C3N4CCCCC4)N(CCO)CCO)N(CCO)CCO
DB00976,CCC1C2(C(C(C(=O)C(CC(C(C(C(=O)C(C(=O)O1)C)C)OC3C(C(CC(O3)C)N(C)C)O)(C)OC)C)C)N(C(=O)O2)CCCCN4C=C(N=C4)C5=CN=CC=C5)C
DB00977,CC12CCC3C(C1CCC2(C#C)O)CCC4=C3C=CC(=C4)O
DB00978,CCN1C=C(C(=O)C2=CC(=C(C(=C21)F)N3CCNC(C3)C)F)C(=O)O
DB00979,CN(C)CCOC(=O)C(C1=CC=CC=C1)C2(CCCC2)O
DB00980,CCC(=O)NCCC1CCC2=C1C3=C(C=C2)OCC3
DB00981,CC12CCN(C1N(C3=C2C=C(C=C3)OC(=O)NC)C)C
DB00982,CC1=C(C(CCC1)(C)C)C=CC(=CC=CC(=CC(=O)O)C)C
DB00983,CC(CC1=CC=C(C=C1)OC)NCC(C2=CC(=C(C=C2)O)NC=O)O
DB00985,CN1C2=C(C(=O)N(C1=O)C)NC(=N2)Cl.CN(C)CCOC(C1=CC=CC=C1)C2=CC=CC=C2
DB00986,C[N+]1(CCC(C1)OC(=O)C(C2CCCC2)(C3=CC=CC=C3)O)C
DB00987,C1=CN(C(=O)N=C1N)C2C(C(C(O2)CO)O)O
DB00988,C1=CC(=C(C=C1CCN)O)O
DB00989,CCN(C)C(=O)OC1=CC=CC(=C1)C(C)N(C)C
DB00990,CC12CCC3C(C1CCC2=O)CC(=C)C4=CC(=O)C=CC34C
DB00991,C1=CC=C(C=C1)C2=C(OC(=N2)CCC(=O)O)C3=CC=CC=C3
DB00992,COC(=O)CCC(=O)CN
DB00993,CN1C=NC(=C1SC2=NC=NC3=C2NC=N3)[N+](=O)[O-]
DB00994,C1C(C(C(C(C1N)OC2C(C(C(C(O2)CN)O)O)N)OC3C(C(C(O3)CO)OC4C(C(C(C(O4)CN)O)O)N)O)O)N
DB00995,CCP(CC)CC.CC(=O)OCC1C(C(C(C(O1)[S-])OC(=O)C)OC(=O)C)OC(=O)C.[Au+]
DB00996,C1CCC(CC1)(CC(=O)O)CN
DB00997,CC1C(C(CC(O1)OC2CC(CC3=C2C(=C4C(=C3O)C(=O)C5=C(C4=O)C(=CC=C5)OC)O)(C(=O)CO)O)N)O
DB00998,CNC1CCC2=C(C1)C3=C(N2)C=CC(=C3)C(=O)N
DB00999,C1NC2=CC(=C(C=C2S(=O)(=O)N1)S(=O)(=O)N)Cl
DB01001,CC(C)(C)NCC(C1=CC(=C(C=C1)O)CO)O
DB01002,CCCCN1CCCCC1C(=O)NC2=C(C=CC=C2C)C
DB01003,C1=CC2=C(C(=C1)OCC(COC3=CC=CC4=C3C(=O)C=C(O4)C(=O)O)O)C(=O)C=C(O2)C(=O)O
DB01004,C1=NC2=C(N1COC(CO)CO)N=C(NC2=O)N
DB01005,C(=O)(N)NO
DB01006,C1=CC(=CC=C1C#N)C(C2=CC=C(C=C2)C#N)N3C=NC=N3
DB01008,CS(=O)(=O)OCCCCOS(=O)(=O)C
DB01009,CC(C1=CC(=CC=C1)C(=O)C2=CC=CC=C2)C(=O)O
DB01010,CC[N+](C)(C)C1=CC(=CC=C1)O
DB01011,CC(C)(C1=CN=CC=C1)C(=O)C2=CN=CC=C2
DB01012,CC(C1=CC=CC2=CC=CC=C21)NCCCC3=CC(=CC=C3)C(F)(F)F
DB01014,C1=CC(=CC=C1C(=O)NCCC(=O)O)N=NC2=CC(=C(C=C2)O)C(=O)O
DB01015,CC1=CC(=NO1)NS(=O)(=O)C2=CC=C(C=C2)N
DB01016,COC1=C(C=C(C=C1)Cl)C(=O)NCCC2=CC=C(C=C2)S(=O)(=O)NC(=O)NC3CCCCC3
DB01017,CN(C)C1C2CC3CC4=C(C=CC(=C4C(=C3C(=O)C2(C(=C(C1=O)C(=O)N)O)O)O)O)N(C)C
DB01018,C1=CC(=C(C(=C1)Cl)CC(=O)N=C(N)N)Cl
DB01019,CC(C[N+](C)(C)C)OC(=O)N
DB01020,C1C(C2C(O1)C(CO2)O[N+](=O)[O-])O
DB01021,C1=C2C(=CC(=C1Cl)S(=O)(=O)N)S(=O)(=O)NC(N2)C(Cl)Cl
DB01022,CC1=C(C(=O)C2=CC=CC=C2C1=O)CC=C(C)CCCC(C)CCCC(C)CCCC(C)C
DB01023,CCOC(=O)C1=C(NC(=C(C1C2=C(C(=CC=C2)Cl)Cl)C(=O)OC)C)C
DB01024,CC1=C2COC(=O)C2=C(C(=C1OC)CC=C(C)CCC(=O)O)O
DB01026,CC(=O)N1CCN(CC1)C2=CC=C(C=C2)OCC3COC(O3)(CN4C=CN=C4)C5=C(C=C(C=C5)Cl)Cl
DB01028,COC(C(Cl)Cl)(F)F
DB01029,CCCCC1=NC2(CCCC2)C(=O)N1CC3=CC=C(C=C3)C4=CC=CC=C4C5=NNN=N5
DB01030,CCC1(C2=C(COC1=O)C(=O)N3CC4=CC5=C(C=CC(=C5CN(C)C)O)N=C4C3=C2)O
DB01032,CCCN(CCC)S(=O)(=O)C1=CC=C(C=C1)C(=O)O
DB01033,C1=NC2=C(N1)C(=S)N=CN2
DB01035,CCN(CC)CCNC(=O)C1=CC=C(C=C1)N
DB01036,CC1=CC(=C(C=C1)O)C(CCN(C(C)C)C(C)C)C2=CC=CC=C2
DB01037,CC(CC1=CC=CC=C1)N(C)CC#C
DB01039,CC(C)OC(=O)C(C)(C)OC1=CC=C(C=C1)C(=O)C2=CC=C(C=C2)Cl
DB01041,C1CC(=O)NC(=O)C1N2C(=O)C3=CC=CC=C3C2=O
DB01042,C1=CC(=CC=C1CC(C(=O)O)N)N(CCCl)CCCl
DB01043,CC12CC3CC(C1)(CC(C3)(C2)N)C
DB01044,CC1CN(CCN1)C2=C(C=C3C(=C2OC)N(C=C(C3=O)C(=O)O)C4CC4)F
DB01045,CC1C=CC=C(C(=O)NC2=C(C(=C3C(=C2O)C(=C(C4=C3C(=O)C(O4)(OC=CC(C(C(C(C(C(C1O)C)O)C)OC(=O)C)C)OC)C)C)O)O)C=NN5CCN(CC5)C)C
DB01046,CCCCC(C1(CCC2C(O1)CC(=O)C2CCCCCCC(=O)O)O)(F)F
DB01047,CC(=O)OCC(=O)C12C(CC3C1(CC(C4(C3CC(C5=CC(=O)C=CC54C)F)F)O)C)OC(O2)(C)C
DB01048,C1CC1NC2=C3C(=NC(=N2)N)N(C=N3)C4CC(C=C4)CO
DB01049,CCC(C)(C)C1C(=O)N2CCCC2C3(N1C(=O)C(O3)(C(C)C)NC(=O)C4CC5C(CC6=CNC7=CC=CC5=C67)N(C4)C)O
DB01050,CC(C)CC1=CC=C(C=C1)C(C)C(=O)O
DB01051,CC1=C(C=CC2=C1OC(=O)C(=C2O)NC(=O)C3=CC(=C(C=C3)O)CC=C(C)C)OC4C(C(C(C(O4)(C)C)OC)OC(=O)N)O
DB01053,CC1(C(N2C(S1)C(C2=O)NC(=O)CC3=CC=CC=C3)C(=O)O)C
DB01056,CC1=C(C(=CC=C1)C)NC(=O)C(C)N
DB01057,CCOP(=O)(OCC)SCC[N+](C)(C)C
DB01058,C1CCC(CC1)C(=O)N2CC3C4=CC=CC=C4CCN3C(=O)C2
DB01059,CCN1C=C(C(=O)C2=CC(=C(C=C21)N3CCNCC3)F)C(=O)O
DB01060,CC1(C(N2C(S1)C(C2=O)NC(=O)C(C3=CC=C(C=C3)O)N)C(=O)O)C
DB01062,CCN(CC)CC#CCOC(=O)C(C1CCCCC1)(C2=CC=CC=C2)O
DB01064,CC(C)NCC(C1=CC(=C(C=C1)O)O)O
DB01065,CC(=O)NCCC1=CNC2=C1C=C(C=C2)OC
DB01066,CC1=C(SC=N1)C=CC2=C(N3C(C(C3=O)NC(=O)C(=NOC)C4=CSC(=N4)N)SC2)C(=O)O
DB01067,CC1=CN=C(C=N1)C(=O)NCCC2=CC=C(C=C2)S(=O)(=O)NC(=O)NC3CCCCC3
DB01068,C1C(=O)NC2=C(C=C(C=C2)[N+](=O)[O-])C(=N1)C3=CC=CC=C3Cl
DB01069,CC(CN1C2=CC=CC=C2SC3=CC=CC=C31)N(C)C
DB01070,CC1CCC(CC1=CC=C2CCCC3(C2CCC3C(C)C=CC(C)C(C)C)C)O
DB01072,CC(C)(C)C(C(=O)NC(CC1=CC=CC=C1)C(CN(CC2=CC=C(C=C2)C3=CC=CC=N3)NC(=O)C(C(C)(C)C)NC(=O)OC)O)NC(=O)OC
DB01073,C1=NC2=C(N=C(N=C2N1C3C(C(C(O3)CO)O)O)F)N
DB01075,CN(C)CCOC(C1=CC=CC=C1)C2=CC=CC=C2
DB01076,CC(C)C1=C(C(=C(N1CCC(CC(CC(=O)O)O)O)C2=CC=C(C=C2)F)C3=CC=CC=C3)C(=O)NC4=CC=CC=C4
DB01077,CC(O)(P(=O)(O)O)P(=O)(O)O
DB01079,CCCCCN=C(N)NN=CC1=CNC2=C1C=C(C=C2)OC
DB01080,C=CC(CCC(=O)O)N
DB01081,CCOC(=O)C1(CCN(CC1)CCC(C#N)(C2=CC=CC=C2)C3=CC=CC=C3)C4=CC=CC=C4
DB01082,CC1C(C(C(O1)OC2C(C(C(C(C2O)O)N=C(N)N)O)N=C(N)N)OC3C(C(C(C(O3)CO)O)O)NC)(C=O)O
DB01083,CCCCCCCCCCCC(CC1C(C(=O)O1)CCCCCC)OC(=O)C(CC(C)C)NC=O
DB01085,CCC1C(COC1=O)CC2=CN=CN2C
DB01086,CCOC(=O)C1=CC=C(C=C1)N
DB01087,CC(CCCN)NC1=C2C(=CC(=C1)OC)C=CC=N2
DB01088,CC#CCC(C)C(C=CC1C(CC2C1CC(=CCCCC(=O)O)C2)O)O
DB01089,COC1C(CC2CN3CCC4=C(C3CC2C1C(=O)OC)NC5=CC=CC=C45)OC(=O)C6=CC(=C(C(=C6)OC)OC)OC
DB01093,CS(=O)C
DB01095,CC(C)N1C2=CC=CC=C2C(=C1C=CC(CC(CC(=O)O)O)O)C3=CC=C(C=C3)F
DB01096,CC(C)NCC1CCC2=CC(=C(C=C2N1)[N+](=O)[O-])CO
DB01097,CC1=C(C=NO1)C(=O)NC2=CC=C(C=C2)C(F)(F)F
DB01098,CC(C)C1=NC(=NC(=C1C=CC(CC(CC(=O)O)O)O)C2=CC=C(C=C2)F)N(C)S(=O)(=O)C
DB01099,C1=NC(=O)NC(=C1F)N
DB01100,C1CN(CCC1N2C3=CC=CC=C3NC2=O)CCCC(C4=CC=C(C=C4)F)C5=CC=C(C=C5)F
DB01101,CCCCCOC(=O)NC1=NC(=O)N(C=C1F)C2C(C(C(O2)C)O)O
DB01102,C1=CC(=CC=C1CCCCNCC(C2=CC(=C(C=C2)O)O)O)O
DB01104,CNC1CCC(C2=CC=CC=C12)C3=CC(=C(C=C3)Cl)Cl
DB01105,CC(C)CC(C1(CCC1)C2=CC=C(C=C2)Cl)N(C)C
DB01109,CC(=O)NC1C(C(C(OC1O)COS(=O)(=O)O)OC2C(C(C(C(O2)C(=O)O)OC3C(C(C(C(O3)CO)OC4C(C(C(C(O4)C(=O)O)O)O)OS(=O)(=O)O)OS(=O)(=O)O)NS(=O)(=O)O)O)OS(=O)(=O)O)O
DB01110,C1=CC(=C(C=C1Cl)Cl)COC(CN2C=CN=C2)C3=C(C=C(C=C3)Cl)Cl
DB01111,CCC(C)CCCCC(=O)NC(CCNCS(=O)(=O)[O-])C(=O)NC(C(C)O)C(=O)NC(CCNCS(=O)(=O)[O-])C(=O)NC1CCNC(=O)C(NC(=O)C(NC(=O)C(NC(=O)C(NC(=O)C(NC(=O)C(NC1=O)CCNCS(=O)(=O)[O-])CC(C)C)CC(C)C)CCNCS(=O)(=O)[O-])CCNCS(=O)(=O)[O-])C(C)O
DB01112,CON=C(C1=CC=CO1)C(=O)NC2C3N(C2=O)C(=C(CS3)COC(=O)N)C(=O)O
DB01113,COC1=C(C=C(C=C1)CC2=NC=CC3=CC(=C(C=C32)OC)OC)OC
DB01114,CN(C)CCC(C1=CC=C(C=C1)Cl)C2=CC=CC=N2
DB01115,CC1=C(C(C(=C(N1)C)C(=O)OC)C2=CC=CC=C2[N+](=O)[O-])C(=O)OC
DB01116,C1CC2C3C(C[S+]2C1)N(C(=O)N3CC4=CC=CC=C4)CC5=CC=CC=C5
DB01117,C1CC(CCC1C2=CC=C(C=C2)Cl)C3=C(C4=CC=CC=C4C(=O)C3=O)O
DB01118,CCCCC1=C(C2=CC=CC=C2O1)C(=O)C3=CC(=C(C(=C3)I)OCCN(CC)CC)I
DB01119,CC1=NS(=O)(=O)C2=C(N1)C=CC(=C2)Cl
DB01121,C1=CC=C(C=C1)CC(=O)NC(=O)N
DB01122,CC[N+](CC)(CCNC(=O)C(=O)NCC[N+](CC)(CC)CC1=CC=CC=C1Cl)CC2=CC=CC=C2Cl
DB01124,CCCCNC(=O)NS(=O)(=O)C1=CC=C(C=C1)C
DB01125,COC1=CC=C(C=C1)C2C(=O)C3=CC=CC=C3C2=O
DB01126,CC12CCC3C(C1CCC2C(=O)NC4=C(C=CC(=C4)C(F)(F)F)C(F)(F)F)CCC5C3(C=CC(=O)N5)C
DB01127,C1=CC(=CC=C1COC(CN2C=CN=C2)C3=C(C=C(C=C3)Cl)Cl)Cl
DB01128,CC(CS(=O)(=O)C1=CC=C(C=C1)F)(C(=O)NC2=CC(=C(C=C2)C#N)C(F)(F)F)O
DB01129,CC1=C(C=CN=C1CS(=O)C2=NC3=CC=CC=C3N2)OCCCOC
DB01130,CCC(=O)OCC(=O)C1(CCC2C1(CC(C3C2CCC4=CC(=O)C=CC34C)O)C)OC(=O)OCC
DB01131,CC(C)N=C(N)N=C(N)NC1=CC=C(C=C1)Cl
DB01132,CCC1=CN=C(C=C1)CCOC2=CC=C(C=C2)CC3C(=O)NC(=O)S3
DB01133,C1=CC(=CC=C1SC(P(=O)(O)O)P(=O)(O)O)Cl
DB01135,C[N+]1(CCC2=CC(=C(C(=C2C1CC3=CC(=C(C(=C3)OC)OC)OC)OC)OC)OC)CCCOC(=O)CCC(=O)OCCC[N+]4(CCC5=CC(=C(C(=C5C4CC6=CC(=C(C(=C6)OC)OC)OC)OC)OC)OC)C
DB01136,COC1=CC=CC=C1OCCNCC(COC2=CC=CC3=C2C4=CC=CC=C4N3)O
DB01137,CC1COC2=C3N1C=C(C(=O)C3=CC(=C2N4CCN(CC4)C)F)C(=O)O
DB01138,C1=CC=C(C=C1)N2C(=O)C(C(=O)N2C3=CC=CC=C3)CCS(=O)C4=CC=CC=C4
DB01139,CC(=O)OCC1=C(N2C(C(C2=O)NC(=O)CSC3=CC=NC=C3)SC1)C(=O)O
DB01140,CC1=C(N2C(C(C2=O)NC(=O)C(C3=CC=C(C=C3)O)N)SC1)C(=O)O
DB01141,CCCCCOC1=CC=C(C=C1)C2=CC(=NO2)C3=CC=C(C=C3)C(=O)NC4CC(C(NC(=O)C5C(C(CN5C(=O)C(NC(=O)C(NC(=O)C6CC(CN6C(=O)C(NC4=O)C(C)O)O)C(C(C7=CC(=C(C=C7)O)OS(=O)(=O)O)O)O)C(CC(=O)N)O)C)O)O)O
DB01142,CN(C)CCC=C1C2=CC=CC=C2COC3=CC=CC=C31
DB01143,C(CN)CNCCSP(=O)(O)O
DB01144,C1=C(C=C(C(=C1S(=O)(=O)N)Cl)Cl)S(=O)(=O)N
DB01147,CC1=C(C(=NO1)C2=CC=CC=C2Cl)C(=O)NC3C4N(C3=O)C(C(S4)(C)C)C(=O)O
DB01148,CC1=C(OC2=C(C1=O)C=CC=C2C(=O)OCCN3CCCCC3)C4=CC=CC=C4
DB01149,CCC1=NN(C(=O)N1CCOC2=CC=CC=C2)CCCN3CCN(CC3)C4=CC(=CC=C4)Cl
DB01150,CC=CC1=C(N2C(C(C2=O)NC(=O)C(C3=CC=C(C=C3)O)N)SC1)C(=O)O
DB01151,CNCCCN1C2=CC=CC=C2CCC3=CC=CC=C31
DB01155,CON=C1CN(CC1CN)C2=C(C=C3C(=O)C(=CN(C3=N2)C4CC4)C(=O)O)F
DB01156,CC(C(=O)C1=CC(=CC=C1)Cl)NC(C)(C)C
DB01157,CC1=C(C=CC2=C1C(=NC(=N2)N)N)CNC3=CC(=C(C(=C3)OC)OC)OC
DB01158,CC[N+](C)(C)CC1=CC=CC=C1Br
DB01159,C(C(F)(F)F)(Cl)Br
DB01161,CCN(CC)CCOC(=O)C1=C(C=C(C=C1)N)Cl
DB01162,COC1=C(C=C2C(=C1)C(=NC(=N2)N3CCN(CC3)C(=O)C4CCCO4)N)OC
DB01164,O.O.[Cl-].[Cl-].[Ca+2]
DB01165,CC1COC2=C3N1C=C(C(=O)C3=CC(=C2N4CCN(CC4)C)F)C(=O)O
DB01166,C1CCC(CC1)N2C(=NN=N2)CCCCOC3=CC4=C(C=C3)NC(=O)CC4
DB01167,CCC(C)N1C(=O)N(C=N1)C2=CC=C(C=C2)N3CCN(CC3)C4=CC=C(C=C4)OCC5COC(O5)(CN6C=NC=N6)C7=C(C=C(C=C7)Cl)Cl
DB01168,CC(C)NC(=O)C1=CC=C(C=C1)CNNC
DB01169,[O-2].[O-2].[O-2].[As+3].[As+3]
DB01170,C1CCCN(CCC1)CCN=C(N)N
DB01172,C1C(C(C(C(C1N)OC2C(C(C(C(O2)CN)O)O)O)O)OC3C(C(C(C(O3)CO)O)N)O)N
DB01173,CC1=CC=CC=C1C(C2=CC=CC=C2)OCCN(C)C
DB01174,CCC1(C(=O)NC(=O)NC1=O)C2=CC=CC=C2
DB01175,CN(C)CCCC1(C2=C(CO1)C=C(C=C2)C#N)C3=CC=C(C=C3)F
DB01176,CN1CCN(CC1)C(C2=CC=CC=C2)C3=CC=CC=C3
DB01177,CC1C(C(CC(O1)OC2CC(CC3=C2C(=C4C(=C3O)C(=O)C5=CC=CC=C5C4=O)O)(C(=O)C)O)N)O
DB01178,CN1C(S(=O)(=O)CCC1=O)C2=CC=C(C=C2)Cl
DB01181,C1CN(P(=O)(OC1)NCCCl)CCCl
DB01182,CCCNCC(COC1=CC=CC=C1C(=O)CCC2=CC=CC=C2)O
DB01183,C=CCN1CCC23C4C(=O)CCC2(C1CC5=C3C(=C(C=C5)O)O4)O
DB01185,CC12CCC(=O)C=C1CCC3C2(C(CC4(C3CCC4(C)O)C)O)F
DB01186,CCCN1CC(CC2C1CC3=CNC4=CC=CC2=C34)CSC
DB01189,C(C(F)(F)F)(OC(F)F)F
DB01190,CCCC1CC(N(C1)C)C(=O)NC(C2C(C(C(C(O2)SC)O)O)O)C(C)Cl
DB01191,CCNC(C)CC1=CC(=CC=C1)C(F)(F)F
DB01192,CN1CCC23C4C(=O)CCC2(C1CC5=C3C(=C(C=C5)O)O4)O
DB01193,CCCC(=O)NC1=CC(=C(C=C1)OCC(CNC(C)C)O)C(=O)C
DB01194,CCNC1CN(S(=O)(=O)C2=C1C=C(S2)S(=O)(=O)N)CCCOC
DB01195,C1CCNC(C1)CNC(=O)C2=C(C=CC(=C2)OCC(F)(F)F)OCC(F)(F)F
DB01196,CC12CCC3C(C1CCC2O)CCC4=C3C=CC(=C4)OC(=O)N(CCCl)CCCl
DB01197,CC(CS)C(=O)N1CCCC1C(=O)O
DB01199,CN1CCC2=CC(=C3C=C2C1CC4=CC=C(C=C4)OC5=C6C(CC7=CC(=C(C=C7)O)O3)[N+](CCC6=CC(=C5O)OC)(C)C)OC
DB01200,CC(C)CC1C(=O)N2CCCC2C3(N1C(=O)C(O3)(C(C)C)NC(=O)C4CN(C5CC6=C(NC7=CC=CC(=C67)C5=C4)Br)C)O
DB01201,CC1C=CC=C(C(=O)NC2=C(C(=C3C(=C2O)C(=C(C4=C3C(=O)C(O4)(OC=CC(C(C(C(C(C(C1O)C)O)C)OC(=O)C)C)OC)C)C)O)O)C=NN5CCN(CC5)C6CCCC6)C
DB01202,CCC(C(=O)N)N1CCCC1=O
DB01203,CC(C)(C)NCC(COC1=CC=CC2=C1CC(C(C2)O)O)O
DB01204,C1=CC(=C2C(=C1NCCNCCO)C(=O)C3=C(C=CC(=C3C2=O)O)O)NCCNCCO
DB01205,CCOC(=O)C1=C2CN(C(=O)C3=C(N2C=N1)C=CC(=C3)F)C
DB01206,C1CCC(CC1)NC(=O)N(CCCl)N=O
DB01208,CC1CN(CC(N1)C)C2=C(C(=C3C(=C2F)N(C=C(C3=O)C(=O)O)C4CC4)N)F
DB01209,CC12CCCCCC(C1N)CC3=C2C=C(C=C3)O
DB01210,CC(C)(C)NCC(COC1=CC=CC2=C1CCCC2=O)O
DB01211,CCC1C(C(C(C(=O)C(CC(C(C(C(C(C(=O)O1)C)OC2CC(C(C(O2)C)O)(C)OC)C)OC3C(C(CC(O3)C)N(C)C)O)(C)OC)C)C)O)(C)O
DB01212,CN1C(=NC(=O)C(=O)N1)SCC2=C(N3C(C(C3=O)NC(=O)C(=NOC)C4=CSC(=N4)N)SC2)C(=O)O
DB01213,CC1=CNN=C1
DB01214,CC1=CC(=C(C(=C1OC(=O)C)C)C)OCC(CNC(C)C)O
DB01215,C1C2=NN=CN2C3=C(C=C(C=C3)Cl)C(=N1)C4=CC=CC=C4
DB01216,CC12CCC3C(C1CCC2C(=O)NC(C)(C)C)CCC4C3(C=CC(=O)N4)C
DB01217,CC(C)(C#N)C1=CC(=CC(=C1)CN2C=NC=N2)C(C)(C)C#N
DB01218,CCCCN(CCCC)CCC(C1=C2C=CC(=CC2=C3C=C(C=C(C3=C1)Cl)Cl)C(F)(F)F)O
DB01219,C1C(=O)NC(=O)N1N=CC2=CC=C(O2)C3=CC=C(C=C3)[N+](=O)[O-]
DB01220,CC1C=CC=C(C(=O)NC2=C(C3=C(C4=C(C(=C3O)C)OC(C4=O)(OC=CC(C(C(C(C(C(C1O)C)O)C)OC(=O)C)C)OC)C)C5=C2N6C=CC(=CC6=N5)C)O)C
DB01221,CNC1(CCCCC1=O)C2=CC=CC=C2Cl
DB01222,CCCC1OC2CC3C4CCC5=CC(=O)C=CC5(C4C(CC3(C2(O1)C(=O)CO)C)O)C
DB01223,CN1C2=C(C(=O)N(C1=O)C)NC=N2.CN1C2=C(C(=O)N(C1=O)C)NC=N2.C(CN)N
DB01224,C1CN(CCN1CCOCCO)C2=NC3=CC=CC=C3SC4=CC=CC=C42
DB01225,CC(=O)NC1C(C(C(OC1O)COS(=O)(=O)O)OC2C(C(C(C(O2)C(=O)O)OC3C(C(C(C(O3)CO)OC4C(C(C(C(O4)C(=O)O)O)O)OS(=O)(=O)O)OS(=O)(=O)O)NS(=O)(=O)O)O)OS(=O)(=O)O)O
DB01226,C[N+]1(CCC2=CC(=C(C=C2C1CC3=CC(=C(C(=C3)OC)OC)OC)OC)OC)CCCOC(=O)CCC=CCCC(=O)OCCC[N+]4(CCC5=CC(=C(C=C5C4CC6=CC(=C(C(=C6)OC)OC)OC)OC)OC)C
DB01227,CCC(C(CC(C)N(C)C)(C1=CC=CC=C1)C2=CC=CC=C2)OC(=O)C
DB01229,CC1=C2C(C(=O)C3(C(CC4C(C3C(C(C2(C)C)(CC1OC(=O)C(C(C5=CC=CC=C5)NC(=O)C6=CC=CC=C6)O)O)OC(=O)C7=CC=CC=C7)(CO4)OC(=O)C)O)C)OC(=O)C
DB01230,C1=CC=C(C=C1)C2C(=O)N=C(O2)N
DB01232,CC(C)(C)NC(=O)C1CC2CCCCC2CN1CC(C(CC3=CC=CC=C3)NC(=O)C(CC(=O)N)NC(=O)C4=NC5=CC=CC=C5C=C4)O
DB01233,CCN(CC)CCNC(=O)C1=CC(=C(C=C1OC)N)Cl
DB01234,CC1CC2C3CCC4=CC(=O)C=CC4(C3(C(CC2(C1(C(=O)CO)O)C)O)F)C
DB01235,C1=CC(=C(C=C1CC(C(=O)O)N)O)O
DB01236,C(OC(C(F)(F)F)C(F)(F)F)F
DB01238,C1CC(=O)NC2=C1C=CC(=C2)OCCCCN3CCN(CC3)C4=C(C(=CC=C4)Cl)Cl
DB01240,CCCCCC(C=CC1C(CC2C1CC(=CCCCC(=O)O)O2)O)O
DB01241,CC1=CC(=C(C=C1)C)OCCCC(C)(C)C(=O)O
DB01242,CN(C)CCCN1C2=CC=CC=C2CCC3=C1C=C(C=C3)Cl
DB01244,CC(C)COCC(CN(CC1=CC=CC=C1)C2=CC=CC=C2)N3CCCC3
DB01246,CC(CN1C2=CC=CC=C2SC3=CC=CC=C31)CN(C)C
DB01247,CC1=CC(=NO1)C(=O)NNCC2=CC=CC=C2
DB01248,CC1=C2C(C(=O)C3(C(CC4C(C3C(C(C2(C)C)(CC1OC(=O)C(C(C5=CC=CC=C5)NC(=O)OC(C)(C)C)O)O)OC(=O)C6=CC=CC=C6)(CO4)OC(=O)C)O)C)O
DB01249,CC(=O)N(CC(CN(C1=C(C(=C(C(=C1I)C(=O)NCC(CO)O)I)C(=O)NCC(CO)O)I)C(=O)C)O)C2=C(C(=C(C(=C2I)C(=O)NCC(CO)O)I)C(=O)NCC(CO)O)I
DB01250,C1=CC(=C(C=C1N=NC2=CC(=C(C=C2)O)C(=O)O)C(=O)O)O
DB01253,CC(CO)NC(=O)C1CN(C2CC3=CNC4=CC=CC(=C34)C2=C1)C
DB01254,CC1=C(C(=CC=C1)Cl)NC(=O)C2=CN=C(S2)NC3=CC(=NC(=N3)C)N4CCN(CC4)CCO
DB01255,CC(CC1=CC=CC=C1)NC(=O)C(CCCCN)N
DB01256,CC1CCC23CCC(=O)C2C1(C(CC(C(C3C)O)(C)C=C)OC(=O)CSC4CC5CCC(C4)N5C)C
DB01259,CS(=O)(=O)CCNCC1=CC=C(O1)C2=CC3=C(C=C2)N=CN=C3NC4=CC(=C(C=C4)OCC5=CC(=CC=C5)F)Cl
DB01260,CC1(OC2CC3C4CCC5=CC(=O)C=CC5(C4C(CC3(C2(O1)C(=O)CO)C)O)C)C
DB01261,C1CN2C(=NN=C2C(F)(F)F)CN1C(=O)CC(CC3=CC(=C(C=C3F)F)F)N
DB01262,C1C(C(OC1N2C=NC(=NC2=O)N)CO)O
DB01263,CCC(C(C)O)N1C(=O)N(C=N1)C2=CC=C(C=C2)N3CCN(CC3)C4=CC=C(C=C4)OCC5CC(OC5)(CN6C=NC=N6)C7=C(C=C(C=C7)F)F
DB01264,CC(C)CN(CC(C(CC1=CC=CC=C1)NC(=O)OC2COC3C2CCO3)O)S(=O)(=O)C4=CC=C(C=C4)N
DB01265,CC1=CN(C(=O)NC1=O)C2CC(C(O2)CO)O
DB01267,CC1=C(C(=O)N2CCCC(C2=N1)O)CCN3CCC(CC3)C4=NOC5=C4C=CC(=C5)F
DB01268,CCN(CC)CCNC(=O)C1=C(NC(=C1C)C=C2C3=C(C=CC(=C3)F)NC2=O)C
DB01273,C1C2CNCC1C3=CC4=NC=CN=C4C=C23
DB01274,CC(CC1=CC=C(C=C1)OC)NCC(C2=CC(=C(C=C2)O)NC=O)O
DB01275,C1=CC=C2C(=C1)C=NN=C2NN
DB01276,CCC(C)C(C(=O)NC(CCC(=O)O)C(=O)NC(CC1=CNC2=CC=CC=C21)C(=O)NC(CC(C)C)C(=O)NC(CCCCN)C(=O)NC(CC(=O)N)C(=O)NCC(=O)NCC(=O)N3CCCC3C(=O)NC(CO)C(=O)NC(CO)C(=O)NCC(=O)NC(C)C(=O)N4CCCC4C(=O)N5CCCC5C(=O)N6CCCC6C(=O)NC(CO)C(=O)N)NC(=O)C(CC7=CC=CC=C7)NC(=O)C(CC(C)C)NC(=O)C(CCCNC(=N)N)NC(=O)C(C(C)C)NC(=O)C(C)NC(=O)C(CCC(=O)O)NC(=O)C(CCC(=O)O)NC(=O)C(CCC(=O)O)NC(=O)C(CCSC)NC(=O)C(CCC(=O)N)NC(=O)C(CCCCN)NC(=O)C(CO)NC(=O)C(CC(C)C)NC(=O)C(CC(=O)O)NC(=O)C(CO)NC(=O)C(C(C)O)NC(=O)C(CC8=CC=CC=C8)NC(=O)C(C(C)O)NC(=O)CNC(=O)C(CCC(=O)O)NC(=O)CNC(=O)C(CC9=CNC=N9)N
DB01278,CCC(C)C(C(=O)NC(CC(C)C)C(=O)N1CCCC1C(=O)N2CCCC2C(=O)NC(C(C)O)C(=O)NC(CC(=O)N)C(=O)NC(C(C)C)C(=O)NCC(=O)NC(CO)C(=O)NC(CC(=O)N)C(=O)NC(C(C)O)C(=O)NC(CC3=CC=C(C=C3)O)C(=O)N)NC(=O)C4CCCN4C(=O)CNC(=O)C(CC5=CC=CC=C5)NC(=O)C(CC(=O)N)NC(=O)C(CC(=O)N)NC(=O)C(CO)NC(=O)C(CO)NC(=O)C(CC6=CNC=N6)NC(=O)C(C(C)C)NC(=O)C(CC(C)C)NC(=O)C(CC7=CC=CC=C7)NC(=O)C(CC(=O)N)NC(=O)C(C)NC(=O)C(CC(C)C)NC(=O)C(CCCNC(=N)N)NC(=O)C(CCC(=O)N)NC(=O)C(C(C)O)NC(=O)C(C)NC(=O)C8CSSCC(C(=O)NC(C(=O)NC(C(=O)NC(C(=O)NC(C(=O)N8)C(C)O)C)C(C)O)CC(=O)N)NC(=O)C(CCCCN)N
DB01280,COC1=NC(=NC2=C1N=CN2C3C(C(C(O3)CO)O)O)N
DB01284,CC(C)[C@@H](C(=O)NCC(=O)N[C@@H](CCCCN)C(=O)N[C@@H](CCCCN)C(=O)N[C@@H](CCCNC(=N)N)C(=O)N[C@@H](CCCNC(=N)N)C(=O)N1CCC[C@H]1C(=O)N[C@@H](C(C)C)C(=O)N[C@@H](CCCCN)C(=O)N[C@@H](C(C)C)C(=O)N[C@@H](CC2=CC=C(C=C2)O)C(=O)N3CCC[C@H]3C(=O)O)NC(=O)[C@@H]4CCCN4C(=O)[C@H](CCCCN)NC(=O)CNC(=O)[C@H](CC5=CNC6=CC=CC=C65)NC(=O)[C@H](CCCNC(=N)N)NC(=O)[C@H](CC7=CC=CC=C7)NC(=O)[C@H](CC8=CNC=N8)NC(=O)[C@H](CCC(=O)O)NC(=O)[C@H](CCSC)NC(=O)[C@H](CO)NC(=O)[C@H](CC9=CC=C(C=C9)O)NC(=O)[C@H](CO)N
DB01285,CC(C)CC(C(=O)NC(CCC(=O)O)C(=O)NC(CC1=CC=CC=C1)C(=O)O)NC(=O)C2CCCN2C(=O)C(CC3=CC=CC=C3)NC(=O)C(C)NC(=O)C(CCC(=O)O)NC(=O)C(C)NC(=O)C(CO)NC(=O)C(CCC(=O)O)NC(=O)C(CC(=O)O)NC(=O)C(CCC(=O)O)NC(=O)C(C)NC(=O)CNC(=O)C(CC(=O)N)NC(=O)C4CCCN4C(=O)C(CC5=CC=C(C=C5)O)NC(=O)C(C(C)C)NC(=O)C(CCCCN)NC(=O)C(C(C)C)NC(=O)C6CCCN6C(=O)C(CCCNC(=N)N)NC(=O)C(CCCNC(=N)N)NC(=O)C(CCCCN)NC(=O)C(CCCCN)NC(=O)CNC(=O)C(C(C)C)NC(=O)C7CCCN7C(=O)C(CCCCN)NC(=O)CNC(=O)C(CC8=CNC9=CC=CC=C98)NC(=O)C(CCCNC(=N)N)NC(=O)C(CC1=CC=CC=C1)NC(=O)C(CC1=CN=CN1)NC(=O)C(CCC(=O)O)NC(=O)C(CCSC)NC(=O)C(CO)NC(=O)C(CC1=CC=C(C=C1)O)NC(=O)C(CO)N
DB01291,CC(C)(C)NCC(C1=NC(=C(C=C1)O)CO)O
DB01294,C1=CC=C2C(=C1)C(=O)O[Bi]O2.O
DB01299,COC1=C(N=CN=C1OC)NS(=O)(=O)C2=CC=C(C=C2)N
DB01303,CN1C(=C2C(=NC=N2)N(C1=O)C)[O-].C[N+](C)(C)CCO
DB01306,CCC(C)C1C(=O)NC2CSSCC(C(=O)NC(CSSCC(C(=O)NCC(=O)NC(C(=O)NC(C(=O)NC(C(=O)NC(C(=O)NC(C(=O)NC(C(=O)NC(C(=O)NC(C(=O)NC(C(=O)NC(C(=O)NC(CSSCC(NC(=O)C(NC(=O)C(NC(=O)C(NC(=O)C(NC(=O)C(NC(=O)C(NC(=O)C(NC(=O)C(NC2=O)CO)CC(C)C)CC3=CC=C(C=C3)O)CCC(=O)N)CC(C)C)CCC(=O)O)CC(=O)N)CC4=CC=C(C=C4)O)C(=O)NC(CC(=O)N)C(=O)O)C(=O)NCC(=O)NC(CCC(=O)O)C(=O)NC(CCCNC(=N)N)C(=O)NCC(=O)NC(CC5=CC=CC=C5)C(=O)NC(CC6=CC=CC=C6)C(=O)NC(CC7=CC=C(C=C7)O)C(=O)NC(C(C)O)C(=O)NC(CC(=O)O)C(=O)NC(CCCCN)C(=O)NC(C(C)O)C(=O)O)C(C)C)CC(C)C)CC8=CC=C(C=C8)O)CC(C)C)C)CCC(=O)O)C(C)C)CC(C)C)CC9=CNC=N9)CO)NC(=O)C(CC(C)C)NC(=O)C(CC2=CNC=N2)NC(=O)C(CCC(=O)N)NC(=O)C(CC(=O)N)NC(=O)C(C(C)C)NC(=O)C(CC2=CC=CC=C2)N)C(=O)NC(C(=O)NC(C(=O)N1)CO)C(C)O)NC(=O)C(CCC(=O)N)NC(=O)C(CCC(=O)O)NC(=O)C(C(C)C)NC(=O)C(C(C)CC)NC(=O)CN
DB01307,CCCCCCCCCCCCCC(=O)NCCCCC(C(=O)O)NC(=O)C1CCCN1C(=O)C(C(C)O)NC(=O)C(CC2=CC=C(C=C2)O)NC(=O)C(CC3=CC=CC=C3)NC(=O)C(CC4=CC=CC=C4)NC(=O)CNC(=O)C(CCCNC(=N)N)NC(=O)C(CCC(=O)O)NC(=O)CNC(=O)C5CSSCC(NC(=O)C(NC(=O)C(NC(=O)C(NC(=O)C(NC(=O)C(NC(=O)C(NC(=O)C(NC(=O)C(NC(=O)C6CSSCC(C(=O)NC(CSSCC(C(=O)NCC(=O)NC(C(=O)NC(C(=O)NC(C(=O)NC(C(=O)NC(C(=O)NC(C(=O)NC(C(=O)NC(C(=O)NC(C(=O)NC(C(=O)N5)C(C)C)CC(C)C)CC7=CC=C(C=C7)O)CC(C)C)C)CCC(=O)O)C(C)C)CC(C)C)CC8=CNC=N8)CO)NC(=O)C(CC(C)C)NC(=O)C(CC9=CNC=N9)NC(=O)C(CCC(=O)N)NC(=O)C(CC(=O)N)NC(=O)C(C(C)C)NC(=O)C(CC1=CC=CC=C1)N)C(=O)NC(C(=O)NC(C(=O)NC(C(=O)N6)C(C)CC)CO)C(C)O)NC(=O)C(CCC(=O)N)NC(=O)C(CCC(=O)O)NC(=O)C(C(C)C)NC(=O)C(C(C)CC)NC(=O)CN)CO)CC(C)C)CC1=CC=C(C=C1)O)CCC(=O)N)CC(C)C)CCC(=O)O)CC(=O)N)CC1=CC=C(C=C1)O)C(=O)NC(CC(=O)N)C(=O)O
DB01309,CCC(C)C1C(=O)NC2CSSCC(C(=O)NC(CSSCC(C(=O)NCC(=O)NC(C(=O)NC(C(=O)NC(C(=O)NC(C(=O)NC(C(=O)NC(C(=O)NC(C(=O)NC(C(=O)NC(C(=O)NC(C(=O)NC(CSSCC(NC(=O)C(NC(=O)C(NC(=O)C(NC(=O)C(NC(=O)C(NC(=O)C(NC(=O)C(NC(=O)C(NC2=O)CO)CC(C)C)CC3=CC=C(C=C3)O)CCC(=O)N)CC(C)C)CCC(=O)O)CC(=O)N)CC4=CC=C(C=C4)O)C(=O)NC(CC(=O)N)C(=O)O)C(=O)NCC(=O)NC(CCC(=O)O)C(=O)NC(CCCNC(=N)N)C(=O)NCC(=O)NC(CC5=CC=CC=C5)C(=O)NC(CC6=CC=CC=C6)C(=O)NC(CC7=CC=C(C=C7)O)C(=O)NC(C(C)O)C(=O)N8CCCC8C(=O)NC(CCC(=O)O)C(=O)NC(C(C)O)C(=O)O)C(C)C)CC(C)C)CC9=CC=C(C=C9)O)CC(C)C)C)CCC(=O)O)C(C)C)CC(C)C)CC2=CNC=N2)CO)NC(=O)C(CC(C)C)NC(=O)C(CC2=CNC=N2)NC(=O)C(CCC(=O)N)NC(=O)C(CCCCN)NC(=O)C(C(C)C)NC(=O)C(CC2=CC=CC=C2)N)C(=O)NC(C(=O)NC(C(=O)N1)CO)C(C)O)NC(=O)C(CCC(=O)N)NC(=O)C(CCC(=O)O)NC(=O)C(C(C)C)NC(=O)C(C(C)CC)NC(=O)CN
DB01319,CC(C)CN(CC(C(CC1=CC=CC=C1)NC(=O)OC2CCOC2)OP(=O)(O)O)S(=O)(=O)C3=CC=C(C=C3)N
DB01320,C1=CC=C(C=C1)C2(C(=O)N(C(=O)N2)COP(=O)(O)O)C3=CC=CC=C3
DB01322,COC1=CC(=O)OC(C1)/C=C/C2=CCCC=C2
DB01324,CN1C(NC2=CC(=C(C=C2S1(=O)=O)S(=O)(=O)N)Cl)CSCC(F)(F)F
DB01326,CN1C(=NN=N1)SCC2=C(N3C(C(C3=O)NC(=O)C(C4=CC=CC=C4)O)SC2)C(=O)O
DB01327,CC1=NN=C(S1)SCC2=C(N3C(C(C3=O)NC(=O)CN4C=NN=N4)SC2)C(=O)O
DB01328,C1C(=C(N2C(S1)C(C2=O)NC(=O)C(C3=CC=CC=C3)O)C(=O)O)CSC4=NN=NN4CS(=O)(=O)O
DB01329,CCN1CCN(C(=O)C1=O)C(=O)NC(C2=CC=C(C=C2)O)C(=O)NC3C4N(C3=O)C(=C(CS4)CSC5=NN=NN5C)C(=O)O
DB01330,CN1C(=NN=N1)SCC2=C(N3C(C(C3=O)(NC(=O)C4SC(=C(C(=O)N)C(=O)O)S4)OC)SC2)C(=O)O
DB01331,COC1(C2N(C1=O)C(=C(CS2)COC(=O)N)C(=O)O)NC(=O)CC3=CC=CS3
DB01332,CON=C(C1=CSC(=N1)N)C(=O)NC2C3N(C2=O)C(=CCS3)C(=O)O
DB01333,CC1=C(N2C(C(C2=O)NC(=O)C(C3=CCC=CC3)N)SC1)C(=O)O
DB01336,C[N+]1(CCC2=CC(=C3C=C2[C@@H]1CC4=CC=C(C=C4)OC5=C6[C@@H](CC7=CC(=C(C=C7)OC)O3)[N+](CCC6=CC(=C5OC)OC)(C)C)OC)C
DB01337,CC(=O)OC1CC2CCC3C(C2(CC1[N+]4(CCCCC4)C)C)CCC5(C3CC(C5OC(=O)C)[N+]6(CCCCC6)C)C
DB01338,CC(=O)OC1CC2CCC3C(C2(CC1N4CC[N+](CC4)(C)C)C)CCC5(C3CC(C5OC(=O)C)N6CC[N+](CC6)(C)C)C
DB01339,CC(=O)OC1CC2CCC3C(C2(CC1N4CCCCC4)C)CCC5(C3CC(C5OC(=O)C)[N+]6(CCCCC6)C)C
DB01344,CCC(CC)C1=CC=C(C=C1)S(=O)(=O)O
DB01351,CCC1(C(=O)NC(=O)NC1=O)CCC(C)C
DB01357,CC12CCC3C(C1CCC2(C#C)O)CCC4=C3C=CC(=C4)OC
DB01359,CC(C)(C)NCC(COC1=CC=CC=C1C2CCCC2)O
DB01362,CC(=O)N(CC(CO)O)C1=C(C(=C(C(=C1I)C(=O)NCC(CO)O)I)C(=O)NCC(CO)O)I
DB01364,CC(C(C1=CC=CC=C1)O)NC
DB01365,CC(C)(CC1=CC=CC=C1)NC
DB01367,C#CCNC1CCC2=CC=CC=C12
DB01377,O=[Mg]
DB01390,C(=O)(O)[O-].[Na+]
DB01392,COC(=O)C1C(CCC2C1CC3C4=C(CCN3C2)C5=CC=CC=C5N4)O
DB01394,CC(=O)NC1CCC2=CC(=C(C(=C2C3=CC=C(C(=O)C=C13)OC)OC)OC)OC
DB01395,CC12CCC(=O)C=C1C3CC3C4C2CCC5(C4C6CC6C57CCC(=O)O7)C
DB01396,CC1C(C(CC(O1)OC2C(OC(CC2O)OC3C(OC(CC3O)OC4CCC5(C(C4)CCC6C5CCC7(C6(CCC7C8=CC(=O)OC8)O)C)C)C)C)O)O
DB01399,C1=CC=C(C(=C1)C(=O)OC2=CC=CC=C2C(=O)O)O
DB01400,CN(C)C(=O)OC1=CC=CC(=C1)[N+](C)(C)C
DB01403,CC(CN1C2=CC=CC=C2SC3=C1C=C(C=C3)OC)CN(C)C
DB01404,CC1(CCC2(CCC3(C(=CCC4C3(CCC5C4(CC(C(C5(C)C(=O)OC6C(C(C(C(O6)CO)O)O)O)O)O)C)C)C2C1)CO)C(=O)OC7C(C(C(C(O7)CO)O)O)O)C
DB01406,CC12CCC3C(C1CCC2(C#C)O)CCC4=CC5=C(CC34C)C=NO5
DB01409,C[N+]1(C2CC(CC1C3C2O3)OC(=O)C(C4=CC=CS4)(C5=CC=CS5)O)C
DB01410,CC(C)C(=O)OCC(=O)C12C(CC3C1(CC(C4C3CCC5=CC(=O)C=CC45C)O)C)OC(O2)C6CCCCC6
DB01413,C[N+]1(CCCC1)CC2=C(N3C(C(C3=O)NC(=O)C(=NOC)C4=CSC(=N4)N)SC2)C(=O)[O-]
DB01415,C1C=C(N2C(S1)C(C2=O)NC(=O)C(=CCC(=O)O)C3=CSC(=N3)N)C(=O)O
DB01416,COCC1=C(N2C(C(C2=O)NC(=O)C(=NOC)C3=CSC(=N3)N)SC1)C(=O)O
DB01421,C1C(C(C(C(C1N)OC2C(C(C(C(O2)CO)O)O)N)OC3C(C(C(O3)CO)OC4C(C(C(C(O4)CN)O)O)N)O)O)N
DB01427,C1=CN=CC=C1C2=CNC(=O)C(=C2)N
DB01432,CCC(C)C.CCC(CC(C)C1=CC=CC=C1)C2=CC=C(C=C2)C[N+](C)(C)C.N.[Cl-]
DB01438,C1=CC=C(C=C1)N=NC2=C(N=C(C=C2)N)N
DB01452,CC(=O)OC1C=CC2C3CC4=C5C2(C1OC5=C(C=C4)OC(=O)C)CCN3C
DB01495,CC1=CC(=O)N(N1C)C2=CC=CC=C2.C(C(Cl)(Cl)Cl)(O)O.C(C(Cl)(Cl)Cl)(O)O
DB01501,C1CN(CCC1(C2=CC=CC=C2)C(=O)O)CCC(C#N)(C3=CC=CC=C3)C4=CC=CC=C4
DB01551,CN1CCC23C4C1CC5=C2C(=C(C=C5)OC)OC3C(CC4)O
DB01563,C(C(Cl)(Cl)Cl)(O)O
DB01574,O.O.O.O.O.O.O.O.O.O.O.O.O.O.[OH-].[Mg].[Mg].[Al].[Al].[Si].[Si].[Si].[Si]
DB01575,O.O.O=[Al]O[Si](=O)O[Si](=O)O[Al]=O
DB01576,CC(CC1=CC=CC=C1)N
DB01577,CC(CC1=CC=CC=C1)NC
DB01579,CC1C(OCCN1C)C2=CC=CC=C2
DB01583,C1=CC(=C(C=C1OC2=C(C=C(C=C2I)C[C@@H](C(=O)[O-])N)I)I)O.C1=C(C=C(C(=C1I)OC2=CC(=C(C(=C2)I)O)I)I)C[C@@H](C(=O)[O-])N.[Na+].[Na+]
DB01586,CC(CCC(=O)O)C1CCC2C1(CCC3C2C(CC4C3(CCC(C4)O)C)O)C
DB01589,C1C(=S)N(C2=C(C=C(C=C2)Cl)C(=N1)C3=CC=CC=C3F)CC(F)(F)F
DB01590,CC1CCC2CC(C(=CC=CC=CC(CC(C(=O)C(C(C(=CC(C(=O)CC(OC(=O)C3CCCCN3C(=O)C(=O)C1(O2)O)C(C)CC4CCC(C(C4)OC)OCCO)C)C)O)OC)C)C)C)OC
DB01591,C1CN2CCC1C(C2)OC(=O)N3CCC4=CC=CC=C4C3C5=CC=CC=C5
DB01592,[Fe]
DB01598,CC(C1C2CC(=C(N2C1=O)C(=O)O)SCCN=CN)O
DB01599,CC(C)(C)C1=CC(=CC(=C1O)C(C)(C)C)SC(C)(C)SC2=CC(=C(C(=C2)C(C)(C)C)O)C(C)(C)C
DB01601,CC1=C(C(=CC=C1)C)OCC(=O)NC(CC2=CC=CC=C2)C(CC(CC3=CC=CC=C3)NC(=O)C(C(C)C)N4CCCNC4=O)O
DB01602,CCOC(=O)OC(C)OC(=O)C1C(SC2N1C(=O)C2NC(=O)C(C3=CC=CC=C3)N)(C)C
DB01603,CC1(C(N2C(S1)C(C2=O)NC(=O)C3=C(C=CC=C3OC)OC)C(=O)O)C
DB01606,CC1(C(N2C(S1(=O)=O)CC2=O)C(=O)O)CN3C=CN=N3
DB01607,CC1(C(N2C(S1)C(C2=O)NC(=O)C(C3=CSC=C3)C(=O)O)C(=O)O)C
DB01609,C1=CC=C(C(=C1)C2=NN(C(=N2)C3=CC=CC=C3O)C4=CC=C(C=C4)C(=O)O)O
DB01610,CC(C)C(C(=O)OCC(CO)OCN1C=NC2=C1N=C(NC2=O)N)N
DB01611,CCN(CCCC(C)NC1=C2C=CC(=CC2=NC=C1)Cl)CCO
DB01612,CCCCCON=O
DB01618,CCC1=C(NC2=C1C(=O)C(CC2)CN3CCOCC3)C
DB01619,CN1CCC2=C(C1)C(C3=CC=CC=C23)C4=CC=CC=C4
DB01623,CN1CCN(CC1)CCC=C2C3=CC=CC=C3SC4=C2C=C(C=C4)S(=O)(=O)N(C)C
DB01627,CCCC1CC(N(C1)C)C(=O)NC(C2C(C(C(C(O2)SC)O)O)O)C(C)O
DB01638,C(C(C(C(C(CO)O)O)O)O)O
DB01656,C1CC1COC2=C(C=CC(=C2)C(=O)NC3=C(C=NC=C3Cl)Cl)OC(F)F
DB01764,CCN(CC)CCS(=O)(=O)C1CCN2C1C(=O)OC(C(C=CC(=O)NCC=CC(=CC(CC(=O)CC3=NC(=CO3)C2=O)O)C)C)C(C)C
DB02300,CC(C=CC(C1CC1)O)C2CCC3C2(CCCC3=CC=C4CC(CC(C4=C)O)O)C
DB02362,C1=CC(=CC=C1C(=O)O)N
DB02546,C1=CC=C(C=C1)NC(=O)CCCCCCC(=O)NO
DB02659,CC(CCC(=O)O)C1CCC2C1(C(CC3C2C(CC4C3(CCC(C4)O)C)O)O)C
DB02701,C1=CC(=CN=C1)C(=O)N
DB02959,C1=CC2=C(C=C1O)C(=CN2)CC(C(=O)O)N
DB03128,CC(=O)OCC[N+](C)(C)C
DB03404,CC1=C(C2=CC3=C(C(=C([N-]3)C=C4C(=C(C(=N4)C=C5C(=C(C(=N5)C=C1[N-]2)C)C=C)C)C=C)C)CCC(=O)O)CCC(=O)O.[Fe+2]
DB03614,[CH3-].CC1=CC2=C(C=C1C)N(C=N2)C3C(C(C(O3)CO)OP(=O)([O-])OC(C)CNC(=O)CCC4(C(C5C6(C(C(C(=C(C7=NC(=CC8=NC(=C(C4=N5)C)C(C8(C)C)CCC(=O)N)C(C7(C)CC(=O)N)CCC(=O)N)C)[N-]6)CCC(=O)N)(C)CC(=O)N)C)CC(=O)N)C)O.[Co+3]
DB03619,CC(CCC(=O)O)C1CCC2C1(C(CC3C2CCC4C3(CCC(C4)O)C)O)C
DB03754,C(C(CO)(CO)N)O
DB03904,C(=O)(N)N
DB04160,OP(=O)(O)OP(=O)(O)O
DB04272,C(C(=O)O)C(CC(=O)O)(C(=O)O)O
DB04398,CC(C(=O)O)O
DB04571,CC1=CC(=O)OC2=C1C=C3C=C(OC3=C2C)C
DB04572,C1CN1P(=S)(N2CC2)N3CC3
DB04574,CC12CCC3C(C1CCC2=O)CCC4=C3C=CC(=C4)OS(=O)(=O)O
DB04575,CC12CCC3C(C1CCC2(C#C)O)CCC4=C3C=CC(=C4)OC5CCCC5
DB04711,C1=C(C(=C(C(=C1I)NC(=O)CCCCC(=O)NC2=C(C=C(C(=C2I)C(=O)O)I)I)I)C(=O)O)I
DB04815,C1=CC2=C(C(=C(C=C2Cl)I)O)N=C1
DB04824,C1=CC=C2C(=C1)C(=O)OC2(C3=CC=C(C=C3)O)C4=CC=C(C=C4)O
DB04834,CCC(=O)O[C@H]1[C@H](C[C@@H]2[C@@]1(CC[C@H]3[C@H]2CC[C@@H]4[C@@]3(C[C@@H]([C@H](C4)OC(=O)C)N5CCCCC5)C)C)[N+]6(CCCCC6)CC=C
DB04835,CC1=NN=C(N1C2CC3CCC(C2)N3CCC(C4=CC=CC=C4)NC(=O)C5CCC(CC5)(F)F)C(C)C
DB04837,CN(C)CCC(C1=CC=CC=C1)(C2=CC=CC=C2Cl)O
DB04838,CC1CC(CC(C1)(C)C)OC(=O)C(C2=CC=CC=C2)O
DB04843,C[N+]1(CCCC(C1)OC(=O)C(C2=CC=CC=C2)(C3=CC=CC=C3)O)C
DB04844,CC(C)CC1CN2CCC3=CC(=C(C=C3C2CC1=O)OC)OC
DB04845,CC1CCCC2(C(O2)CC(NC(=O)CC(C(C(=O)C(C1O)C)(C)C)O)C(=CC3=CSC(=N3)C)C)C
DB04854,CC1=C(SC(=N1)C2=CC(=C(C=C2)OCC(C)C)C#N)C(=O)O
DB04855,CCCCC1=C(C2=C(O1)C=CC(=C2)NS(=O)(=O)C)C(=O)C3=CC=C(C=C3)OCCCN(CCCC)CCCC
DB04861,C1CC2=C(C=CC(=C2)F)OC1C(CNCC(C3CCC4=C(O3)C=CC(=C4)F)O)O
DB04865,CC(C)(CCCC(CC(=O)OC)(C(=O)OC1C2C3=CC4=C(C=C3CCN5C2(CCC5)C=C1OC)OCO4)O)O
DB04868,CC1=C(C=C(C=C1)C(=O)NC2=CC(=CC(=C2)C(F)(F)F)N3C=C(N=C3)C)NC4=NC=CC(=N4)C5=CN=CC=C5
DB04871,CC1CNCCC2=C1C=C(C=C2)Cl
DB04895,COCCOC(=O)NCCCCC(C(=O)NCCCCCCCOP(=O)(C)O)NC(=O)OCCOC
DB04896,CCN(CC)C(=O)C1(CC1CN)C2=CC=CC=C2
DB04899,CC[C@H](C)[C@H]1C(=O)N[C@H](C(=O)N[C@H](C(=O)N[C@H](C(=O)N[C@H](C(=O)NCC(=O)N[C@H](C(=O)NCC(=O)N[C@@H](CSSC[C@@H](C(=O)N[C@H](C(=O)NCC(=O)N[C@H](C(=O)N[C@H](C(=O)N[C@H](C(=O)N[C@H](C(=O)N[C@H](C(=O)N1)CCCNC(=N)N)CC(=O)O)CCSC)CCCCN)CCCNC(=N)N)CC2=CC=CC=C2)NC(=O)CNC(=O)[C@H](CO)NC(=O)CNC(=O)[C@H](CCC(=O)N)NC(=O)[C@H](C(C)C)NC(=O)[C@H](CCSC)NC(=O)[C@H](CCCCN)NC(=O)[C@@H]3CCCN3C(=O)[C@H](CO)N)C(=O)N[C@@H](CCCCN)C(=O)N[C@@H](C(C)C)C(=O)N[C@@H](CC(C)C)C(=O)N[C@@H](CCCNC(=N)N)C(=O)N[C@@H](CCCNC(=N)N)C(=O)N[C@@H](CC4=CN=CN4)C(=O)O)CC(C)C)CO)CO)CO)CO
DB04908,C1CN(CCN1CCN2C3=CC=CC=C3NC2=O)C4=CC=CC(=C4)C(F)(F)F
DB04911,CC1C(C(CC(O1)OC2C3C(=O)NC(C4=C(C(=CC(=C4)O)O)C5=C(C=CC(=C5)C(C(=O)N3)NC(=O)C6C7=CC(=C(C(=C7)OC8=C(C=C2C=C8)Cl)OC9C(C(C(C(O9)CO)O)O)OC1CC(C(C(O1)C)O)(C)NCC1=CC=C(C=C1)C1=CC=C(C=C1)Cl)OC1=C(C=C(C=C1)C(C(C(=O)NC(C(=O)N6)CC(=O)N)NC(=O)C(CC(C)C)NC)O)Cl)O)C(=O)O)(C)N)O
DB04920,CCCC(=O)OCOC(=O)C1=C(NC(=C(C1C2=C(C(=CC=C2)Cl)Cl)C(=O)OC)C)C
DB04932,CC(C)C1=C(C=C(C(=C1)C2=NNC(=O)N2C3=CC4=C(C=C3)N(C=C4)C)O)OP(=O)(O)O
DB04938,C1=CC=C(C=C1)C(=C(C2=CC=CC=C2)C3=CC=C(C=C3)OCCO)CCCl
DB04946,CC(=O)C1=CC(=C(C=C1)OCCCN2CCC(CC2)C3=NOC4=C3C=CC(=C4)F)OC
DB04948,CC(C1=NCCN1)OC2=C(C=CC=C2Cl)Cl
DB04951,CC1=CN(C(=O)C=C1)C2=CC=CC=C2
DB04953,CCOC(=O)NC1=C(C=C(C=C1)NCC2=CC=C(C=C2)F)N
DB05015,C1=CC=C(C=C1)NS(=O)(=O)C2=CC=CC(=C2)C=CC(=O)NO
DB05018,C1C(C(C(C(N1)CO)O)O)O
DB05039,CCC1=C(C=C2CC(CC2=C1)NCC(C3=C4C=CC(=O)NC4=C(C=C3)O)O)CC
DB05084,CCC(C)C(C(=O)NC(CCC(=O)N)C(=O)NC(CC(=O)O)C(=O)NC(CC(C)C)C(=O)NC(CCCNC(=N)N)C(=O)NC(CCCNC(=N)N)C(=O)NC(CCCNC(=N)N)C(=O)NC(CCC(=O)O)C(=O)NC(CC(C)C)C(=O)NC(CC(C)C)C(=O)NC(CCC(=O)O)C(=O)NC(CCCCN)C(=O)NC(CC(C)C)C(=O)NC(CC(C)C)C(=O)NC(C)(C)C(=O)NC(CCCCN)C(=O)NC(CC(C)C)C(=O)NC(CC1=CN=CN1)C(=O)NC(C(C)O)C(=O)NC(C)C(=O)N)NC(=O)C(CO)NC(=O)C(CCCCN)NC(=O)CNC(=O)C(CCCCN)NC(=O)C(CC(=O)O)NC(=O)C(CC2=CN=CN2)NC(=O)C(CC(C)C)NC(=O)C(CC(C)C)NC(=O)C(CCC(=O)N)NC(=O)C(CC3=CN=CN3)NC(=O)C(CCC(=O)O)NC(=O)C(CO)NC(=O)C(C(C)C)NC(=O)C(C)N
DB05109,CC1=CC2=C(C3C4C5C6=C(C(=C7C(=C6C(N4C(C(C2)N3C)O)COC(=O)C8(CS5)C9=CC(=C(C=C9CCN8)O)OC)OCO7)C)OC(=O)C)C(=C1OC)O
DB05154,C1C(COC2=NC(=CN21)[N+](=O)[O-])OCC3=CC=C(C=C3)OC(F)(F)F
DB05239,C1CCNC(C1)C2(CN(C2)C(=O)C3=C(C(=C(C=C3)F)F)NC4=C(C=C(C=C4)I)F)O
DB05245,C1=CN=C(N=C1)[N-]S(=O)(=O)C2=CC=C(C=C2)N.[Ag+]
DB05246,CC1(CC(=O)N(C1=O)C)C2=CC=CC=C2
DB05260,[N+](=O)([O-])[O-].[N+](=O)([O-])[O-].[N+](=O)([O-])[O-].[Ga+3]
DB05271,CCCN(CCC1=CC=CS1)C2CCC3=C(C2)C=CC=C3O
DB05273,[Sm]
DB05294,CN1CCC(CC1)COC2=C(C=C3C(=C2)N=CN=C3NC4=C(C=C(C=C4)Br)F)OC
DB05316,CC(C)COC1=CC=C(C=C1)CNC(=O)N(CC2=CC=C(C=C2)F)C3CCN(CC3)C
DB05332,CC1=CC(=C(N1)C=C2C3=CC=CC=C3NC2=O)C
DB05351,CC1=C(C=CN=C1CS(=O)C2=NC3=CC=CC=C3N2)OCC(F)(F)F
DB05381,C1=C(NC=N1)CCN
DB05382,II
DB05521,CCCC(C(=O)C(=O)NC1CC1)NC(=O)C2C3CCCC3CN2C(=O)C(C(C)(C)C)NC(=O)C(C4CCCCC4)NC(=O)C5=NC=CN=C5
DB05528,CC1=CN(C(=O)NC1=O)[C@H]2C[C@@H]([C@H](O2)COP(=S)(O)O[C@H]3C[C@@H](O[C@@H]3COP(=S)(O)O[C@H]4C[C@@H](O[C@@H]4COP(=S)(O)O[C@H]5C[C@@H](O[C@@H]5COP(=S)(O)O[C@H]6C[C@@H](O[C@@H]6COP(=S)(O)O[C@H]7C[C@@H](O[C@@H]7COP(=S)(O)O[C@H]8C[C@@H](O[C@@H]8COP(=S)(O)O[C@H]9C[C@@H](O[C@@H]9COP(=S)(O)O[C@H]1C[C@@H](O[C@@H]1COP(=S)(O)O[C@@H]1[C@H](O[C@H]([C@@H]1OCCOC)N1C=C(C(=NC1=O)N)C)COP(=S)(O)O[C@@H]1[C@H](O[C@H]([C@@H]1OCCOC)N1C=C(C(=O)NC1=O)C)COP(=S)(O)O[C@@H]1[C@H](O[C@H]([C@@H]1OCCOC)N1C=C(C(=NC1=O)N)C)COP(=S)(O)O[C@@H]1[C@H](O[C@H]([C@@H]1OCCOC)N1C=C(C(=NC1=O)N)C)COP(=S)(O)O[C@@H]1[C@H](O[C@H]([C@@H]1OCCOC)N1C=NC2=C1N=C(NC2=O)N)CO)N1C=NC2=C(N=CN=C21)N)N1C=NC2=C1N=C(NC2=O)N)N1C=C(C(=O)NC1=O)C)N1C=C(C(=NC1=O)N)C)N1C=C(C(=O)NC1=O)C)N1C=NC2=C1N=C(NC2=O)N)N1C=C(C(=NC1=O)N)C)N1C=C(C(=O)NC1=O)C)OP(=S)(O)OC[C@@H]1[C@H](C[C@@H](O1)N1C=C(C(=NC1=O)N)C)OP(=S)(O)OC[C@@H]1[C@H]([C@H]([C@@H](O1)N1C=NC2=C1N=C(NC2=O)N)OCCOC)OP(=S)(O)OC[C@@H]1[C@H]([C@H]([C@@H](O1)N1C=C(C(=NC1=O)N)C)OCCOC)OP(=S)(O)OC[C@@H]1[C@H]([C@H]([C@@H](O1)N1C=NC2=C(N=CN=C21)N)OCCOC)OP(=O)(OC[C@@H]1[C@H]([C@H]([C@@H](O1)N1C=C(C(=NC1=O)N)C)OCCOC)OP(=S)(O)OC[C@@H]1[C@H]([C@H]([C@@H](O1)N1C=C(C(=NC1=O)N)C)OCCOC)O)S
DB05541,CCCC1CC(=O)N(C1)C(CC)C(=O)N
DB05676,CCOC1=C(C=CC(=C1)C(CS(=O)(=O)C)N2C(=O)C3=C(C2=O)C(=CC=C3)NC(=O)C)OC
DB05812,CC12CCC(CC1=CCC3C2CCC4(C3CC=C4C5=CN=CC=C5)C)O
DB05990,CCC1C2CC(CCC2(C3CCC4(C(C3C1O)CCC4C(C)CCC(=O)O)C)C)O
DB06016,CN(C)C(=O)NC1CCC(CC1)CCN2CCN(CC2)C3=C(C(=CC=C3)Cl)Cl
DB06077,CN1CCN2C3CCN(CC3C4=C2C1=CC=C4)CCCC(=O)C5=CC=C(C=C5)F
DB06119,C1=CC=C(C(=C1)C(CN2N=CN=N2)OC(=O)N)Cl
DB06151,CC(=O)NC(CS)C(=O)O
DB06176,CC=C1C(=O)NC(C(=O)OC2CC(=O)NC(C(=O)NC(CSSCCC=C2)C(=O)N1)C(C)C)C(C)C
DB06196,C1CCC2C(C1)CC(N2C(=O)C3CC4=CC=CC=C4CN3C(=O)C(CO)NC(=O)C(CC5=CC=CS5)NC(=O)CNC(=O)C6CC(CN6C(=O)C7CCCN7C(=O)C(CCCN=C(N)N)NC(=O)C(CCCN=C(N)N)N)O)C(=O)NC(CCCN=C(N)N)C(=O)O
DB06201,C1=CC(=C(C(=C1)F)CN2C=C(N=N2)C(=O)N)F
DB06203,CN1C(=O)C=C(N(C1=O)CC2=CC=CC=C2C#N)N3CCCC(C3)N
DB06204,CC[C@@H](C1=CC(=CC=C1)O)[C@@H](C)CN(C)C
DB06206,C(CSC[C@@H]1[C@@H]2[C@@H]([C@H]([C@H](O1)O[C@@H]3[C@H](O[C@@H]([C@@H]([C@H]3O)O)O[C@@H]4[C@H](O[C@@H]([C@@H]([C@H]4O)O)O[C@@H]5[C@H](O[C@@H]([C@@H]([C@H]5O)O)O[C@@H]6[C@H](O[C@@H]([C@@H]([C@H]6O)O)O[C@@H]7[C@H](O[C@@H]([C@@H]([C@H]7O)O)O[C@@H]8[C@H](O[C@@H]([C@@H]([C@H]8O)O)O[C@@H]9[C@H](O[C@H](O2)[C@@H]([C@H]9O)O)CSCCC(=O)O)CSCCC(=O)O)CSCCC(=O)O)CSCCC(=O)O)CSCCC(=O)O)CSCCC(=O)O)CSCCC(=O)O)O)O)C(=O)O
DB06207,CC(CC1=CC2=C(C(=C1)C(=O)N)N(CC2)CCCO)NCCOC3=CC=CC=C3OCC(F)(F)F
DB06209,CC(=O)OC1=CC2=C(S1)CCN(C2)C(C3=CC=CC=C3F)C(=O)C4CC4
DB06210,CC1=C(C=C(C=C1)N2C(=O)C(=C(N2)C)N=NC3=CC=CC(=C3O)C4=CC(=CC=C4)C(=O)O)C
DB06211,CC1C2C(C(=O)N2C(=C1SC3CC(NC3)CNS(=O)(=O)N)C(=O)O)C(C)O
DB06212,CC1=CC=CC=C1C(=O)NC2=CC(=C(C=C2)C(=O)N3CCCC(C4=C3C=CC(=C4)Cl)O)C
DB06213,CNC(=O)C1=CN(N=C1)C2=NC(=C3C(=N2)N(C=N3)C4C(C(C(O4)CO)O)O)N
DB06215,O[Fe]=O.O[Fe]=O.[Fe]
DB06216,CN1CC2C(C1)C3=C(C=CC(=C3)Cl)OC4=CC=CC=C24
DB06218,CC(=O)NC(COC)C(=O)NCC1=CC=CC=C1
DB06219,CC(C)CCCCCCCCC(=O)NC1C(C(C(OC1OC2=C3C=C4C=C2OC5=C(C=C(C=C5)C(C6C(=O)NC(C7=C(C(=CC(=C7)O)OC8C(C(C(C(O8)CO)O)O)O)C9=C(C=CC(=C9)C(C(=O)N6)NC(=O)C4NC(=O)C1C2=C(C(=CC(=C2)OC2=C(C=CC(=C2)C(C(=O)NC(CC2=CC=C(O3)C=C2)C(=O)N1)NC)O)O)Cl)O)C(=O)NCCCN(C)C)O)Cl)C(=O)O)O)O
DB06228,C1COCC(=O)N1C2=CC=C(C=C2)N3CC(OC3=O)CNC(=O)C4=CC=C(S4)Cl
DB06230,C=C1CCC2(C3CC4=C5C2(C1OC5=C(C=C4)O)CCN3CC6CC6)O
DB06237,COC1=C(C=C(C=C1)CNC2=NC(=NC=C2C(=O)NCC3=NC=CC=N3)N4CCCC4CO)Cl
DB06261,CCCCCCOC(=O)CCC(=O)CN
DB06262,C1=CC(=C(C=C1C(C(C(=O)O)N)O)O)O
DB06274,CC1CN(CCC1(C)C2=CC(=CC=C2)O)CC(CC3=CC=CC=C3)C(=O)NCC(=O)O
DB06282,C1CN(CCN1CCOCC(=O)O)[C@H](C2=CC=CC=C2)C3=CC=C(C=C3)Cl
DB06283,CC1C(=O)NC(C(=O)NC2CSSCC3C(=O)NC(C(=O)NC(C(=O)NCC(=O)NC(C(=O)NC(CSSCC(C(=O)NC(CSSCC(C(=O)NC(C(=O)NCC(=O)NC(C(=O)NCC(=O)N1)CCCCN)CCCCN)N)C(=O)NC(C(=O)NCC(=O)NC(C(=O)N3)CO)C(C)O)NC(=O)C(NC(=O)C(NC(=O)C(NC(=O)C(NC(=O)C(NC(=O)C(NC2=O)CO)CCCNC(=N)N)CC(C)C)CCSC)CC4=CC=C(C=C4)O)CC(=O)O)C(=O)N)CCCCN)CO)CCCNC(=N)N)CCCCN
DB06285,CCC(C)C(C(=O)NC(CCC(=O)N)C(=O)NC(CC(C)C)C(=O)NC(CCSC)C(=O)NC(CC1=CNC=N1)C(=O)NC(CC(=O)N)C(=O)NC(CC(C)C)C(=O)NCC(=O)NC(CCCCN)C(=O)NC(CC2=CNC=N2)C(=O)NC(CC(C)C)C(=O)NC(CC(=O)N)C(=O)NC(CO)C(=O)NC(CCSC)C(=O)NC(CCC(=O)O)C(=O)NC(CCCNC(=N)N)C(=O)NC(C(C)C)C(=O)NC(CCC(=O)O)C(=O)NC(CC3=CNC4=CC=CC=C43)C(=O)NC(CC(C)C)C(=O)NC(CCCNC(=N)N)C(=O)NC(CCCCN)C(=O)NC(CCCCN)C(=O)NC(CC(C)C)C(=O)NC(CCC(=O)N)C(=O)NC(CC(=O)O)C(=O)NC(C(C)C)C(=O)NC(CC5=CNC=N5)C(=O)NC(CC(=O)N)C(=O)NC(CC6=CC=CC=C6)C(=O)O)NC(=O)C(CCC(=O)O)NC(=O)C(CO)NC(=O)C(C(C)C)NC(=O)C(CO)N
DB06287,CC1CCC2CC(C(=CC=CC=CC(CC(C(=O)C(C(C(=CC(C(=O)CC(OC(=O)C3CCCCN3C(=O)C(=O)C1(O2)O)C(C)CC4CCC(C(C4)OC)OC(=O)C(C)(CO)CO)C)C)O)OC)C)C)C)OC
DB06288,CCN1CCCC1CNC(=O)C2=CC(=C(C=C2OC)N)S(=O)(=O)CC
DB06290,CC1=C(C=CC2=C1N=C(C=C2OC3CC4C(C3)C(=O)N(CCCCC=CC5CC5(NC4=O)C(=O)NS(=O)(=O)C6CC6)C)C7=NC(=CS7)C(C)C)OC
DB06292,CCOC1=CC=C(C=C1)CC2=C(C=CC(=C2)C3C(C(C(C(O3)CO)O)O)O)Cl
DB06335,C1C2CC2N(C1C#N)C(=O)C(C34CC5CC(C3)CC(C5)(C4)O)N
DB06401,CC1=C(N(C2=C1C=C(C=C2)O)CC3=CC=C(C=C3)OCCN4CCCCCC4)C5=CC=C(C=C5)O
DB06402,CCCCCCCCCCNCCNC1(CC(OC(C1O)C)OC2C(C(C(OC2OC3=C4C=C5C=C3OC6=C(C=C(C=C6)C(C(C(=O)NC(C(=O)NC5C(=O)NC7C8=CC(=C(C=C8)O)C9=C(C(=C(C=C9C(NC(=O)C(C(C1=CC(=C(O4)C=C1)Cl)O)NC7=O)C(=O)O)O)CNCP(=O)(O)O)O)CC(=O)N)NC(=O)C(CC(C)C)NC)O)Cl)CO)O)O)C
DB06403,CC1=CC(=NC(=N1)OC(C(=O)O)C(C2=CC=CC=C2)(C3=CC=CC=C3)OC)C
DB06410,CC(C)C(C)C=CC(C)C1CCC2C1(CCCC2=CC=C3CC(CC(C3=C)O)O)C
DB06412,CC12CCC3C(C1CCC2(C)O)CCC4C3(CC(=CO)C(=O)C4)C
DB06413,C1=CC=C(C=C1)C(C2=CC=CC=C2)S(=O)CC(=O)N
DB06414,CC1=CC(=CC(=C1OC2=NC(=NC(=C2Br)N)NC3=CC=C(C=C3)C#N)C)C#N
DB06441,CSCCNC1=C2C(=NC(=N1)SCCC(F)(F)F)N(C=N2)C3C(C(C(O3)COP(=O)(O)OP(=O)(C(P(=O)(O)O)(Cl)Cl)O)O)O
DB06448,C1CN(CCC1CC(=O)N2CCC(CC2)C3C4=C(CCC5=C3N=CC(=C5)Br)C=C(C=C4Br)Cl)C(=O)N
DB06480,COCCCN1CCC(CC1)NC(=O)C2=CC(=C(C3=C2OCC3)N)Cl
DB06589,CC1=C(C=C(C=C1)NC2=NC=CC(=N2)N(C)C3=CC4=NN(C(=C4C=C3)C)C)S(=O)(=O)N
DB06590,CCO/N=C(/C1=NSC(=N1)NP(=O)(O)O)\\C(=O)N[C@H]2[C@@H]3N(C2=O)C(=C(CS3)SC4=NC(=CS4)C5=CC=[N+](C=C5)C)C(=O)[O-]
DB06595,CC12C(C(CC(O1)N3C4=CC=CC=C4C5=C6C(=C7C8=CC=CC=C8N2C7=C53)CNC6=O)N(C)C(=O)C9=CC=CC=C9)OC
DB06603,CC1=C(C2=CC=CC=C2N1)CCNCC3=CC=C(C=C3)C=CC(=O)NO
DB06605,COC1=CC=C(C=C1)N2C3=C(CCN(C3=O)C4=CC=C(C=C4)N5CCCCC5=O)C(=N2)C(=O)N
DB06608,CC1=CC(=NC2=C1C(=C(C=C2NC(C)CCCN)OC)OC3=CC=CC(=C3)C(F)(F)F)OC
DB06616,CN1CCN(CC1)CCCOC2=C(C=C3C(=C2)N=CC(=C3NC4=CC(=C(C=C4Cl)Cl)OC)C#N)OC
DB06626,CNC(=O)C1=CC=CC=C1SC2=CC3=C(C=C2)C(=NN3)C=CC4=CC=CC=N4
DB06636,CC(C1=NC(=CS1)C2=CC=C(C=C2)C#N)C(CN3C=[N+](C=N3)C(C)OC(=O)N(C)C4=C(C=CC=N4)COC(=O)CNC)(C5=C(C=CC(=C5)F)F)O
DB06637,C1=CN=CC=C1N
DB06654,CC(C(=O)N)NCC1=CC=C(C=C1)OCC2=CC(=CC=C2)F
DB06655,CCCCCCCCCCCCCCCC(=O)NC(CCC(=O)NCCCCC(C(=O)NC(CCC(=O)O)C(=O)NC(CC1=CC=CC=C1)C(=O)NC(C(C)CC)C(=O)NC(C)C(=O)NC(CC2=CNC3=CC=CC=C32)C(=O)NC(CC(C)C)C(=O)NC(C(C)C)C(=O)NC(CCCNC(=N)N)C(=O)NCC(=O)NC(CCCNC(=N)N)C(=O)NCC(=O)O)NC(=O)C(C)NC(=O)C(C)NC(=O)C(CCC(=O)N)NC(=O)CNC(=O)C(CCC(=O)O)NC(=O)C(CC(C)C)NC(=O)C(CC4=CC=C(C=C4)O)NC(=O)C(CO)NC(=O)C(CO)NC(=O)C(C(C)C)NC(=O)C(CC(=O)O)NC(=O)C(CO)NC(=O)C(C(C)O)NC(=O)C(CC5=CC=CC=C5)NC(=O)C(C(C)O)NC(=O)CNC(=O)C(CCC(=O)O)NC(=O)C(C)NC(=O)C(CC6=CN=CN6)N)C(=O)O
DB06663,C1C(CN2C1C(=O)NC(C(=O)NC(C(=O)NC(C(=O)NC(C(=O)NC(C2=O)CC3=CC=CC=C3)CC4=CC=C(C=C4)OCC5=CC=CC=C5)CCCCN)CC6=CNC7=CC=CC=C76)C8=CC=CC=C8)OC(=O)NCCN
DB06684,C1CN(CCN1CCCCC2=CNC3=C2C=C(C=C3)C#N)C4=CC5=C(C=C4)OC(=C5)C(=O)N
DB06690,[N-]=[N+]=O
DB06691,CN(C)CCN(CC1=CC=C(C=C1)OC)C2=CC=CC=N2
DB06692,CC[C@H](C)[C@H]1C(=O)N[C@H](C(=O)N[C@H](C(=O)N[C@H](C(=O)N[C@H](C(=O)N[C@H](C(=O)N[C@H](C(=O)N[C@H](C(=O)N[C@H](C(=O)N[C@H](C(=O)NCC(=O)N[C@H](C(=O)N[C@H]2CSSC[C@H]3C(=O)N[C@H](C(=O)N[C@H](C(=O)N[C@H](C(=O)N[C@@H](CSSC[C@@H](C(=O)N[C@H](C(=O)N[C@H](C(=O)N4CCC[C@H]4C(=O)N5CCC[C@H]5C(=O)N[C@H](C(=O)N[C@H](C(=O)NCC(=O)N6CCC[C@H]6C(=O)N[C@@H](CSSC[C@@H](C(=O)N[C@H](C(=O)N[C@H](C(=O)N[C@H](C(=O)N[C@H](C(=O)N[C@H](C(=O)N[C@H](C(=O)N[C@H](C(=O)N[C@H](C(=O)N[C@H](C(=O)N[C@H](C(=O)N[C@H](C(=O)N[C@H](C(=O)N3)CC(=O)O)CCC(=O)O)C)CO)CCCCN)CC7=CC=CC=C7)CC(=O)N)CC(=O)N)CCCNC(=N)N)CCCCN)C)CCCNC(=N)N)NC(=O)CNC(=O)CNC(=O)[C@@H](NC(=O)[C@@H](NC(=O)[C@@H](NC(=O)[C@@H](NC(=O)[C@@H](NC2=O)CCC(=O)N)[C@@H](C)O)CC8=CC=CC=C8)C(C)C)CC9=CC=C(C=C9)O)C(=O)N[C@H](C(=O)N[C@H](C(=O)N[C@H](C(=O)N1)CCCNC(=N)N)C)CCCCN)[C@@H](C)O)CC1=CC=C(C=C1)O)CCC(=O)O)CC(C)C)NC(=O)[C@H](CC1=CC=CC=C1)NC(=O)[C@H](CC(=O)O)NC(=O)[C@@H]1CCCN1C(=O)[C@H](CCCNC(=N)N)N)C(=O)NCC(=O)NCC(=O)N[C@@H](C)C(=O)O)[C@@H](C)O)CCCNC(=N)N)CCSC)CC(C)C)C)CCCCN)C)CC(=O)N)CC1=CC=C(C=C1)O)CC1=CC=CC=C1)CC1=CC=C(C=C1)O)CCCNC(=N)N)[C@@H](C)CC
DB06694,CC1=CC(=CC(=C1CC2=NCCN2)C)C(C)(C)C
DB06697,CC1CCC2C(C(OC3C24C1CCC(O3)(OO4)C)OC)C
DB06699,CC(C)CC(C(=O)NC(CCCCNC(C)C)C(=O)N1CCCC1C(=O)NC(C)C(=O)N)NC(=O)C(CC2=CC=C(C=C2)NC(=O)N)NC(=O)C(CC3=CC=C(C=C3)NC(=O)C4CC(=O)NC(=O)N4)NC(=O)C(CO)NC(=O)C(CC5=CN=CC=C5)NC(=O)C(CC6=CC=C(C=C6)Cl)NC(=O)C(CC7=CC8=CC=CC=C8C=C7)NC(=O)C
DB06700,CN(C)CC(C1=CC=C(C=C1)O)C2(CCCCC2)O
DB06701,COC(=O)[C@@H]([C@H]1CCCCN1)C2=CC=CC=C2
DB06702,CC(C)C(=O)OC1=C(C=C(C=C1)CO)[C@H](CCN(C(C)C)C(C)C)C2=CC=CC=C2
DB06703,C1CN(CCN(CCN(CCN1CC(=O)[O-])CC(=O)[O-])C(CO)C(CO)O)CC(=O)[O-].[Gd+3]
DB06704,C1=CC(=CC(=C1)I)CN=C(N)N
DB06705,C1CC(CCC1OP(=O)([O-])OCC(CN(CCN(CC(=O)[O-])CC(=O)[O-])CC(=O)[O-])N(CC(=O)[O-])CC(=O)[O-])(C2=CC=CC=C2)C3=CC=CC=C3.[Na+].[Na+].[Na+].[Gd+3]
DB06706,CC(CCC=C(C)C)NC
DB06707,CC(C(C1=CC(=C(C=C1)O)O)O)N
DB06708,CCCCN(CCCC)CC(C1=CC(=CC2=C1C3=C(C2=CC4=CC=C(C=C4)Cl)C=C(C=C3)Cl)Cl)O
DB06709,CC(C[N+](C)(C)C)OC(=O)C
DB06710,CC12CCC(=O)C=C1CCC3C2CCC4(C3CCC4(C)O)C
DB06711,C1CN=C(N1)CC2=CC=CC3=CC=CC=C32
DB06713,CC[C@]12CC[C@H]3[C@H]([C@@H]1CC[C@]2(C#C)O)CCC4=C/C(=N/O)/CC[C@H]34
DB06714,CC(CC1CCCCC1)NC
DB06715,[K+].[I-]
DB06716,CC(C)C1=C(C(=CC=C1)C(C)C)OCOP(=O)(O)O
DB06717,C[C@H](C1=CC(=CC(=C1)C(F)(F)F)C(F)(F)F)O[C@@H]2[C@@H](N(CCO2)CC3=NN(C(=O)N3)P(=O)(O)O)C4=CC=C(C=C4)F
DB06718,CC12CCC3C(C1CCC2(C)O)CCC4C3(CC5=C(C4)NN=C5)C
DB06723,[OH-].[OH-].[OH-].[Al+3]
DB06724,C(=O)([O-])[O-].[Ca+2]
DB06755,CC1=C(C(CCC1)(C)C)C=CC(=CC=CC(=CC=CC=C(C)C=CC=C(C)C=CC2=C(CCCC2(C)C)C)C)C
DB06757,[Mn]
DB06764,C1CC(C2=CC=CC=C2C1)C3=NCCN3
DB06767,[NH4+].[Cl-]
DB06769,CN1C2=C(C=C(C=C2)N(CCCl)CCCl)N=C1CCCC(=O)O
DB06772,CC1=C2C(C(=O)C3(C(CC4C(C3C(C(C2(C)C)(CC1OC(=O)C(C(C5=CC=CC=C5)NC(=O)OC(C)(C)C)O)O)OC(=O)C6=CC=CC=C6)(CO4)OC(=O)C)OC)C)OC
DB06774,CC(C)C=CCCCCC(=O)NCC1=CC(=C(C=C1)O)OC
DB06777,CC(CCC(=O)O)C1CCC2C1(CCC3C2C(CC4C3(CCC(C4)O)C)O)C
DB06779,CC(=O)NC1C(C(C(OC1O)COS(=O)(=O)O)OC2C(C(C(C(O2)C(=O)O)OC3C(C(C(C(O3)CO)OC4C(C(C(C(O4)C(=O)O)O)O)OS(=O)(=O)O)OS(=O)(=O)O)NS(=O)(=O)O)O)OS(=O)(=O)O)O
DB06782,C(C(CS)S)O
DB06785,CCNC(=NCCCCC(C(=O)NC(CC(C)C)C(=O)NC(CCCCN=C(NCC)NCC)C(=O)N1CCCC1C(=O)NC(C)C(=O)N)NC(=O)C(CC2=CC=C(C=C2)O)NC(=O)C(CO)NC(=O)C(CC3=CN=CC=C3)NC(=O)C(CC4=CC=C(C=C4)Cl)NC(=O)C(CC5=CC6=CC=CC=C6C=C5)NC(=O)C)NCC
DB06786,CC1(OC2CC3C4CCC5=CC(=O)CCC5(C4(C(CC3(C2(O1)C(=O)CCl)C)O)F)C)C
DB06788,CCNC(=O)C1CCCN1C(=O)C(CCCN=C(N)N)NC(=O)C(CC(C)C)NC(=O)C(CC2=CN(C=N2)CC3=CC=CC=C3)NC(=O)C(CC4=CC=C(C=C4)O)NC(=O)C(CO)NC(=O)C(CC5=CNC6=CC=CC=C65)NC(=O)C(CC7=CN=CN7)NC(=O)C8CCC(=O)N8
DB06791,CC(C)C1C(=O)NC(CSSCC(C(=O)NC(C(=O)NC(C(=O)NC(C(=O)N1)CCCCN)CC2=CNC3=CC=CC=C32)CC4=CC=C(C=C4)O)NC(=O)C(CC5=CC6=CC=CC=C6C=C5)N)C(=O)NC(C(C)O)C(=O)N
DB06792,C(=O)([O-])[O-].C(=O)([O-])[O-].C(=O)([O-])[O-].[La+3].[La+3]
DB06799,C1N2CN3CN1CN(C2)C3
DB06800,C[N+]1(CC[C@]23[C@@H]4C(=O)CC[C@]2([C@H]1CC5=C3C(=C(C=C5)O)O4)O)CC6CC6
DB06802,C1=CC=C(C=C1)C(=O)C2=CC=CC(=C2N)CC(=O)N
DB06803,C1=CC(=C(C=C1[N+](=O)[O-])Cl)NC(=O)C2=C(C=CC(=C2)Cl)O
DB06810,CC1C(C(CC(O1)OC2CC(OC(C2O)C)OC3=CC4=CC5=C(C(=O)C(C(C5)C(C(=O)C(C(C)O)O)OC)OC6CC(C(C(O6)C)O)OC7CC(C(C(O7)C)O)OC8CC(C(C(O8)C)O)(C)O)C(=C4C(=C3C)O)O)O)O
DB06813,C#CCC(CC1=CN=C2C(=N1)C(=NC(=N2)N)N)C3=CC=C(C=C3)C(=O)NC(CCC(=O)O)C(=O)O
DB06817,CC1=NN=C(O1)C(=O)NC(C)(C)C2=NC(=C(C(=O)N2C)O)C(=O)NCC3=CC=C(C=C3)F
DB06819,C1=CC=C(C=C1)CCCC(=O)O
DB06822,CC(=O)NC1C(C(C(OC1O)COS(=O)(=O)O)OC2C(C(C(C(O2)C(=O)O)OC3C(C(C(C(O3)CO)OC4C(C(C(C(O4)C(=O)O)O)O)OS(=O)(=O)O)OS(=O)(=O)O)NS(=O)(=O)O)O)OS(=O)(=O)O)O
DB06824,C(CNCCNCCN)N
DB06825,CC(C)CC(C(=O)NC(CCCN=C(N)N)C(=O)N1CCCC1C(=O)NCC(=O)N)NC(=O)C(CC2=CNC3=CC=CC=C32)NC(=O)C(CC4=CC=C(C=C4)O)NC(=O)C(CO)NC(=O)C(CC5=CNC6=CC=CC=C65)NC(=O)C(CC7=CN=CN7)NC(=O)C8CCC(=O)N8
DB06826,CCCCCCCC(=O)CCC1C(CC(C1CC=CCCCC(=O)O)O)O
DB08815,C1CC[C@H]([C@@H](C1)CN2CCN(CC2)C3=NSC4=CC=CC=C43)CN5C(=O)[C@H]6[C@@H]7CC[C@@H](C7)[C@H]6C5=O
DB08816,CCCSC1=NC(=C2C(=N1)N(N=N2)C3CC(C(C3O)O)OCCO)NC4CC4C5=CC(=C(C=C5)F)F
DB08819,CC(C)OC(=O)CCCC=CCC1C(CC(C1C=CC(COC2=CC=CC=C2)(F)F)O)O
DB08820,CC(C)(C)C1=CC(=C(C=C1NC(=O)C2=CNC3=CC=CC=C3C2=O)O)C(C)(C)C
DB08822,CCOC1=NC2=CC=CC(=C2N1CC3=CC=C(C=C3)C4=CC=CC=C4C5=NOC(=O)N5)C(=O)OCC6=C(OC(=O)O6)C
DB08824,COC(=O)C1C2CCC(N2CCCF)CC1C3=CC=C(C=C3)I
DB08826,CC1=C(C(=O)C=CN1C)O
DB08827,C1CN(CCC1NC(=O)C2=CC=CC=C2C3=CC=C(C=C3)C(F)(F)F)CCCCC4(C5=CC=CC=C5C6=CC=CC=C64)C(=O)NCC(F)(F)F
DB08828,CS(=O)(=O)C1=CC(=C(C=C1)C(=O)NC2=CC(=C(C=C2)Cl)C3=CC=CC=N3)Cl
DB08860,C1CC1C2=NC3=CC=CC=C3C(=C2/C=C/[C@H](C[C@H](CC(=O)O)O)O)C4=CC=C(C=C4)F
DB08864,CC1=CC(=CC(=C1NC2=NC(=NC=C2)NC3=CC=C(C=C3)C#N)C)C=CC#N
DB08865,CC(C1=C(C=CC(=C1Cl)F)Cl)OC2=C(N=CC(=C2)C3=CN(N=C3)C4CCNCC4)N
DB08867,CC(=O)C1(CCC2C1(CC(C3=C4CCC(=O)C=C4CCC23)C5=CC=C(C=C5)N(C)C)C)O
DB08868,CCCCCCCCC1=CC=C(C=C1)CCC(CO)(CO)N
DB08869,CCC=CCC(=O)NC(CC1=CC=C(C=C1)O)C(=O)NC(C)C(=O)NC(CC(=O)O)C(=O)NC(C)C(=O)NC(C(C)CC)C(=O)NC(CC2=CC=CC=C2)C(=O)NC(C(C)O)C(=O)NC(CC(=O)N)C(=O)NC(CO)C(=O)NC(CC3=CC=C(C=C3)O)C(=O)NC(CCCNC(=N)N)C(=O)NC(CCCCN)C(=O)NC(C(C)C)C(=O)NC(CC(C)C)C(=O)NCC(=O)NC(CCC(=O)N)C(=O)NC(CC(C)C)C(=O)NC(CO)C(=O)NC(C)C(=O)NC(CCCNC(=N)N)C(=O)NC(CCCCN)C(=O)NC(CC(C)C)C(=O)NC(CC(C)C)C(=O)NC(CCC(=O)N)C(=O)NC(CC(=O)O)C(=O)NC(C(C)CC)C(=O)NC(CCSC)C(=O)NC(CO)C(=O)NC(CCCNC(=N)N)C(=O)NC(CCC(=O)N)C(=O)NC(CCC(=O)N)C(=O)NCC(=O)NC(CCC(=O)O)C(=O)NC(CO)C(=O)NC(CC(=O)N)C(=O)NC(CCC(=O)N)C(=O)NC(CCC(=O)O)C(=O)NC(CCCNC(=N)N)C(=O)NCC(=O)NC(C)C(=O)NC(CCCNC(=N)N)C(=O)NC(C)C(=O)NC(CCCNC(=N)N)C(=O)NC(CC(C)C)C(=O)N
DB08871,CC1CC2CCC3C(=C)CC(O3)CCC45CC6C(O4)C7C(O6)C(O5)C8C(O7)CCC(O8)CC(=O)CC9C(CC(C1=C)O2)OC(C9OC)CC(CN)O
DB08873,CC1(C2C1C(N(C2)C(=O)C(C(C)(C)C)NC(=O)NC(C)(C)C)C(=O)NC(CC3CCC3)C(=O)C(=O)N)C
DB08874,CCC1C=C(C(CC=CC=C(C(=O)OC(CC=C(C=C(C1OC2C(C(C(C(O2)(C)C)OC(=O)C(C)C)O)O)C)C)C(C)O)COC3C(C(C(C(O3)C)OC(=O)C4=C(C(=C(C(=C4O)Cl)O)Cl)CC)O)OC)O)C
DB08875,COC1=CC2=C(C=CN=C2C=C1OC)OC3=CC=C(C=C3)NC(=O)C4(CC4)C(=O)NC5=CC=C(C=C5)F
DB08877,C1CCC(C1)C(CC#N)N2C=C(C=N2)C3=C4C=CNC4=NC=N3
DB08880,CC(=C(C#N)C(=O)NC1=CC=C(C=C1)C(F)(F)F)O
DB08881,CCCS(=O)(=O)NC1=C(C(=C(C=C1)F)C(=O)C2=CNC3=C2C=C(C=N3)C4=CC=C(C=C4)Cl)F
DB08882,CC#CCN1C2=C(N=C1N3CCCC(C3)N)N(C(=O)N(C2=O)CC4=NC5=CC=CC=C5C(=N4)C)C
DB08883,C1=CC=C(C=C1)N2C=C(C=C(C2=O)C3=CC=CC=C3C#N)C4=CC=CC=N4
DB08884,[H+].[H+].CCOC1=CC=C(C=C1)C[C@@H](CN(CCN(CC(=O)[O-])CC(=O)[O-])CC(=O)[O-])N(CC(=O)[O-])CC(=O)[O-].[Gd+3]
DB08889,CC(C)CC(C(=O)C1(CO1)C)NC(=O)C(CC2=CC=CC=C2)NC(=O)C(CC(C)C)NC(=O)C(CCC3=CC=CC=C3)NC(=O)CN4CCOCC4
DB08890,CC1C(=O)NC2CSSCC3C(=O)NC(C(=O)NC(C(=O)NC(CSSCC(NC(=O)CNC(=O)C(NC2=O)C(C)O)C(=O)NC(CC4=CC=C(C=C4)O)C(=O)O)C(=O)NC(CSSCC(C(=O)N3)N)C(=O)NC(C(=O)N5CCCC5C(=O)N1)CC(=O)N)CC6=CC=C(C=C6)O)CCC(=O)O
DB08893,C1=CC=C(C=C1)C(CNCCC2=CC=C(C=C2)NC(=O)CC3=CSC(=N3)N)O
DB08895,CC1CCN(CC1N(C)C2=NC=NC3=C2C=CN3)C(=O)CC#N
DB08896,CNC(=O)C1=NC=CC(=C1)OC2=CC(=C(C=C2)NC(=O)NC3=CC(=C(C=C3)Cl)C(F)(F)F)F
DB08897,C1C[N+]2(CCC1C(C2)OC(=O)C(C3=CC=CS3)(C4=CC=CS4)O)CCCOC5=CC=CC=C5
DB08898,[Zn+2].[Zn+2].[Zn+2].[Zn+2]
DB08899,CC1(C(=O)N(C(=S)N1C2=CC(=C(C=C2)C(=O)NC)F)C3=CC(=C(C=C3)C#N)C(F)(F)F)C
DB08900,CCC(C)C(C(=O)NC(C(C)O)C(=O)NC(CC(=O)O)C(=O)O)NC(=O)C(CCCCN)NC(=O)C(C(C)O)NC(=O)C(CCC(=O)N)NC(=O)C(C(C)CC)NC(=O)C(CC(C)C)NC(=O)C(CC1=CNC2=CC=CC=C21)NC(=O)C(CC(=O)N)NC(=O)C(C(C)CC)NC(=O)C(CC3=CC=CC=C3)NC(=O)C(CC(=O)O)NC(=O)C(CCCNC(=N)N)NC(=O)C(C)NC(=O)C(C)NC(=O)C(CC(C)C)NC(=O)C(CC(=O)N)NC(=O)C(CC(=O)O)NC(=O)C(CC(C)C)NC(=O)C(C(C)CC)NC(=O)C(C(C)O)NC(=O)C(CC(=O)N)NC(=O)C(CCSC)NC(=O)C(CCC(=O)O)NC(=O)C(CC(=O)O)NC(=O)C(CO)NC(=O)C(CC4=CC=CC=C4)NC(=O)C(CO)NC(=O)CNC(=O)C(CC(=O)O)NC(=O)CNC(=O)C(CC5=CN=CN5)N
DB08901,CC1=C(C=C(C=C1)C(=O)NC2=CC(=C(C=C2)CN3CCN(CC3)C)C(F)(F)F)C#CC4=CN=C5N4N=CC=C5
DB08903,CN(C)CCC(C1=CC=CC2=CC=CC=C21)(C(C3=CC=CC=C3)C4=C(N=C5C=CC(=CC5=C4)Br)OC)O
DB08907,CC1=C(C=C(C=C1)C2C(C(C(C(O2)CO)O)O)O)CC3=CC=C(S3)C4=CC=C(C=C4)F
DB08908,COC(=O)C=CC(=O)OC
DB08909,C1=CC=C(C=C1)CCCC(=O)OCC(COC(=O)CCCC2=CC=CC=C2)OC(=O)CCCC3=CC=CC=C3
DB08910,C1CC(=O)NC(=O)C1N2C(=O)C3=C(C2=O)C(=CC=C3)N
DB08911,CC1=C2C(=C(N(C1=O)C)NC3=C(C=C(C=C3)I)F)C(=O)N(C(=O)N2C4=CC=CC(=C4)NC(=O)C)C5CC5
DB08912,CC(C)(C)C1=NC(=C(S1)C2=NC(=NC=C2)N)C3=C(C(=CC=C3)NS(=O)(=O)C4=C(C=CC=C4F)F)F
DB08916,CN(C)CC=CC(=O)NC1=C(C=C2C(=C1)C(=NC=N2)NC3=CC(=C(C=C3)F)Cl)OC4CCOC4
DB08917,C(C1C(C(C(C(O1)OC2C(OC(C(C2O)O)OC3C(OC(C(C3O)O)OC(C(CO)O)C(C(C(=O)[O-])O)O)CO)CO)O)O)O)O.O.[OH-].[O-2].[Fe+3]
DB08918,CCN(CC)C(=O)C1(CC1CN)C2=CC=CC=C2
DB08930,CC1CCOC2N1C(=O)C3=C(C(=O)C(=CN3C2)C(=O)NCC4=C(C=C(C=C4)F)F)O
DB08931,CN(C1=C(N=C(N=C1N)C2=NN(C3=C2C=CC=N3)CC4=CC=CC=C4F)N)C(=O)OC
DB08932,CCCNS(=O)(=O)NC1=C(C(=NC=N1)OCCOC2=NC=C(C=N2)Br)C3=CC=C(C=C3)Br
DB08934,CC(C)OC(=O)C(C)NP(=O)(OCC1C(C(C(O1)N2C=CC(=O)NC2=O)(C)F)O)OC3=CC=CC=C3
DB08936,CN1CCN(CC1)C(C2=CC=CC=C2)C3=CC=C(C=C3)Cl
DB08938,[OH-].[O-]S(=O)(=O)[O-].[Mg+2].[Al+3]
DB08941,CC(COC1=CC=CC=C1)NC(C)C(C2=CC=C(C=C2)O)O
DB08946,CCC(CC1=C(C(=C(C=C1I)I)N)I)C(=O)O
DB08947,CC(C(=O)NC1=C(C(=C(C(=C1I)C(=O)NC(CO)CO)I)C(=O)NC(CO)CO)I)O
DB08987,CCCN(CC)C(CC)C(=O)NC1=C(C=CC=C1C)C
DB09009,CCCNC(C)C(=O)NC1=C(SC=C1C)C(=O)OC
DB09020,CC(=O)OC1=CC=C(C=C1)C(C2=CC=C(C=C2)OC(=O)C)C3=CC=CC=N3
DB09026,CC(C)C(CC1=CC(=C(C=C1)OC)OCCCOC)CC(C(CC(C(C)C)C(=O)NCC(C)(C)C(=O)N)O)N
DB09027,CC(C)C(C(=O)N1CC2(CC2)CC1C3=NC=C(N3)C4=CC5=C(C=C4)C6=C(C5(F)F)C=C(C=C6)C7=CC8=C(C=C7)N=C(N8)C9C1CCC(C1)N9C(=O)C(C(C)C)NC(=O)OC)NC(=O)OC
DB09030,CCOC(=O)NC1CCC2C(C1)CC3C(C2C=CC4=NC=C(C=C4)C5=CC(=CC=C5)F)C(OC3=O)C
DB09031,CCCCCCCCCCCCCCCCOP(=O)([O-])OCC[N+](C)(C)C
DB09034,CC1CCN(CCN1C(=O)C2=C(C=CC(=C2)C)N3N=CC=N3)C4=NC5=C(O4)C=CC(=C5)Cl
DB09038,C1COCC1OC2=CC=C(C=C2)CC3=C(C=CC(=C3)C4C(C(C(C(O4)CO)O)O)O)Cl
DB09039,CCCCCCCC(=O)N[C@H](CN1CCCC1)[C@@H](C2=CC3=C(C=C2)OCCO3)O
DB09043,CC[C@@H](C)[C@@H](C(=O)N[C@H](C)C(=O)N[C@@H](CC1=CNC2=CC=CC=C21)C(=O)N[C@@H](CC(C)C)C(=O)N[C@@H](C(C)C)C(=O)N[C@@H](CCCCN)C(=O)NCC(=O)N[C@@H](CCCNC(=N)N)C(=O)N)NC(=O)[C@H](CC3=CC=CC=C3)NC(=O)[C@H](CCC(=O)O)NC(=O)[C@H](CCCCN)NC(=O)[C@@H](C)NC(=O)[C@@H](C)NC(=O)[C@H](CCC(=O)N)NC(=O)CNC(=O)[C@H](CCC(=O)O)NC(=O)[C@H](CC(C)C)NC(=O)[C@H](CC4=CC=C(C=C4)O)NC(=O)[C@H](CO)NC(=O)[C@H](CO)NC(=O)[C@H](C(C)C)NC(=O)[C@H](CC(=O)O)NC(=O)[C@H](CO)NC(=O)[C@H]([C@H](C)O)NC(=O)[C@H](CC5=CC=CC=C5)NC(=O)[C@H]([C@H](C)O)NC(=O)CNC(=O)[C@H](CCC(=O)O)NC(=O)CNC(=O)[C@H](CC6=CN=CN6)N
DB09048,CC1=CC=CC=C1C2=CC(=NC=C2N(C)C(=O)C(C)(C)C3=CC(=CC(=C3)C(F)(F)F)C(F)(F)F)N4CCN(CC4)C
DB09049,COCCOCCOCCOCCOCCOCCOCCOC1CCC2(C3CC4=C5C2(C1OC5=C(C=C4)O)CCN3CC=C)O
DB09050,CC(C)(C(=O)O)O/N=C(/C1=NSC(=N1)N)\\C(=O)N[C@H]2[C@@H]3N(C2=O)C(=C(CS3)C[N+]4=CC(=C(N4C)N)NC(=O)NCCN)C(=O)[O-]
DB09053,C=CC(=O)N1CCCC(C1)N2C3=NC=NC(=C3C(=N2)C4=CC=C(C=C4)OC5=CC=CC=C5)N
DB09054,CCC(C1=NC2=C(C(=CC=C2)F)C(=O)N1C3=CC=CC=C3)NC4=NC=NC5=C4NC=N5
DB09060,C1C[C@H](N2C[C@@H]1N(C2=O)OS(=O)(=O)O)C(=O)N
DB09061,CCCCCC1=CC(=C(C(=C1)O)C2C=C(CCC2C(=C)C)C)O
DB09063,CC1=CC(=C(C=C1C2CCNCC2)OC(C)C)NC3=NC=C(C(=N3)NC4=CC=CC=C4S(=O)(=O)C(C)C)Cl
DB09065,CC(C)C1=NC(=CS1)CN(C)C(=O)NC(CCN2CCOCC2)C(=O)NC(CCC(CC3=CC=CC=C3)NC(=O)OCC4=CN=CS4)CC5=CC=CC=C5
DB09068,CC1=CC(=C(C=C1)SC2=CC=CC=C2N3CCNCC3)C
DB09071,CCC(=O)NCC1CC1C2=C3CCOC3=CC=C2
DB09072,C(CC(=O)[O-])CO.[Na+]
DB09073,CC1=C(C(=O)N(C2=NC(=NC=C12)NC3=NC=C(C=C3)N4CCNCC4)C5CCCC5)C(=O)C
DB09074,C1CC1C(=O)N2CCN(CC2)C(=O)C3=C(C=CC(=C3)CC4=NNC(=O)C5=CC=CC=C54)F
DB09075,CN1CCC2=C(C1)SC(=N2)C(=O)N[C@@H]3C[C@H](CC[C@@H]3NC(=O)C(=O)NC4=NC=C(C=C4)Cl)C(=O)N(C)C
DB09076,C1C[N+]2(CCC1(CC2)C(C3=CC=CC=C3)(C4=CC=CC=C4)O)CCOCC5=CC=CC=C5
DB09078,COC1=CC2=NC=CC(=C2C=C1C(=O)N)OC3=CC(=C(C=C3)NC(=O)NC4CC4)Cl
DB09079,CN1CCN(CC1)CC(=O)N(C)C2=CC=C(C=C2)N=C(C3=CC=CC=C3)C4=C(NC5=C4C=CC(=C5)C(=O)OC)O
DB09080,CC(C)(CC1=CC=C(C=C1)OC)NCC(C2=C3C(=CC(=C2)O)NC(=O)CO3)O
DB09082,C1=CC(=C(C(=C1)Cl)COCCOCCCCCCNCC(C2=CC(=C(C=C2)O)CO)O)Cl
DB09083,CN(CCCN1CCC2=CC(=C(C=C2CC1=O)OC)OC)CC3CC4=CC(=C(C=C34)OC)OC
DB09085,CCCCNC1=CC=C(C=C1)C(=O)OCCN(C)C
DB09096,C1=CC=C(C=C1)C(=O)OOC(=O)C2=CC=CC=C2
DB09098,CC(C)C(C(=O)NC(C)C(=O)NC(C(C)C)C(=O)NCC(=O)NC(CCC(=O)O)C(=O)NC(CCC(=O)O)C(=O)N1CCCC1C(=O)NCC(=O)N2CCCC2C(=O)NC(CCCN=C(N)N)C(=O)N)N
DB09101,CC(C)C(CO)N1C=C(C(=O)C2=C1C=C(C(=C2)CC3=C(C(=CC=C3)Cl)F)OC)C(=O)O
DB09102,CC(C)C(C(=O)N1CCCC1C2=NC=C(N2)C3=CC=C(C=C3)C4=CC=C(C=C4)C5=CN=C(N5)C6CCCN6C(=O)C(C(C)C)NC(=O)OC)NC(=O)OC
DB09104,[OH-].[OH-].[Mg+2]
DB09110,C(CS(=O)(=O)O)S
DB09112,N(=O)O
DB09115,C1=CC2=C(C(=C(C=C2I)I)O)N=C1
DB09117,CC1OC(OC(O1)C)C
DB09118,CC(C)(C)C(C=CC1=CC2=C(C=C1)OCO2)O
DB09121,C(C1C(C(C(C(O1)[S-])O)O)O)O.[Au+]
DB09123,CC12CCC3=C4CCC(=O)C=C4CCC3C1CCC2(CC#N)O
DB09125,C(C(=O)[O-])C(CC(=O)[O-])(C(=O)[O-])O.[K+].[K+].[K+]
DB09126,CCC(C)C(C(=O)NC(CC(C)C)C(=O)N1CCCC1C(=O)NC(CCC(=O)N)C(=O)O)NC(=O)C2CCCN2C(=O)C(C(C)O)NC(=O)C(CC(=O)O)NC(=O)C(CO)NC(=O)C3CCCN3C(=O)CNC(=O)C4CCCN4C(=O)C(CC(C)C)NC(=O)C(CCCNC(=N)N)NC(=O)C(CO)NC(=O)C5CCCN5C(=O)C(CO)NC(=O)C6CCCN6C(=O)C(CC(C)C)NC(=O)C(CO)NC(=O)C7CCCN7C(=O)C8CCCN8C(=O)C9CCCN9C(=O)C(C)N
DB09128,C1CN(CCN1CCCCOC2=CC3=C(C=C2)C=CC(=O)N3)C4=C5C=CSC5=CC=C4
DB09129,Cl[Cr](Cl)Cl
DB09132,C1CN(CCN(CCN(CCN1CC(=O)O)CC(=O)[O-])CC(=O)[O-])CC(=O)[O-].[Gd+3]
DB09133,CC(=O)NC1=C(C(=C(C(=C1I)C(=O)O)I)C(=O)NC)I
DB09134,C(CO)N(C1=C(C(=C(C(=C1I)C(=O)NCC(CO)O)I)C(=O)NCC(CO)O)I)C(=O)CO
DB09135,CC(=O)N(CC(CO)O)C1=C(C(=C(C(=C1I)C(=O)NCC(CO)O)I)C(=O)NCCO)I
DB09140,O=O
DB09143,CC1CN(CC(O1)C)C2=NC=C(C=C2)NC(=O)C3=CC=CC(=C3C)C4=CC=C(C=C4)OC(F)(F)F
DB09146,C([C@@H]1[C@H]([C@@H]([C@H]([C@H](O1)O[C@]2([C@H]([C@@H]([C@H](O2)CO)O)O)CO)O)O)O)O.O.O.O.[OH-].[O-2].[O-2].[O-2].[O-2].[O-2].[O-2].[O-2].[O-2].[Na+].[Na+].[Fe+3].[Fe+3].[Fe+3].[Fe+3].[Fe+3]
DB09153,[Na+].[Cl-]
DB09154,C(C(=O)[O-])C(CC(=O)[O-])(C(=O)[O-])O.[Na+].[Na+].[Na+]
DB09156,CN(CC(CO)O)C(=O)C1=C(C(=C(C(=C1I)C(=O)NCC(CO)O)I)NC(=O)COC)I
DB09183,CC(C)(C)C1=CC(=CC(=C1OC)C2=CC3=C(C=C2)C=C(C=C3)NS(=O)(=O)C)N4C=CC(=O)NC4=O
DB09237,CCOC(=O)C1=C(NC(=C(C1C2=CC=CC=C2Cl)C(=O)OC)C)COCCN
DB09241,CN(C)C1=CC2=C(C=C1)N=C3C=CC(=[N+](C)C)C=C3S2.[Cl-]
DB09255,C(C1C(C(C(C(O1)OCC2C(C(C(C(O2)OCC(C(C(C(C=O)O)O)O)O)O)O)O)O)O)O)O
DB09265,CCC(C)C(C(=O)NC(CCC(=O)O)C(=O)NC(CC1=CNC2=CC=CC=C21)C(=O)NC(CC(C)C)C(=O)NC(CCCCN)C(=O)NC(CC(=O)N)C(=O)NCC(=O)NCC(=O)N3CCCC3C(=O)NC(CO)C(=O)NC(CO)C(=O)NCC(=O)NC(C)C(=O)N4CCCC4C(=O)N5CCCC5C(=O)NC(CO)C(=O)NC(CCCCN)C(=O)NC(CCCCN)C(=O)NC(CCCCN)C(=O)NC(CCCCN)C(=O)NC(CCCCN)C(=O)NC(CCCCN)C(=O)N)NC(=O)C(CC6=CC=CC=C6)NC(=O)C(CC(C)C)NC(=O)C(CCCNC(=N)N)NC(=O)C(C(C)C)NC(=O)C(C)NC(=O)C(CCC(=O)O)NC(=O)C(CCC(=O)O)NC(=O)C(CCC(=O)O)NC(=O)C(CCSC)NC(=O)C(CCC(=O)N)NC(=O)C(CCCCN)NC(=O)C(CO)NC(=O)C(CC(C)C)NC(=O)C(CC(=O)O)NC(=O)C(CO)NC(=O)C(C(C)O)NC(=O)C(CC7=CC=CC=C7)NC(=O)C(C(C)O)NC(=O)CNC(=O)C(CCC(=O)O)NC(=O)CNC(=O)C(CC8=CNC=N8)N
DB09268,C1=CC=NC(=C1)C(C2=CC=C(C=C2)OS(=O)(=O)O)C3=CC=C(C=C3)OS(=O)(=O)O
DB09269,C1=CC=C(C=C1)CC(=O)O
DB09272,CC1=CC(=CC(=C1CC(C(=O)N(CC2=CC(=C(C=C2)OC)C(=O)O)C(C)C3=NC=C(N3)C4=CC=CC=C4)N)C)C(=O)N
DB09274,CC1CCC2C(C(OC3C24C1CCC(O3)(OO4)C)OC(=O)CCC(=O)O)C
DB09275,C(C(=O)[O-])C(CC(=O)[O-])(C(=O)[O-])O.C(C(=O)[O-])C(CC(=O)[O-])(C(=O)[O-])O.[K+].[K+].[K+].[K+].[K+].[Bi+3]
DB09276,C(C(C(=O)[O-])[S-])C(=O)[O-].[Na+].[Na+].[Au+]
DB09278,[C]
DB09280,CC1=C(N=C(C=C1)NC(=O)C2(CC2)C3=CC4=C(C=C3)OC(O4)(F)F)C5=CC(=CC=C5)C(=O)O
DB09287,C(CO)O
DB09291,CC(C1=CC(=CC(=C1)C(F)(F)F)C(F)(F)F)OCC2(CCC3(CCC(=O)N3)CN2)C4=CC=CC=C4
DB09292,CCOC(=O)[C@H](C)C[C@@H](CC1=CC=C(C=C1)C2=CC=CC=C2)NC(=O)CCC(=O)O
DB09293,[131I-]
DB09296,CC(C)C(C(=O)N1CCCC1C(=O)NC2=CC=C(C=C2)C3CCC(N3C4=CC=C(C=C4)C(C)(C)C)C5=CC=C(C=C5)NC(=O)C6CCCN6C(=O)C(C(C)C)NC(=O)OC)NC(=O)OC
DB09297,CC1=CN=C(C=N1)C(=O)NC2CCCCCC=CC3CC3(NC(=O)C4CC(CN4C2=O)OC5=NC6=CC=CC=C6C7=CC=CC=C75)C(=O)NS(=O)(=O)C8CC8
DB09316,Cl[Tl]
DB09322,[O-]S(=O)(=O)[O-].[Zn+2]
DB09330,CN1C=C(C2=CC=CC=C21)C3=NC(=NC=C3)NC4=C(C=C(C(=C4)NC(=O)C=C)N(C)CCN(C)C)OC
DB09333,CN(C)C=NC1=C(C=C(C(=C1I)CCC(=O)O)I)I
DB09340,CCCC(=O)NC1=C(C=C(C(=C1I)CC(CC)C(=O)O)I)I
DB09341,C(C1C(C(C(C(O1)O)O)O)O)O
DB09343,C1CC(=N)N(C1)CC2=C(C(=O)NC(=O)N2)Cl
DB09351,CC(C)NCC(COC1=CC=C(C=C1)CCOCC2CC2)O
DB09352,CC(CC1=CC=C(C=C1)O)N
DB09353,S1SSSSSSS1
DB09389,CCC12CCC3C(C1CCC2(C#C)O)CCC4=CC(=O)CCC34
DB09395,CC(=O)[O-].[Na+]
DB09401,C1C(C2C(O1)C(CO2)O)O
DB09407,O.O.O.O.O.O.[Mg+2].[Cl-].[Cl-]
DB09413,OP(=O)(O)[O-].[K+]
DB09418,[O-]Cl(=O)(=O)=O.[K+]
DB09420,[123I-]
DB09425,[H+].[H+].C(CN(CC(=O)[O-])CC(=O)[O-])N(CCN(CC(=O)[O-])CC(=O)[O-])CC(=O)[O-].[111In+3]
DB09462,C(C(CO)O)O
DB09472,[O-]S(=O)(=O)[O-].[Na+].[Na+]
DB09473,C1=CC2=C(C(=C1)O[In](OC3=CC=CC4=C3N=CC=C4)OC5=CC=CC6=C5N=CC=C6)N=CC=C2
DB09481,C(=O)([O-])[O-].[Mg+2]
DB09488,CC1=CC=C(C=C1)C(=CCN2CCCC2)C3=CC=CC(=N3)C=CC(=O)O
DB09498,[Cl-].[Cl-].[Sr+2]
DB09502,C([C@H]([C@H]([C@@H]([C@H](C=O)F)O)O)O)O
DB09508,[O-2].[O-2].[O-2].[O-2].[Fe+2].[Fe+3].[Fe+3]
DB09512,CO[Si](C)(C)O[Si](C)(C)C.O=[Si]=O
DB09517,C(C(C(C(C(C(=O)[O-])O)O)O)O)O.[Na+].[Fe+3]
DB09532,C[C@H]([C@@H](C(=O)N[C@@H](CC1=CC=CC=C1)C(=O)N[C@@H]([C@@H](C)O)C(=O)N[C@@H](CO)C(=O)N[C@@H](CCC(=O)O)C(=O)N[C@@H](CC(C)C)C(=O)N[C@@H](CO)C(=O)N[C@@H](CCCNC(=N)N)C(=O)N[C@@H](CC(C)C)C(=O)N[C@@H](CCCNC(=N)N)C(=O)N[C@@H](CCC(=O)O)C(=O)NCC(=O)N[C@@H](C)C(=O)N[C@@H](CCCNC(=N)N)C(=O)N[C@@H](CC(C)C)C(=O)N[C@@H](CCC(=O)N)C(=O)N[C@@H](CCCNC(=N)N)C(=O)N[C@@H](CC(C)C)C(=O)N[C@@H](CC(C)C)C(=O)N[C@@H](CCC(=O)N)C(=O)NCC(=O)N[C@@H](CC(C)C)C(=O)N[C@@H](C(C)C)C(=O)N)NC(=O)CNC(=O)[C@H](CC(=O)O)NC(=O)[C@H](CO)NC(=O)[C@H](CC2=CN=CN2)N)O
DB09543,COC(=O)C1=CC=CC=C1O
DB09561,C(C(COP(=O)([O-])[O-])O)O.[Na+].[Na+]
DB09564,CCC(C)C1C(=O)NC2CSSCC(C(=O)NC(CSSCC(C(=O)NCC(=O)NC(C(=O)NC(C(=O)NC(C(=O)NC(C(=O)NC(C(=O)NC(C(=O)NC(C(=O)NC(C(=O)NC(C(=O)NC(C(=O)NC(CSSCC(NC(=O)C(NC(=O)C(NC(=O)C(NC(=O)C(NC(=O)C(NC(=O)C(NC(=O)C(NC(=O)C(NC2=O)CO)CC(C)C)CC3=CC=C(C=C3)O)CCC(=O)N)CC(C)C)CCC(=O)O)CC(=O)N)CC4=CC=C(C=C4)O)C(=O)NC(CC(=O)N)C(=O)O)C(=O)NCC(=O)NC(CCC(=O)O)C(=O)NC(CCCNC(=N)N)C(=O)NCC(=O)NC(CC5=CC=CC=C5)C(=O)NC(CC6=CC=CC=C6)C(=O)NC(CC7=CC=C(C=C7)O)C(=O)NC(C(C)O)C(=O)N8CCCC8C(=O)NC(CCCCNC(=O)CCC(C(=O)O)NC(=O)CCCCCCCCCCCCCCC(=O)O)C(=O)O)C(C)C)CC(C)C)CC9=CC=C(C=C9)O)CC(C)C)C)CCC(=O)O)C(C)C)CC(C)C)CC2=CNC=N2)CO)NC(=O)C(CC(C)C)NC(=O)C(CC2=CNC=N2)NC(=O)C(CCC(=O)N)NC(=O)C(CC(=O)N)NC(=O)C(C(C)C)NC(=O)C(CC2=CC=CC=C2)N)C(=O)NC(C(=O)NC(C(=O)N1)CO)C(C)O)NC(=O)C(CCC(=O)N)NC(=O)C(CCC(=O)O)NC(=O)C(C(C)C)NC(=O)C(C(C)CC)NC(=O)CN
DB09570,B(C(CC(C)C)NC(=O)CNC(=O)C1=C(C=CC(=C1)Cl)Cl)(O)O
DB09571,C[C@H](CC1=CC=CC=C1)NC
DB10344,C[C@H]1[C@@H]2CC[C@]([C@@H]3[C@H]4[C@H]5C=C([C@@]6([C@H]4C(=C3[C@H]2OC1=O)C)[C@@H]5[C@@](CC[C@@H]7[C@@H]6OC(=O)[C@H]7C)(C)O)C)(C)O
DB10429,C[C@H]([C@@H]1C(=O)N2[C@]1([C@](C(=C2C(=O)OCC3=CC=C(C=C3)[N+](=O)[O-])OC4=CC=CC=C4)(C)OC5=CC=CC=C5)OP(=O)(O)O)O  
DB10658,CC(C)C(=O)OC(C)(C)CCC1=CC=CC=C1
DB10675,C[C@]12CC[C@](C[C@H]1C3=CC(=O)[C@@H]4[C@]5(CC[C@@H](C([C@@H]5CC[C@]4([C@@]3(CC2)C)C)(C)C)O[C@@H]6[C@@H]([C@H]([C@@H]([C@H](O6)C(=O)O)O)O)O[C@H]7[C@@H]([C@H]([C@@H]([C@H](O7)C(=O)O)O)O)O)C)(C)C(=O)O.[Zn]
DB11071,C1=CC=C(C=C1)OC(=O)C2=CC=CC=C2O
DB11080,[N+](=O)([O-])[O-].[Ag+]
DB11085,C1=CC(=CC(=C1)O)O
DB11089,CCCCC(CC)COC(=O)CC(C(=O)OCC(CC)CCCC)S(=O)(=O)O
DB11093,C(C(=O)[O-])C(CC(=O)[O-])(C(=O)[O-])O.C(C(=O)[O-])C(CC(=O)[O-])(C(=O)[O-])O.[Ca+2].[Ca+2].[Ca+2]
DB11095,CCC(C)C1C(=O)NC(C(=O)NCC(=O)NC(C(=O)NC(C(=O)NCC(=O)NC(C(=O)NC(C(=O)NC(C(=O)NC(C(=O)NC(CSSCC2C(=O)NCC(=O)NC(C(=O)NCC(=O)NC(C(=O)NC(C(=O)NC(CSSCC(C(=O)NC(C(=O)NCC(=O)NC(C(=O)NC(C(=O)NC(C(=O)N2)C(C)C)CC(=O)N)CO)CCC(=O)O)NC(=O)C(CC(C)C)NC(=O)C3CSSCC(C(=O)NC(C(=O)NC(C(=O)NC(C(=O)NCC(=O)NC(C(=O)NC(C(=O)NC(C(=O)N3)CC(C)C)CC(=O)N)CCC(=O)N)CO)CCC(=O)O)C(C)O)NC(=O)C(CC(=O)O)NC(=O)C(C(C)O)NC(=O)C(CC4=CC=C(C=C4)O)NC(=O)C(C(C)C)NC(=O)C(C(C)C)N)C(=O)N1)CCCCN)CC(=O)N)CCC(=O)N)C(=O)NC(C(C)C)C(=O)NC(C(C)O)C(=O)NCC(=O)NC(CCC(=O)O)C(=O)NCC(=O)NC(C(C)O)C(=O)N5CCCC5C(=O)NC(CCCCN)C(=O)N6CCCC6C(=O)NC(CCC(=O)N)C(=O)NC(CO)C(=O)NC(CC7=CN=CN7)C(=O)NC(CC(=O)N)C(=O)NC(CC(=O)O)C(=O)NCC(=O)NC(CC(=O)O)C(=O)NC(CC8=CC=CC=C8)C(=O)NC(CCC(=O)O)C(=O)NC(CCC(=O)O)C(=O)NC(C(C)CC)C(=O)N9CCCC9C(=O)NC(CCC(=O)O)C(=O)NC(CCC(=O)O)C(=O)NC(CC1=CC=C(C=C1)O)C(=O)NC(CC(C)C)C(=O)NC(CCC(=O)N)C(=O)O)CCC(=O)N)CC(=O)N)CCCCN)CCC(=O)O)CC(=O)O)CO)CC(C)C
DB11098,C(=O)(O)[O-].[K+]
DB11110,C(C(=O)[O-])C(CC(=O)[O-])(C(=O)[O-])O.C(C(=O)[O-])C(CC(=O)[O-])(C(=O)[O-])O.[Mg+2].[Mg+2].[Mg+2]
DB11113,CCCCCCC(CC=CCCCCCCCC(=O)OCC(COC(=O)CCCCCCCC=CCC(CCCCCC)O)OC(=O)CCCCCCCC=CCC(CCCCCC)O)O
DB11119,[Na+].[I-]
DB11124,CNCC(C1=CC(=C(C=C1)O)O)O
DB11126,C([C@H]([C@H]([C@@H]([C@H](C(=O)[O-])O)O)O)O)O.C([C@H]([C@H]([C@@H]([C@H](C(=O)[O-])O)O)O)O)O.[Ca+2]
DB11133,CCC=CCC=CCC=CCCCCCCCC(=O)O.CCC=CCC=CCC=CCC=CCC=CCCCC(=O)O.CCC=CCC=CCC=CCC=CCC=CCC=CCCC(=O)O
DB11135,[Se]
DB11145,C1=CC2=C(C(=C1)O)N=CC=C2
DB11156,CN1CCCN=C1C=CC2=CC=CS2
DB11158,[C@@H]1([C@H]([C@H](O[C@H]([C@@H]1O)O)C(=O)O)O)O
DB11160,CN(C)CCOC1=CC=CC=C1CC2=CC=CC=C2
DB11180,CCOCCP(CCOCC)CCP(CCOCC)CCOCC
DB11181,CN1[C@@H]2CC[C@H]1CC(C2)OC(=O)C(C3=CC=CC=C3)O
DB11186,CCN(CC)CCOCCOC(=O)C1(CCCC1)C2=CC=CC=C2
DB11189,C(C(=O)[O-])N.C(C(=O)[O-])N.[Mg+2]
DB11228,COC[C@@H]1[C@H]([C@@H]([C@H]([C@@H](O1)O[C@@H]2[C@H](O[C@H]([C@@H]([C@H]2OC)OC)O[C@@H]3[C@H](O[C@H]([C@@H]([C@H]3OC)OC)OC)COC)COC)OC)OC)OC
DB11246,C([C@H]([C@H]([C@@H]([C@H](C(=O)[O-])O)O)O)O)O.C([C@H]([C@H]([C@@H]([C@H](C(=O)[O-])O)O)O)O)O.[Cu+2]
DB11248,C([C@H]([C@H]([C@@H]([C@H](C(=O)[O-])O)O)O)O)O.C([C@H]([C@H]([C@@H]([C@H](C(=O)[O-])O)O)O)O)O.[Zn+2]
DB11255,C1=CC=NC(=C1)C(=O)[O-].C1=CC=NC(=C1)C(=O)[O-].C1=CC=NC(=C1)C(=O)[O-].[Cr+3]
DB11256,CN1[C@H](CNC2=C1C(=O)NC(=N2)N)CNC3=CC=C(C=C3)C(=O)N[C@@H](CCC(=O)O)C(=O)O
DB11264,C(C(COP(=O)([O-])[O-])O)O.[Ca+2]
DB11315,C[N+]1(C2CC(CC1C3C2O3)OC(=O)C(CO)C4=CC=CC=C4)C
DB11348,[O-]P(=O)([O-])[O-].[O-]P(=O)([O-])[O-].[Ca+2].[Ca+2].[Ca+2]
DB11362,CC(C)N(CCCCOCC(=O)NS(=O)(=O)C)C1=CN=C(C(=N1)C2=CC=CC=C2)C3=CC=CC=C3
DB11363,CCC1=CC2=C(C=C1N3CCC(CC3)N4CCOCC4)C(C5=C(C2=O)C6=C(N5)C=C(C=C6)C#N)(C)C
DB11560,C1CC1C2=CC=C(C3=CC=CC=C23)N4C(=NN=C4Br)SCC(=O)O
DB11574,CC(C)C(C(=O)N1CCCC1C2=NC=C(N2)C3=CC4=C(C=C3)N5C(OC6=C(C5=C4)C=CC(=C6)C7=CN=C(N7)C8CCCN8C(=O)C(C(C)C)NC(=O)OC)C9=CC=CC=C9)NC(=O)OC
DB11575,CC(C)(C)[C@H]1C(=O)N2C[C@@H](C[C@H]2C(=O)N[C@@]3(C[C@H]3C=C)C(=O)NS(=O)(=O)C4CC4)OC5=NC6=C(C=CC(=C6)OC)N=C5CCCCC[C@@H]7C[C@H]7OC(=O)N1
DB11581,CC1(CCC(=C(C1)C2=CC=C(C=C2)Cl)CN3CCN(CC3)C4=CC(=C(C=C4)C(=O)NS(=O)(=O)C5=CC(=C(C=C5)NCC6CCOCC6)[N+](=O)[O-])OC7=CN=C8C(=C7)C=CN8)C
DB11590,CC[Hg]SC1=CC=CC=C1C(=O)[O-].[Na+]
DB11596,C1C(N(C2=C(N1)N=C(NC2=O)N)C=O)CNC3=CC=C(C=C3)C(=O)NC(CCC(=O)O)C(=O)O
DB11613,CC1CCC(N1C(=O)C(C(C)C)NC(=O)OC)C2=NC3=C(N2)C=CC4=CC5=C(C=C43)OCC6=C5C=CC(=C6)C7=CN=C(N7)C8CC(CN8C(=O)C(C9=CC=CC=C9)NC(=O)OC)COC
DB11632,CC1=C(C(=[N+](C(=C1Cl)C)[O-])Cl)C2=NOC(=N2)C3=CC(=C(C(=C3)O)O)[N+](=O)[O-]
DB11640,C1=CN=CC(=C1N)N
DB11642,C1CCN(CC1)CCCOCCCC2=CC=C(C=C2)Cl
DB11644,C1=CC2=C(C=C1C(=O)O)OC(=N2)C3=CC(=CC(=C3)Cl)Cl
DB11652,CC1=C(C=CC(=C1)NC2=NC=NC3=C2C=C(C=C3)NC4=NC(CO4)(C)C)OC5=CC6=NC=NN6C=C5
DB11653,CCCCC(C(=O)NC1CC(=O)NCCCCC(NC(=O)C(NC(=O)C(NC(=O)C(NC(=O)C(NC1=O)CC2=CN=CN2)CC3=CC=CC=C3)CCCN=C(N)N)CC4=CNC5=CC=CC=C54)C(=O)O)NC(=O)C
DB11660,C1C(C(C(C1O)CC=CCCCC(=O)OCCCCO[N+](=O)[O-])CCC(CCC2=CC=CC=C2)O)O
DB11677,CCCCCCC(=O)OCC(COC(=O)CCCCCC)OC(=O)CCCCCC
DB11689,CN1C=NC2=C1C=C(C(=C2F)NC3=C(C=C(C=C3)Br)Cl)C(=O)NOCCO
DB11691,CC(C)(C1=NC(=NO1)C2=CC=CC=C2)NC(=O)C3=C(C4C56CCN(C(C5(C3)O)CC7=C6C(=C(C=C7)O)O4)CC8CC8)O
DB11703,CC#CC(=O)N1CCCC1C2=NC(=C3N2C=CN=C3N)C4=CC=C(C=C4)C(=O)NC5=CC=CC=N5
DB11718,CC(C)N1C=C(C(=N1)C2=C(C(=CC(=C2)Cl)NS(=O)(=O)C)F)C3=NC(=NC=C3)NCC(C)NC(=O)OC
DB11730,CN(C)C(=O)C1=CC2=CN=C(N=C2N1C3CCCC3)NC4=NC=C(C=C4)N5CCNCC5
DB11732,CN1CCC(CC1)C(=O)C2=NC(=CC=C2)NC(=O)C3=C(C=C(C=C3F)F)F
DB11750,CC1CC2C3CCC4=CC(=O)C=CC4(C3(C(CC2(C1(C(=O)CCl)O)C)O)F)C
DB11751,CC1COC2N1C(=O)C3=C(C(=O)C(=CN3C2)C(=O)NCC4=C(C=C(C=C4)F)F)O
DB11757,CCN1C2=C(C(=O)N(C1=O)CC)N(C(=N2)C=CC3=CC(=C(C=C3)OC)OC)C
DB11760,CN1C(=NC=N1)C2C(NC3=CC(=CC4=C3C2=NNC4=O)F)C5=CC=C(C=C5)F
DB11791,CNC(=O)C1=C(C=C(C=C1)C2=NN3C(=CN=C3N=C2)CC4=CC5=C(C=C4)N=CC=C5)F
DB11793,C1CC(CNC1)C2=CC=C(C=C2)N3C=C4C=CC=C(C4=N3)C(=O)N
DB11796,CC1=NN(C=N1)C2=NC=C(C3=C2N(C=C3C(=O)C(=O)N4CCN(CC4)C(=O)C5=CC=CC=C5)COP(=O)(O)O)OC
DB11799,C1C[C@@H]2C[C@H]1N3[C@H](O2)CN4C=C(C(=O)C(=C4C3=O)O)C(=O)NCC5=C(C=C(C=C5F)F)F
DB11800,CC1=CC(=NO1)NC(=O)NC2=C(C=C(C=C2)OC3=C4C=C(C(=CC4=NC=C3)OC)OC)Cl
DB11817,CCS(=O)(=O)N1CC(C1)(CC#N)N2C=C(C=N2)C3=C4C=CNC4=NC=N3
DB11820,CC1CS(=O)(=O)CCN1N=CC2=CC=C(O2)[N+](=O)[O-]
DB11823,CNC1(CCCCC1=O)C2=CC=CC=C2Cl
DB11827,CCOC1=CC=C(C=C1)CC2=C(C=CC(=C2)C34C(C(C(C(O3)(CO4)CO)O)O)O)Cl
DB11828,CCOC1=C(C=C2C(=C1)N=CC(=C2NC3=CC(=C(C=C3)OCC4=CC=CC=N4)Cl)C#N)NC(=O)C=CCN(C)C
DB11835,CC(C1C(=O)NC(CSSCC(C(=O)NC(C(=O)NC(C(=O)NC(C(=N1)[O-])CCCCN)CC2=CNC3=CC=CC=C32)CC4=CC=CC=C4)NC(=O)C(CC5=CC=CC=C5)N=C(CN(CCN(CCC(C(=O)O)C(=O)O)CC(=O)[O-])CC(=O)[O-])[O-])C(=O)NC(CO)C(C)O)O.[111In+3]
DB11837,C1CC2=CN=CN2C1C3=C(C=C(C=C3)C#N)F
DB11842,CCC(C)C(C(=O)NC(CC1=CN=CN1)C(=O)N2CCCC2C(=O)NC(CC3=CC=CC=C3)C(=O)O)NC(=O)C(CC4=CC=C(C=C4)O)NC(=O)C(C(C)C)NC(=O)C(CCCN=C(N)N)NC(=O)C(CC(=O)O)N
DB11853,CN(C)CC1=C(SC2=C1C(=O)N(C(=O)N2CC3=C(C=CC=C3F)F)C4=NN=C(C=C4)OC)C5=CC=C(C=C5)NC(=O)NOC
DB11855,CN(CCN1CCC(CC1)OC(=O)NC2=CC=CC=C2C3=CC=CC=C3)C(=O)C4=CC=C(C=C4)CN5CCC(CC5)C(=O)N
DB11859,CC(=O)C1CCC2C1(CCC3C2CCC4C3(CCC(C4)O)C)C
DB11901,CNC(=O)C1=C(C=C(C=C1)N2C(=S)N(C(=O)C23CCC3)C4=CC(=C(N=C4)C#N)C(F)(F)F)F
DB11915,CC(C)CC1CN2CCC3=CC(=C(C=C3C2CC1OC(=O)C(C(C)C)N)OC)OC
DB11921,CC1=NC2(C(O1)CC3C2(CC(C4C3CCC5=CC(=O)C=CC45C)O)C)C(=O)COC(=O)C
DB11932,CC1=CN=C(C=C1)C2=NC=C(C=C2)C
DB11936,CC(C)(CCCCCC(CCCCCC(C)(C)C(=O)O)O)C(=O)O
DB11942,C1=CN=C(C=N1)NNC(=O)C=CN2C=NC(=N2)C3=CC(=CC(=C3)C(F)(F)F)C(F)(F)F
DB11943,C1C(CN1C2=C(C=C3C(=C2Cl)N(C=C(C3=O)C(=O)O)C4=C(C=C(C(=N4)N)F)F)F)O
DB11951,CC1=NC(=NC=C1OCC2(CC2C(=O)NC3=NC=C(C=C3)F)C4=CC(=CC=C4)F)C
DB11952,CC(C1=CC2=C(C(=CC=C2)Cl)C(=O)N1C3=CC=CC=C3)NC4=NC=NC5=C4NC=N5
DB11963,COC1=C(C=C2C(=C1)N=CN=C2NC3=CC(=C(C=C3)F)Cl)NC(=O)C=CCN4CCCCC4
DB11967,CN1C=NC2=C1C=C(C(=C2F)NC3=C(C=C(C=C3)Br)F)C(=O)NOCCO
DB11978,CN1CCC(CC1C2=NC3=CC=CC=C3N2)NC(=O)NC4=CC=C(C=C4)C#N
DB11979,CC1=C(C(=O)N(C(=O)N1CC2=C(C=CC=C2F)C(F)(F)F)CC(C3=CC=CC=C3)NCCCC(=O)O)C4=C(C(=CC=C4)OC)F
DB11986,CN1CCN(CC1)C2=CC(=C(C=C2)C(=O)NC3=NNC4=C3C=C(C=C4)CC5=CC(=CC(=C5)F)F)NC6CCOCC6
DB11989,C1=CC=C(C=C1)CNC(=O)CN2C=CN=C2[N+](=O)[O-]
DB11995,C1CCC(CC1)N2CCN(CC2)C3=C(N=C(S3)NC(=O)C4=CC(=C(N=C4)N5CCC(CC5)C(=O)O)Cl)C6=CC(=CS6)Cl
DB12001,CCN1CCN(CC1)CC2=CN=C(C=C2)NC3=NC=C(C(=N3)C4=CC5=C(C(=C4)F)N=C(N5C(C)C)C)F
DB12010,CC1(C(=O)N(C2=C(O1)C=CC(=N2)NC3=NC(=NC=C3F)NC4=CC(=C(C(=C4)OC)OC)OC)COP(=O)(O)O)C
DB12015,CC1=C(SC(=N1)NC(=O)N2CCCC2C(=O)N)C3=CC(=NC=C3)C(C)(C)C(F)(F)F
DB12026,CCC1C2CN(C1C(=O)NC3(CC3C(F)F)C(=O)NS(=O)(=O)C4(CC4)C)C(=O)C(NC(=O)OC5CC5CCCCC(C6=NC7=C(C=C(C=C7)OC)N=C6O2)(F)F)C(C)(C)C
DB12035,CN(C)C1C2CC3CC4=C(C=CC(=C4C(=C3C(=O)C2(C(=C(C1=O)C(=O)N)O)O)O)O)CN(C)OC
DB12070,COC1=C(C=C(C=C1)C(F)(F)F)N2C(C3=C(C(=CC=C3)F)N=C2N4CCN(CC4)C5=CC(=CC=C5)OC)CC(=O)O
DB12095,CCOC(=O)C(CC1=CC=C(C=C1)C2=CC(=NC(=N2)N)OC(C3=C(C=C(C=C3)Cl)N4C=CC(=N4)C)C(F)(F)F)N
DB12130,CC1C2=C(C=CC(=C2)F)C(=O)N(CC3=NN(C(=C3C4=CC(=C(N=C4)N)O1)C#N)C)C
DB12141,CCC1=C(N=C(C(=N1)C(=O)N)NC2=CC(=C(C=C2)N3CCC(CC3)N4CCN(CC4)C)OC)NC5CCOCC5
DB12147,CC(C)NCCN(C1=CC2=NC(=CN=C2C=C1)C3=CN(N=C3)C)C4=CC(=CC(=C4)OC)OC
DB12153,C[N+](C)(C)CCOP(=O)([O-])OP(=O)(O)OCC1C(C(C(O1)N2C=CC(=NC2=O)N)O)O
DB12161,CC(C)CC1CN2CCC3=CC(=C(C=C3C2CC1=O)OC)OC
DB12245,CSC1=NC2=CC(=C(C=C2N1)Cl)OC3=C(C(=CC=C3)Cl)Cl
DB12267,CN1CCN(CC1)C2CCN(CC2)C3=CC(=C(C=C3)NC4=NC=C(C(=N4)NC5=CC=CC=C5P(=O)(C)C)Cl)OC
DB12301,CN1C(=NNC1=O)CN2C=CC(=C(C2=O)OC3=CC(=CC(=C3)C#N)Cl)C(F)(F)F
DB12329,CN(C)C1C2CC3CC4=C(C=C(C(=C4C(=C3C(=O)C2(C(=C(C1=O)C(=O)N)O)O)O)O)NC(=O)CN5CCCC5)F
DB12332,CNCC1=CC=C(C=C1)C2=C3CCNC(=O)C4=C3C(=CC(=C4)F)N2
DB12364,CN(C)C(=N)C1=CC=C(C=C1)C(=O)NC2=C(C=C(C=C2)OC)C(=O)NC3=NC=C(C=C3)Cl
DB12371,CCC1=C(C=CC(=C1)C(=NOCC2=CC(=C(C=C2)C3CCCCC3)C(F)(F)F)C)CN4CC(C4)C(=O)O
DB12404,CC1=CN=C2N1C3=C(C=C(C=C3)Br)C(=NC2CCC(=O)OC)C4=CC=CC=N4
DB12455,CC(C)(C)CNCC1=CC(=C2CC3CC4C(C(=O)C(=C(C4(C(=O)C3=C(C2=C1O)O)O)O)C(=O)N)N(C)C)N(C)C
DB12457,C1CC(C2=C(C=CC=N2)C(C1C3=C(C(=CC=C3)F)F)N)OC(=O)N4CCC(CC4)N5C6=C(NC5=O)N=CC=C6
DB12483,COC1=C(C=CC2=C3NCCN3C(=NC(=O)C4=CN=C(N=C4)N)N=C21)OCCCN5CCOCC5
DB12500,CC1=CN=C(N=C1NC2=CC(=CC=C2)S(=O)(=O)NC(C)(C)C)NC3=CC=C(C=C3)OCCN4CCCC4
DB12612,CC(C)OC1=C(C=C(C=C1)C2=NC(=NO2)C3=C4CCC(C4=CC=C3)NCCO)C#N
DB12615,CC1(COC(C(C1NC)O)OC2C(CC(C(C2O)OC3C(CC=C(O3)CNCCO)N)N)NC(=O)C(CCN)O)O
DB12674,CC1=CC2=C(C3C4C5C6=C(C(=C7C(=C6C(N4C(C(C2)N3C)O)COC(=O)C8(CS5)C9=C(CCN8)C2=C(N9)C=CC(=C2)OC)OCO7)C)OC(=O)C)C(=C1OC)O
DB12808,CC(C)(C)C1=C(C=CC(=C1)C2=C(C=CC(=C2)C3=CC=C(C=C3)C(=O)O)OCCO)N4CCCC4
DB12825,CC1CCC23CCC(=O)C2C1(C(CC(C(C3C)O)(C)C=C)OC(=O)CSC4CCC(CC4O)N)C
DB12834,CC1=NC=C(N1CC(C)O)[N+](=O)[O-]
DB12839,COCCOCCCCCC(=O)NCCCCC(C(=O)O)N
DB12865,CC(C(=O)NC(CCCN=C(N)N)C(=O)N)NC(=O)C(CCCN=C(N)N)NC(=O)C(CCCN=C(N)N)NC(=O)C(CCCN=C(N)N)NC(=O)C(C)NC(=O)C(CSSCC(C(=O)O)N)NC(=O)C
DB12887,CCN(C1CCOCC1)C2=CC(=CC(=C2C)C(=O)NCC3=C(C=C(NC3=O)C)C)C4=CC=C(C=C4)CN5CCOCC5
DB12893,CCC1=C2CN3C(=CC4=C(C3=O)COC(=O)[C@@]4(CC)OC(=O)OCC5=CC=C(C=C5)NC(=O)[C@H](CCCCN)NC(=O)COCC(=O)NCCOCCOCCOCCOCCOCCOCCOCCOCCN6C=C(N=N6)CNC(=O)C7CCC(CC7)CN8C(=O)CC(C8=O)SC[C@@H](C(=O)O)N)C2=NC9=C1C=C(C=C9)O
DB12941,CC(CN1C=CC(=N1)C2=CC(=C(C=C2)C#N)Cl)NC(=O)C3=NNC(=C3)C(C)O
DB12942,C(C1C(C(C(C(O1)OC(C(CO)O)C(C(CO)O)O)O)O)O)O
DB12965,[Ag]
DB12978,C1=CC(=NC=C1CC2=CNC3=C2C=C(C=N3)Cl)NCC4=CN=C(C=C4)C(F)(F)F
DB13074,CC(C)(C(=O)NC(CC1=CNC2=CC=CC=C21)C(=O)NC(CC3=CNC4=CC=CC=C43)NC=O)N
DB13125,CCCCCCOC(C)C1=CC=CC(=C1OC)C2=CSC(=N2)NC(=O)C3=CC(=C(C(=C3)Cl)C=C(C)C(=O)O)Cl
DB13139,CC(C)(C)NCC(C1=CC(=C(C=C1)O)CO)O
DB13142,C([C@@H]1[C@@H]([C@@H]([C@H]([C@@H](O1)O[C@H]([C@@H](CO)O)[C@@H]([C@H](C(=O)[O-])O)O)O)O)O)O.C([C@H]([C@H]([C@@H]([C@H](C(=O)[O-])O)O)O)O)O.[Ca+2]
DB13170,CC1C(=O)NC2CSSCC(C(=O)NC(C(=O)NC(C(=O)NC(CSSCC(NC(=O)CNC(=O)C(NC2=O)C(C)O)C(=O)NC(CC(C)C)C(=O)O)C(=O)NC(C(=O)NC(C(=O)NC(C(=O)N1)C(C)C)CC(=O)N)C(C)C)CC(C)C)CCC(=O)O)NC(=O)C(CCC(=O)O)NC(=O)C(CC(=O)O)NC(=O)C(CC(=O)N)N
DB13179,CC1CC(C(C(O1)OC2C(CC3(CO3)C(=O)C(C(C(C(OC(=O)C(C(C2C)OC4CC(C(C(O4)C)OC(=O)C)OC)C)C)C)OC(=O)C)C)C)OC(=O)C)N(C)C
DB13231,CC(C(=O)[O-])O.CC(C(=O)[O-])O.[Ca+2]
DB13257,[O-]S(=O)(=O)[O-].[Fe+2]
DB13295,C[N+]1(CCC2=CC(=C(C=C2C1CC3=CC(=C(C=C3)OC)OC)OC)OC)CCC(=O)OCCCCCOC(=O)CC[N+]4(CCC5=CC(=C(C=C5C4CC6=CC(=C(C=C6)OC)OC)OC)OC)C
DB13620,C([C@H]([C@H]([C@@H]([C@H](C(=O)[O-])O)O)O)O)O.[K+]
DB13749,C([C@H]([C@H]([C@@H]([C@H](C(=O)[O-])O)O)O)O)O.C([C@H]([C@H]([C@@H]([C@H](C(=O)[O-])O)O)O)O)O.[Mg+2]
DB13867,CC1CC2C3CC(C4=CC(=O)C=CC4(C3(C(CC2(C1(C(=O)SCF)O)C)O)F)C)F
DB13873,CC(C)(C(=O)O)OC1=CC=C(C=C1)C(=O)C2=CC=C(C=C2)Cl
DB13874,CC(C)(CNC1=NC(=NC(=N1)C2=NC(=CC=C2)C(F)(F)F)NC3=CC(=NC=C3)C(F)(F)F)O
DB13879,CC1(CC1)S(=O)(=O)NC(=O)[C@]2(C[C@H]2C(F)F)NC(=O)[C@@H]3C[C@@H]4CN3C(=O)[C@@H](NC(=O)O[C@@H]5CCC[C@H]5OC/C=C/C(C6=NC7=CC=CC=C7N=C6O4)(F)F)C(C)(C)C
DB13906,C1=CC2=C(C(=C1)O)C(=O)C3=C(C2=O)C=C(C=C3O)CO
DB13909,C1=C(C=C2C(=C1O)O[Bi]O2)C(=O)O.O
DB13913,CN1C2CCC1CC(C2)OC(=O)C3CCC(C4=CC=CC=C34)(C5=CC=CC=C5)C(=O)OC6CC7CCC(C6)N7C
DB13928,CCC(C)C(C(=O)NC(C)C(=O)NC(CC1=CNC2=CC=CC=C21)C(=O)NC(CC(C)C)C(=O)NC(C(C)C)C(=O)NC(CCCNC(=N)N)C(=O)NCC(=O)NC(CCCNC(=N)N)C(=O)NCC(=O)O)NC(=O)C(CC3=CC=CC=C3)NC(=O)C(CCC(=O)O)NC(=O)C(CCCCNC(=O)COCCOCCNC(=O)COCCOCCNC(=O)CCC(C(=O)O)NC(=O)CCCCCCCCCCCCCCCCC(=O)O)NC(=O)C(C)NC(=O)C(C)NC(=O)C(CCC(=O)N)NC(=O)CNC(=O)C(CCC(=O)O)NC(=O)C(CC(C)C)NC(=O)C(CC4=CC=C(C=C4)O)NC(=O)C(CO)NC(=O)C(CO)NC(=O)C(C(C)C)NC(=O)C(CC(=O)O)NC(=O)C(CO)NC(=O)C(C(C)O)NC(=O)C(CC5=CC=CC=C5)NC(=O)C(C(C)O)NC(=O)CNC(=O)C(CCC(=O)O)NC(=O)C(C)(C)NC(=O)C(CC6=CN=CN6)N
DB13985,CC(C1C(=O)NC(CSSCC(C(=O)NC(C(=O)NC(C(=O)NC(C(=O)N1)CCCCN)CC2=CNC3=CC=CC=C32)CC4=CC=C(C=C4)O)NC(=O)C(CC5=CC=CC=C5)NC(=O)CN6CCN(CCN(CCN(CC6)CC(=O)[O-])CC(=O)[O-])CC(=O)[O-])C(=O)NC(C(C)O)C(=O)O)O.[Lu+3]
DB13997,COC(=O)OCOC1=C2C(=O)N3CCOCC3N(N2C=CC1=O)C4C5=C(CSC6=CC=CC=C46)C(=C(C=C5)F)F
DB14006,C[N+](C)(C)CCO.C1=CC=C(C(=C1)C(=O)O)[O-]
DB14007,C(CN(CC(=O)O)CC(=O)O)N(CCN(CC(=O)O)CC(=O)O)CC(=O)O
DB14018,CN1C2=C(C(=O)N(C1=O)C)NC(=N2)Br
DB14019,CC1=CC=CC=C1C2=CC(=NC=C2N(C)C(=O)C(C)(C)C3=CC(=CC(=C3)C(F)(F)F)C(F)(F)F)N4CC[N+](CC4)(C)COP(=O)(O)[O-]
DB14048,O[Si]1(O[Si](O[Si](O1)(O)O)(O)O)O.[Na+].[Na+].[Zr]
DB14158,[HH]
DB14159,C(O)(P(=O)(O)O)P(=O)(O)O
DB14219,COC(=O)/C=C/C(=O)O
DB14276,COC1=C(C=CC(=C1)C=CC(=O)CC(=O)C=CC2=CC(=C(C=C2)O)OC)O
DB14357,C1=CC(=CC=C1C2=CC(=O)C3=C(C=C(C=C3O2)O)O)O
DB14375,COC1=C(C=CC(=C1)C2C(OC3=C(O2)C=C(C=C3)C4C(C(=O)C5=C(C=C(C=C5O4)O)O)O)CO)O
DB14487,CC(=O)[O-].CC(=O)[O-].[Zn+2]
DB14488,C([C@H]([C@H]([C@@H]([C@H](C(=O)[O-])O)O)O)O)O.C([C@H]([C@H]([C@@H]([C@H](C(=O)[O-])O)O)O)O)O.[Fe+2]
DB14491,C(=C/C(=O)[O-])\\C(=O)[O-].[Fe+2]
DB14498,CC(=O)[O-].[K+]
DB14509,[Li+].[Li+].C(=O)([O-])[O-]
DB14520,C(C(=O)[O-])C(CC(=O)[O-])(C(=O)[O-])[O-].C(C(=O)[O-])C(CC(=O)[O-])(C(=O)[O-])[O-].C(C(=O)[O-])C(CC(=O)[O-])(C(=O)[O-])[O-].O.O.O.O.O.O.O.O.O.O.[Fe+3].[Fe+3].[Fe+3].[Fe+3]
DB14533,Cl[Zn]Cl
DB14550,[Cl-].[Cl-].[Cl-].[67Ga+3]
DB14554,C[C@H]([C@H]1C(=O)N[C@@H](CSSC[C@@H](C(=O)N[C@H](C(=O)N[C@@H](C(=O)N[C@H](C(=O)N1)CCCCN)CC2=CNC3=CC=CC=C32)CC4=CC=C(C=C4)O)NC(=O)[C@@H](CC5=CC=CC=C5)NC(=O)CN6CCN(CCN(CCN(CC6)CC(=O)O)CC(=O)O)CC(=O)O)C(=O)N[C@@H]([C@@H](C)O)C(=O)O)O
DB14568,C1CC(=O)N(C1C(=O)N(C2=CC(=CN=C2)F)C(C3=CC=CC=C3Cl)C(=O)NC4CC(C4)(F)F)C5=NC=CC(=C5)C#N
DB14569,CN1N=C(N=N1)C2=NC=C(C=C2)C3=C(C=C(C=C3)N4CC(OC4=O)CO)F
DB14575,C1C(C2=CC=CC=C2N(C3=CC=CC=C31)C(=O)N)O
DB14598,C(CN(CC(=O)[O-])CC(=O)[O-])N(CC(=O)[O-])CC(=O)[O-].[Na+].[Na+].[Ca+2]
DB14600,C(CN(CC(=O)O)CC(=O)[O-])N(CC(=O)O)CC(=O)[O-].[Na+].[Na+]
DB14713,CC1=CN(C(=O)NC1=O)C2CC(C(O2)COP(=S)(O)OC3CC(OC3COP(=S)(O)OC4CC(OC4COP(=S)(O)OC5C(OC(C5OCCOC)N6C=NC7=C6N=C(NC7=O)N)COP(=S)(O)OC8C(OC(C8OCCOC)N9C=C(C(=O)NC9=O)C)COP(=S)(O)OC1C(OC(C1OCCOC)N1C=C(C(=O)NC1=O)C)COP(=O)(OC1C(OC(C1OCCOC)N1C=C(C(=NC1=O)N)C)COP(=S)(O)OC1C(OC(C1OCCOC)N1C=C(C(=O)NC1=O)C)CO)S)N1C=NC2=C1N=C(NC2=O)N)N1C=C(C(=O)NC1=O)C)OP(=S)(O)OCC1C(CC(O1)N1C=NC2=C(N=CN=C21)N)OP(=S)(O)OCC1C(CC(O1)N1C=C(C(=NC1=O)N)C)OP(=S)(O)OCC1C(CC(O1)N1C=NC2=C(N=CN=C21)N)OP(=S)(O)OCC1C(CC(O1)N1C=C(C(=O)NC1=O)C)OP(=S)(O)OCC1C(CC(O1)N1C=NC2=C1N=C(NC2=O)N)OP(=S)(O)OCC1C(CC(O1)N1C=NC2=C(N=CN=C21)N)OP(=S)(O)OCC1C(CC(O1)N1C=NC2=C(N=CN=C21)N)OP(=S)(O)OCC1C(C(C(O1)N1C=NC2=C(N=CN=C21)N)OCCOC)OP(=S)(O)OCC1C(C(C(O1)N1C=C(C(=O)NC1=O)C)OCCOC)OP(=S)(O)OCC1C(C(C(O1)N1C=C(C(=NC1=O)N)C)OCCOC)OP(=S)(O)OCC1C(C(C(O1)N1C=C(C(=NC1=O)N)C)OCCOC)OP(=S)(O)OCC1C(C(C(O1)N1C=C(C(=NC1=O)N)C)OCCOC)O
DB14723,C1CC(N(C1)C2=NC3=C(C=NN3C=C2)NC(=O)N4CCC(C4)O)C5=C(C=CC(=C5)F)F
DB14740,CC1(C(=C)N(C2=CC=CC=C21)CCCCCC(=O)O)C.Br
DB14754,C1=CC=C(C=C1)CC(COC(=O)N)N
DB14761,CCC(CC)COC(=O)C(C)NP(=O)(OCC1C(C(C(O1)(C#N)C2=CC=C3N2N=CN=C3N)O)O)OC4=CC=CC=C4
DB14783,COC(=O)C=CC(=O)OCCN1C(=O)CCC1=O
DB14840,CCN1C2=CC(=NC=C2C=C(C1=O)C3=CC(=C(C=C3Br)F)NC(=O)NC4=CC=CC=C4)NC
DB14879,CC(C)(C(=O)O)ON=C(C1=CSC(=N1)N)C(=O)NC2C3N(C2=O)C(=C(CS3)C[N+]4(CCCC4)CCNC(=O)C5=C(C(=C(C=C5)O)O)Cl)C(=O)[O-]
DB14881,COC1=C(SC=C1)CNCCC2(CCOC3(C2)CCCC3)C4=CC=CC=N4
DB14895,C1CC(NC1CC2=CC=C(C=C2)NC(=O)C3CCC4=NC=CC(=O)N34)C(C5=CC=CC=C5)O
DB14975,CC(C)N1C(=CC=N1)C2=C(C=CC=N2)COC3=CC=CC(=C3C=O)O
DB15035,C=CC(=O)N1CCC(CC1)C2CCNC3=C(C(=NN23)C4=CC=C(C=C4)OC5=CC=CC=C5)C(=O)N
DB15066,CC1CC(CN1C(=O)CCCCCCCCCCC(=O)NC(COCCC(=O)NCCCNC(=O)CCCCOC2C(C(C(C(O2)CO)O)O)NC(=O)C)(COCCC(=O)NCCCNC(=O)CCCCOC3C(C(C(C(O3)CO)O)O)NC(=O)C)COCCC(=O)NCCCNC(=O)CCCCOC4C(C(C(C(O4)CO)O)O)NC(=O)C)O
DB15091,CCC1CN(CC1C2=CN=C3N2C4=C(NC=C4)N=C3)C(=O)NCC(F)(F)F
DB15093,C(CCCCCCCC1=NNN=N1)CCCCCCCC(=O)NS(=O)(=O)CCCC(=O)NCCOCCOCC(=O)NC(CCC(=O)NC(CCC(=O)NCCOCCOCC(=O)NC(CCCCNC(=O)CSCC(C(=O)O)N)C(=O)N)C(=O)O)C(=O)O
DB15102,CCN1C2=C3C=C(NC3=NC=C2CN(C1=O)C4=C(C(=CC(=C4F)OC)OC)F)CN5CCOCC5
DB15233,CC(C1=CC=C(C=C1)F)(C2=CN=C(N=C2)N3CCN(CC3)C4=NC=NN5C4=CC(=C5)C6=CN(N=C6)C)N
DB15305,CC1=CC(=NN2C1=NC(=C2)C)C3=CC(=O)N4C=C(C=CC4=N3)N5CCNC6(C5)CC6
DB15328,CC1C(CC(C(=O)N1CC(F)(F)F)NC(=O)C2=CC3=C(CC4(C3)C5=C(NC4=O)N=CC=C5)N=C2)C6=CC=CC=C6
DB15444,C[C@H]1CC(N(C1)C2=C(C=CC(=N2)N3C=CC(=N3)OCC(C)(C)C(F)(F)F)C(=O)NS(=O)(=O)C4=CN(N=C4C)C)(C)C
DB15465,CN1CC[C@]23[C@@H]4[C@H]1CC5=C2C(=C(C=C5)OC)O[C@H]3C(=CC4)OC(=O)C6=CC=CC=C6
DB15617,C([C@@H]1[C@H]([C@@H]([C@H]([C@H](O1)OC[C@@H]2[C@H]([C@@H]([C@H]([C@H](O2)OC[C@H]([C@H]([C@@H]([C@H](CO)O)O)O)O)O)O)O)O)O)O)O.[Fe+3]
DB15685,CC(C)(COC1=CN2C(=C(C=N2)C#N)C(=C1)C3=CN=C(C=C3)N4CC5CC(C4)N5CC6=CN=C(C=C6)OC)O
DB15694,C1CN(C(=O)N[C@@H]1O)[C@H]2C([C@@H]([C@H](O2)CO)O)(F)F
DB15779,CC1=CC(=C(C(=C1NC(=O)CN(CC(=O)O)CC(=O)O)C)Br)C
DB15822,CC1=CC(=NN1)NC2=NC(=NC(=C2)C)C3CCC(CC3)(C(=O)NC(C)C4=CN=C(C=C4)N5C=C(C=N5)F)OC
DB15982,C1CC1CNC(C2=CC(=C(C=C2)F)NC(=O)C3=CC(=NN3C4=CC=CC(=C4)CN)C(F)(F)F)C5=CC=CC(=C5)C#N
DB16625,CCCCCCC(=O)O[C@H]1CC[C@@]2([C@H]3CC[C@]4([C@H]([C@@H]3CC=C2C1)CCC4=O)C)C
DB16627,CCOC(=O)C(CC1=CC=C(C=C1)F)NC(=O)C(CC2=CC=C(C=C2)N(CCCl)CCCl)N
