60 1238 8
710 850 11
80 944 50
340 1115 17
54 493 17
1009 1206 39
79 206 10
475 1480 24
1061 1552 1
222 1480 8
401 796 8
120 543 2
922 1547 8
846 1293 10
428 630 17
99 1035 1
225 1216 8
161 694 62
289 1061 23
262 865 41
499 989 17
477 849 10
3 1362 2
97 907 1
1 1137 34
291 679 12
533 1054 34
96 1547 1
734 1489 8
419 914 8
1463 1540 1
444 1067 21
1232 1534 1
440 872 10
1067 1564 14
495 676 31
79 1295 10
549 961 12
287 1300 17
15 22 24
508 1211 8
469 742 11
108 686 17
275 464 10
352 1009 23
56 401 1
85 1369 13
921 1459 14
60 659 23
592 852 32
848 1058 10
90 785 29
409 1220 24
69 1048 8
1045 1494 23
627 989 17
531 1465 14
314 1432 17
89 627 10
133 554 17
299 842 23
396 701 5
401 1422 25
9 808 13
167 219 17
289 989 17
364 1322 29
548 628 17
756 1008 39
108 1508 22
602 1443 3
709 999 23
231 433 17
62 921 23
659 1540 8
72 582 10
1496 1534 23
690 809 85
209 1100 34
594 654 26
94 1007 34
311 554 17
672 854 17
167 224 17
877 887 17
395 1545 1
1090 1223 17
1135 1198 23
106 400 10
925 1093 23
570 600 8
9 239 13
152 732 1
85 602 0
500 520 8
239 1462 1
709 767 23
122 1115 17
282 734 8
182 1128 1
150 1305 5
960 1062 10
3 1512 2
247 728 62
800 1347 51
1399 1517 10
103 369 17
502 576 23
124 933 2
152 1045 17
604 994 21
925 1137 34
680 1045 17
309 675 30
80 520 34
150 850 23
172 1061 23
395 1554 1
291 495 4
206 619 10
609 896 8
161 325 23
609 1265 8
710 1547 17
15 938 0
68 1338 31
97 886 1
328 1540 8
46 1362 13
863 1338 10
437 844 11
62 325 23
1269 1290 8
667 1135 14
801 1136 8
957 1171 38
988 1510 33
68 645 4
124 337 10
499 1407 17
619 1146 50
225 239 0
70 1039 5
582 736 10
118 1282 34
82 886 23
280 1007 12
340 352 23
165 1246 10
765 974 13
280 1317 40
582 1115 17
324 973 10
630 704 26
235 1045 74
48 892 10
925 1007 1
50 93 17
337 1465 23
22 614 84
152 310 71
1058 1481 28
68 322 31
107 1128 1
289 390 17
1363 1536 1
1178 1216 8
9 428 13
398 676 2
493 925 23
390 670 11
690 1095 1
149 808 13
220 365 21
12 742 13
661 1294 29
219 493 19
1320 1491 14
225 548 1
81 1296 8
708 849 17
636 1534 23
46 160 11
362 462 72
212 1211 23
428 1067 23
477 1017 8
25 1463 7
719 906 34
213 841 8
1137 1536 1
368 628 11
497 1552 0
1449 1481 32
208 636 8
150 484 23
499 1409 23
450 855 8
170 263 0
90 1288 1
942 1554 1
188 887 24
632 1064 23
99 389 17
693 1085 17
899 1350 42
198 1131 8
198 311 10
1027 1474 34
626 1255 17
295 907 10
444 844 66
869 877 17
198 553 10
834 892 42
45 531 29
219 317 17
184 734 8
81 913 40
1 46 34
167 595 17
278 1554 26
457 769 8
340 899 74
520 1515 34
99 1425 1
914 1093 23
99 288 17
484 892 58
892 1205 51
216 247 62
159 1351 51
879 1282 14
654 1362 0
13 324 0
502 999 23
1135 1409 23
478 580 26
1362 1433 13
305 1050 32
419 571 69
519 1400 37
78 508 8
160 669 40
253 464 10
850 1350 42
775 877 17
139 1481 32
339 938 13
1471 1553 1
442 488 17
161 352 23
843 1245 8
595 1223 17
239 1214 0
436 1131 8
103 906 19
601 1448 8
70 1093 23
161 452 10
224 479 17
202 447 0
80 744 17
646 1078 17
183 1275 17
679 1084 24
447 675 0
892 942 1
311 708 17
925 1062 23
109 755 7
235 242 17
62 1228 8
806 862 17
99 163 17
1416 1449 14
530 1024 62
914 1547 23
470 711 10
338 1008 39
424 1297 29
843 1425 8
938 1447 13
833 971 17
196 1409 1
479 892 17
310 1452 8
222 457 10
89 1362 13
914 1496 23
262 538 54
1221 1491 14
208 499 10
493 886 23
999 1198 23
675 1489 1
582 686 17
9 149 13
81 441 8
325 968 29
208 468 43
364 602 3
921 1457 8
419 736 2
493 1146 11
99 266 8
563 1140 1
559 1080 15
134 1480 8
889 993 21
253 444 7
182 585 23
180 1536 1
1148 1440 17
900 1480 8
170 932 0
1216 1423 8
406 1271 24
208 588 1
189 1164 21
1240 1269 40
1296 1457 8
368 1273 8
217 1528 27
968 1141 8
242 400 10
149 1512 40
1 1282 34
925 1325 5
685 1206 39
189 1499 8
654 1419 23
157 830 8
334 632 23
892 1221 23
19 1238 71
122 1153 45
938 1050 0
3 1433 2
538 847 4
108 1438 22
841 1362 13
291 923 54
59 251 42
226 271 16
359 876 41
365 964 10
142 834 42
196 674 29
543 594 26
604 1061 23
942 1111 1
589 1376 5
568 970 53
160 340 11
578 709 23
235 595 17
161 589 3
368 1564 8
168 1050 34
104 1058 10
744 1317 7
653 938 0
507 870 1
588 1042 17
405 1362 2
649 1529 23
632 1048 23
339 1300 10
830 1499 8
287 1499 8
711 904 10
925 1492 5
172 1078 23
224 442 17
1048 1152 23
172 1419 8
104 863 10
291 949 12
266 602 8
576 1438 14
108 488 17
476 1169 8
22 1420 14
589 869 17
572 617 10
9 314 0
82 1504 38
590 1008 39
338 390 29
26 668 29
659 1161 23
337 516 17
765 1522 13
477 839 10
450 1448 1
109 1321 38
91 291 12
12 925 13
554 738 9
548 1491 22
80 345 8
913 1448 8
512 545 2
299 1427 23
332 619 12
493 976 19
109 733 72
787 1513 32
734 841 23
477 1552 1
709 1444 8
231 1223 17
276 582 17
436 1541 7
338 1481 32
182 433 10
276 1232 23
470 855 8
852 1465 23
597 1525 38
476 1172 71
26 1239 29
867 1317 40
693 843 8
565 1549 34
1390 1466 7
429 1473 1
189 1129 1
1269 1288 1
167 899 33
288 389 17
72 938 13
608 1529 23
462 726 72
311 1042 17
314 889 17
50 899 17
796 1061 8
1129 1140 1
62 314 23
82 375 5
842 1449 8
100 1513 32
1238 1419 1
734 1325 5
479 1095 17
1221 1307 1
610 879 8
138 592 32
325 1039 5
676 756 37
566 1133 23
311 1271 17
90 1458 14
450 701 5
870 1417 1
80 693 17
99 1549 1
104 1093 23
234 1369 34
863 1171 38
849 1077 1
646 1221 23
334 899 20
870 1103 1
1137 1419 14
1093 1444 8
938 1127 13
152 653 1
405 1213 32
609 1425 8
322 891 70
906 1529 12
1462 1556 8
310 636 8
428 510 8
80 879 23
54 1255 17
648 849 10
638 1347 51
104 1362 0
45 743 40
1419 1464 1
1141 1489 8
251 833 42
1111 1458 8
152 1452 1
282 585 23
523 1397 30
152 877 17
62 294 8
462 1310 35
216 1064 5
99 167 17
9 499 0
1118 1211 8
440 744 17
76 278 26
1221 1261 1
480 1410 14
600 608 23
531 1481 32
288 365 8
1300 1473 8
157 180 8
337 846 2
13 1528 13
1128 1141 8
397 1046 29
165 283 10
681 727 10
478 499 26
85 226 0
428 1271 8
89 933 2
870 1401 1
189 334 8
440 589 17
1054 1474 34
963 1244 21
782 960 10
927 1185 23
62 634 8
753 1459 1
328 1452 14
281 419 69
499 1534 23
753 847 12
653 1554 34
92 988 17
440 964 17
90 1129 1
988 1010 10
212 1039 5
973 1049 10
230 902 10
619 1536 50
830 1416 8
150 585 23
317 849 17
801 1048 3
879 883 8
239 568 0
629 788 29
305 1513 32
396 770 29
289 614 5
176 1026 35
942 1048 1
209 576 8
1227 1458 8
678 872 10
79 121 12
457 1045 17
990 1547 33
96 1549 1
280 1443 30
396 428 23
289 938 0
236 1230 62
428 942 8
190 690 7
870 1224 41
457 1062 10
143 554 17
1093 1547 23
165 780 52
60 163 17
1228 1457 32
785 788 29
1211 1462 8
17 659 23
571 1527 38
381 878 10
384 1528 27
108 127 44
653 1438 22
675 1512 2
311 634 17
408 1492 5
78 127 35
334 1228 8
184 1499 8
433 1481 17
17 60 23
821 998 1
795 1554 34
647 877 17
888 1459 14
230 512 2
233 1347 51
634 877 17
1222 1466 14
1142 1350 42
758 1129 1
46 889 17
614 938 0
189 1534 1
1238 1427 1
80 280 34
636 1464 1
878 1481 28
163 198 17
488 1439 19
334 990 38
226 906 21
429 1466 1
433 991 33
701 834 42
317 368 11
697 1275 17
449 922 8
175 1203 8
231 272 17
297 378 10
609 1169 8
289 554 17
287 854 17
374 703 30
590 854 32
631 911 12
152 1415 1
617 1246 10
1296 1319 8
216 906 62
766 1310 20
317 1448 17
150 701 5
440 1220 24
1246 1288 1
295 452 10
589 1211 23
409 1458 14
237 614 0
276 763 17
287 432 45
555 1534 1
104 433 17
561 1049 20
80 104 23
172 1007 1
54 1153 17
726 730 12
878 1238 8
502 767 23
576 913 8
769 1307 8
198 1322 39
273 1463 1
968 1326 14
1151 1463 1
167 464 10
907 1161 23
251 877 42
222 902 10
325 608 23
902 1473 23
1277 1552 1
647 1473 8
693 1271 17
80 131 17
659 922 8
142 1296 17
283 672 17
548 1133 1
869 988 17
600 1128 1
842 1279 34
188 653 24
340 378 10
337 1494 23
960 1293 10
424 430 29
894 902 4
914 1178 8
299 563 2
604 1078 23
475 879 24
688 1025 34
291 1080 15
441 653 22
1288 1556 1
59 398 21
646 802 10
334 685 18
588 1136 1
758 1536 1
462 671 72
663 1415 34
693 973 17
338 629 29
634 1448 17
850 1261 17
1449 1489 8
425 745 32
455 468 53
51 968 16
636 938 13
635 993 21
46 989 17
424 1419 8
239 576 8
185 973 8
659 1316 0
82 850 23
563 1415 1
245 340 9
103 510 19
709 1067 23
182 519 23
287 839 10
654 775 17
770 1178 29
226 938 0
185 839 10
512 841 17
499 1317 42
61 954 31
471 1286 52
711 933 53
208 566 70
294 1203 8
801 872 87
84 635 21
219 283 17
126 906 34
991 1014 46
511 988 17
269 742 66
198 574 17
1483 1534 1
107 129 52
369 555 10
109 827 12
161 1420 11
230 782 10
185 744 17
589 709 23
847 894 4
602 647 3
282 563 1
1217 1545 14
36 794 11
519 988 17
93 555 17
639 1178 29
1118 1525 83
901 1527 38
1471 1483 1
170 1211 14
900 1362 0
564 1489 1
233 366 19
730 1536 50
432 457 45
766 863 10
419 545 2
1095 1402 1
508 555 1
78 671 15
172 647 17
763 1220 1
70 401 1
61 369 28
904 1049 10
1399 1481 10
118 833 34
216 310 62
100 801 14
854 899 17
78 809 8
289 775 17
1135 1451 14
570 1009 29
1 1050 34
314 585 23
126 795 34
429 1136 1
15 1065 24
631 1304 12
329 1462 8
6 338 7
359 1451 24
212 654 23
588 1494 1
548 672 1
311 627 17
519 844 11
1425 1545 14
310 891 8
198 787 39
295 960 10
470 1152 23
294 654 8
112 127 38
219 1132 62
54 629 20
96 441 1
1135 1481 32
82 1192 18
271 1226 71
747 1443 69
282 1009 23
649 1004 35
75 511 19
576 1448 8
368 927 21
441 1502 4
619 1488 61
730 1111 10
328 821 1
516 1499 1
999 1090 19
288 1175 21
93 1347 51
559 768 55
288 589 8
168 419 30
1222 1421 0
185 1148 17
380 1136 34
80 766 17
276 1449 8
233 892 19
1466 1536 3
163 311 17
407 553 10
303 738 41
424 1234 29
428 1408 42
1232 1427 1
185 964 17
656 1496 21
438 1399 10
190 462 72
467 1185 23
60 233 17
742 863 10
675 747 69
1213 1338 28
876 906 23
531 737 32
1080 1140 35
275 322 10
638 921 8
294 450 8
779 999 62
906 1296 8
787 1163 24
419 922 8
609 1141 8
686 1448 17
1319 1439 14
561 1115 17
1118 1481 32
20 660 34
375 902 5
747 791 18
152 869 17
572 602 3
124 680 10
1131 1137 14
152 588 17
295 1481 21
141 239 0
778 809 71
711 746 41
1463 1494 1
167 693 17
907 1462 8
26 341 32
121 170 54
62 765 8
139 1050 32
1473 1489 1
282 925 23
1281 1376 5
15 464 24
131 295 17
17 512 50
497 900 0
311 698 19
325 1077 23
12 1301 13
565 1226 40
1057 1417 1
1232 1273 1
99 863 1
747 1299 6
701 892 62
176 543 35
281 434 38
1 974 34
178 1541 7
361 608 4
142 1148 17
694 1353 62
383 1115 17
340 436 9
771 775 17
396 812 23
709 1048 23
508 1553 1
272 465 10
253 1280 19
1246 1293 10
45 661 29
329 1473 8
62 1213 5
79 374 2
118 240 34
137 1377 5
395 1423 1
80 701 5
99 708 17
364 531 8
299 1452 23
1064 1481 5
390 1050 32
490 998 67
600 1039 5
519 801 28
787 1451 24
122 589 17
580 850 13
263 447 2
149 925 40
176 617 71
189 445 40
345 1459 1
570 744 29
167 511 17
732 1444 8
74 309 34
531 1141 14
125 376 8
9 962 0
636 956 4
85 545 13
405 580 2
429 1016 1
97 769 8
510 1090 19
233 999 19
170 425 41
442 634 17
988 1300 17
863 913 21
295 1432 17
282 809 34
130 703 30
56 1016 32
863 933 2
183 1148 17
635 1203 8
359 1065 24
50 615 10
1118 1419 8
663 1250 6
414 484 10
863 1061 10
338 668 29
847 1074 12
104 867 10
801 1409 1
46 198 8
376 1419 8
796 1035 8
338 1420 14
753 1554 34
4 1283 23
490 494 10
59 604 21
369 383 17
925 938 13
299 1211 23
338 424 29
1007 1250 38
311 1249 19
484 628 17
449 1136 8
208 361 31
821 1494 1
1409 1443 30
883 899 17
902 1502 4
663 899 20
259 1009 29
795 1282 34
464 614 10
376 1228 8
672 1223 17
61 72 10
508 1363 1
615 1300 10
9 15 0
442 1468 17
914 1534 23
185 673 1
531 707 29
82 1271 24
266 737 32
90 843 8
339 553 10
449 609 8
561 711 20
226 938 0
464 1250 35
249 1541 7
854 1458 8
260 1399 8
13 1459 0
198 791 39
46 1474 34
229 1137 1
99 1268 1
401 1077 1
644 1023 11
122 1054 45
47 470 10
711 839 10
133 1283 21
646 1017 8
567 862 31
266 1026 7
70 942 1
251 850 42
484 734 23
340 942 8
478 753 26
632 892 23
447 1050 0
368 450 8
130 1281 12
157 266 8
502 921 23
333 561 62
634 1129 1
365 1425 8
501 1448 17
234 974 34
863 904 10
81 794 11
889 1386 17
401 1471 1
600 1078 23
381 630 10
537 907 10
143 213 3
516 1420 17
397 471 29
892 1452 23
1054 1481 11
242 1111 1
297 1529 17
242 499 17
1491 1534 1
695 1084 24
1261 1451 14
575 809 34
133 1465 23
142 942 17
149 1491 1
503 1271 24
681 1399 10
79 1377 40
782 1058 10
588 1137 1
30 56 7
99 283 17
110 376 8
654 1452 23
493 964 11
595 1386 17
998 1366 60
338 1366 60
680 1090 17
757 1388 62
407 512 2
408 889 17
869 1480 8
520 646 20
110 497 0
22 280 12
561 1090 48
93 564 17
178 548 17
324 589 5
235 1058 10
178 183 17
1039 1077 5
636 1468 8
22 548 1
464 892 10
479 576 8
20 209 34
352 1492 5
785 1288 1
118 949 34
501 1440 17
600 886 23
26 251 42
767 1511 19
1226 1341 71
746 827 6
242 846 10
512 801 2
54 627 17
219 1440 17
152 1128 1
684 1169 1
70 1048 23
711 1283 53
578 1432 17
709 1050 32
1339 1496 21
502 1496 23
15 108 24
471 1397 20
276 730 10
500 730 15
647 1220 1
408 595 17
740 1465 23
289 683 10
564 734 8
237 918 0
231 806 17
152 1245 1
742 1211 8
771 1148 19
46 821 34
493 944 10
334 740 23
1206 1457 39
1111 1169 8
734 1466 8
6 149 7
1090 1316 0
930 1301 13
734 1111 8
70 1067 23
46 216 8
841 845 23
842 1135 23
84 619 53
1004 1351 51
470 634 17
944 1502 4
208 368 8
1061 1536 17
46 1275 8
305 620 32
602 1211 23
208 1275 7
72 295 10
468 947 64
703 847 12
182 676 10
82 499 23
701 771 62
100 590 32
74 1050 34
1007 1489 8
1447 1500 38
668 1126 1
887 1035 24
954 956 4
983 1007 38
500 842 8
753 1474 34
56 188 24
830 848 17
216 781 5
1300 1420 17
745 1483 32
180 1552 1
329 361 4
848 863 10
1402 1481 14
977 1216 8
679 1489 34
152 161 1
636 720 62
470 869 17
796 808 8
533 663 34
787 867 24
675 938 0
1071 1277 8
373 493 21
843 1128 8
133 852 23
13 1009 13
420 497 13
133 234 34
679 842 34
378 719 2
932 1222 0
730 1529 56
879 916 8
325 1427 23
564 1419 8
294 960 8
869 1265 3
216 1211 37
630 1408 42
1213 1239 32
309 821 34
531 843 8
704 808 26
1480 1564 8
737 1046 32
1093 1499 8
932 1492 53
125 1476 45
659 1409 23
299 973 23
600 636 23
1093 1333 23
907 1141 8
289 736 10
212 288 11
484 1496 23
639 787 29
303 690 7
314 567 23
870 883 1
782 944 10
378 989 10
176 359 41
1158 1335 12
512 1220 24
468 1111 10
1093 1464 1
1261 1464 1
604 977 53
260 1103 27
338 1238 1
408 730 10
222 906 10
904 960 10
266 1277 8
850 1473 23
183 1296 17
462 946 72
325 341 32
769 1269 8
602 1136 23
1178 1211 8
3 938 2
647 1024 62
773 1525 38
228 703 30
376 870 1
1365 1474 34
964 1054 11
647 872 10
962 1054 21
412 923 40
9 1146 13
933 957 53
15 627 24
276 1476 17
580 719 13
800 1319 40
79 566 53
50 850 17
297 1547 17
292 788 40
1035 1095 1
1171 1406 35
60 103 17
1009 1161 23
328 1050 32
180 810 8
674 931 29
501 693 17
390 1317 7
1067 1150 21
248 617 10
74 1153 34
675 954 4
430 896 29
930 1421 0
470 862 17
821 1296 1
289 938 0
167 433 17
1061 1420 17
849 1245 1
1065 1366 60
843 1553 8
309 1268 34
400 468 43
152 1417 1
561 800 19
1062 1125 10
679 1374 34
1054 1529 11
865 1468 17
710 1023 11
322 608 70
381 440 10
744 1296 17
376 1307 8
337 901 20
288 384 50
288 1310 35
830 1489 8
167 510 33
373 962 21
815 1297 39
299 865 23
74 168 34
1290 1462 8
176 1228 8
1275 1552 1
469 710 40
297 630 17
62 338 8
408 1221 23
676 703 2
1151 1449 8
854 1304 12
242 1489 1
217 484 10
47 390 10
183 437 17
608 636 23
1153 1159 21
390 1338 10
222 495 4
999 1552 1
452 1528 27
585 1409 23
383 493 17
97 1466 1
253 680 17
726 1376 38
801 1415 8
1448 1536 1
96 1046 1
13 1214 0
1166 1244 21
272 676 10
942 1090 1
998 1536 1
60 1468 17
680 1432 17
469 769 8
405 497 2
726 938 13
933 944 53
121 542 12
1374 1474 34
266 1556 8
378 1399 10
462 1016 32
1169 1271 8
1261 1415 8
1198 1221 23
879 1307 8
862 1042 17
1347 1443 7
400 595 10
654 1136 23
34 983 88
345 1489 8
13 794 13
614 1502 4
409 1271 24
812 927 23
408 1427 23
615 938 13
12 1163 13
69 529 10
208 1090 10
341 841 18
289 1440 17
309 1443 30
555 1464 1
747 834 42
84 499 23
1166 1496 21
520 628 20
589 886 23
251 973 42
479 878 10
317 537 11
900 1216 8
60 1067 23
92 493 17
1300 1386 19
118 516 34
338 737 32
141 1221 1
596 1288 1
120 470 10
365 495 31
337 530 19
46 961 42
257 378 67
352 1213 5
737 1458 14
283 433 17
462 813 35
631 951 64
684 1499 8
295 588 17
1090 1449 8
588 769 1
325 450 23
236 1511 62
231 1273 8
707 968 29
1376 1534 5
726 1171 38
289 961 42
654 907 23
311 727 10
1115 1148 17
938 1299 13
48 475 24
79 787 8
79 311 5
766 849 1
449 1480 8
620 1213 32
219 1300 48
100 737 32
636 896 14
649 1452 23
275 419 2
632 834 11
1228 1443 32
363 974 34
626 1169 8
253 1251 10
1152 1350 5
479 848 17
1084 1269 24
13 942 0
1206 1490 39
869 922 8
467 654 23
452 867 27
17 1534 23
103 470 17
476 646 8
294 704 26
609 1471 8
337 1135 23
340 1024 62
46 1307 8
311 617 10
475 922 24
976 1280 19
108 574 1
870 1452 1
407 499 10
82 1077 23
626 686 17
295 878 10
225 1216 8
588 1115 17
519 834 11
118 133 34
77 1164 21
854 1305 12
328 769 8
48 104 10
419 1316 0
97 675 1
280 1100 34
106 944 10
1259 1315 34
1232 1457 1
170 1394 13
499 1221 23
85 202 0
484 490 10
1216 1245 8
842 1452 23
1064 1198 23
450 1048 23
801 1500 2
242 732 1
334 1458 8
401 1232 1
150 771 23
457 846 10
62 497 8
1042 1536 17
639 1322 29
209 1549 34
109 1250 38
289 1452 23
84 614 53
600 1211 23
614 697 10
337 519 11
477 1529 10
120 867 10
297 490 10
217 235 10
99 295 17
79 880 64
107 931 29
1273 1471 8
322 398 2
248 634 17
149 225 1
216 1468 5
867 1362 13
795 1137 34
693 1061 17
9 397 13
134 849 1
124 185 10
878 1067 70
180 879 8
900 1433 2
165 572 10
338 879 14
54 79 10
733 777 72
127 322 25
1296 1563 8
938 1301 13
396 942 1
630 1536 17
72 220 2
428 488 8
511 850 17
49 922 8
400 1400 37
25 756 37
106 1542 89
57 1049 10
251 897 42
79 185 10
374 376 8
311 886 23
933 1228 32
395 1227 22
765 850 13
693 1042 17
266 808 44
299 1409 23
945 1317 7
879 1549 8
531 1466 14
341 431 16
479 1115 17
60 516 17
561 779 62
222 719 2
81 1131 8
138 348 32
295 964 21
282 1322 39
281 896 18
133 396 23
879 902 23
927 963 21
97 1203 1
821 1131 1
282 566 23
4 852 23
401 1246 1
363 1054 34
733 983 38
685 787 32
478 765 26
1269 1452 8
892 1216 8
470 693 17
70 836 23
469 644 40
108 260 8
849 1449 1
110 1541 7
440 899 17
295 646 17
844 1159 21
1374 1417 34
555 993 11
182 647 10
6 920 7
678 794 17
12 127 0
185 887 17
727 914 8
390 1283 21
709 1077 23
18 1351 51
632 1269 8
212 862 17
839 1293 10
440 678 17
72 627 10
99 1494 1
862 1440 17
337 578 33
407 630 10
334 374 17
400 1158 67
809 1365 34
649 1171 35
833 1135 23
108 1131 1
22 1443 3
797 959 7
22 867 27
60 1221 23
614 1496 53
292 1209 40
97 1326 1
405 971 30
564 844 11
694 800 62
175 1473 8
259 1169 8
309 681 2
50 1300 17
324 676 43
379 1026 35
672 771 17
120 703 2
39 209 34
329 334 18
122 152 17
582 1045 17
46 183 45
289 848 19
235 901 17
106 879 8
161 964 11
988 1203 8
727 1261 8
25 208 37
1048 1186 37
719 850 34
576 604 23
15 1022 24
964 1364 66
709 1547 23
510 1319 40
395 914 1
85 719 13
260 602 12
1265 1491 8
559 1148 10
9 499 0
490 614 10
1499 1553 8
180 295 10
340 1295 17
287 783 10
337 925 23
311 588 1
1465 1491 14
6 26 7
287 626 17
224 627 17
400 419 2
322 892 10
944 1253 12
850 1253 42
589 806 17
559 767 10
842 1265 8
649 833 23
436 493 9
1452 1473 23
559 1111 10
46 765 13
627 887 17
9 1299 13
821 1050 34
17 902 23
142 1407 17
109 755 7
289 647 19
132 412 0
579 765 2
944 1376 40
395 738 41
314 1439 19
709 1016 32
897 1350 42
674 709 32
1216 1456 8
921 1129 8
280 960 2
46 1078 8
291 374 12
639 1347 51
452 1295 10
564 1466 1
732 878 87
568 1325 40
338 531 8
1045 1473 23
288 1425 8
235 631 10
61 742 10
276 1078 23
543 867 2
553 872 10
170 801 71
311 1492 5
479 964 17
178 276 17
678 1536 17
379 1406 35
906 1476 17
120 299 87
497 808 8
46 108 8
1057 1556 1
1326 1463 1
68 329 62
142 619 10
242 933 1
876 1530 38
782 867 10
287 802 10
942 998 22
251 311 42
465 499 10
337 452 10
107 1297 29
842 1234 34
1417 1540 8
141 548 1
229 1086 1
455 813 15
777 1134 12
672 678 17
1279 1452 14
172 208 8
99 450 1
149 1246 1
283 588 17
72 595 10
1289 1534 1
1062 1325 5
467 737 32
647 1386 19
180 436 8
81 769 8
133 781 23
1386 1476 17
369 988 10
281 1222 13
275 311 10
1310 1529 6
734 1554 8
137 1220 24
580 892 0
701 1058 37
476 968 8
374 419 30
1048 1307 8
1103 1528 27
198 281 8
346 1269 24
686 775 17
469 494 2
1151 1536 1
253 734 23
632 877 17
229 1221 1
118 914 34
295 440 17
619 952 64
709 737 32
400 891 70
1409 1554 1
212 608 23
249 479 17
808 1300 0
150 747 23
91 877 31
6 1065 7
288 476 8
644 1129 1
314 502 23
574 693 17
484 568 10
51 635 21
75 740 41
309 1259 34
932 1039 53
438 680 10
797 1253 12
1220 1480 24
649 1152 23
889 1459 1
202 508 1
1473 1556 8
545 589 10
276 697 19
297 452 10
494 680 10
942 1046 1
106 676 10
843 1279 14
906 1444 8
326 494 52
1277 1444 8
381 654 10
913 1118 3
938 1505 0
222 1172 2
161 646 17
719 1269 24
288 499 8
578 1534 23
129 984 52
921 1258 14
104 736 10
189 548 1
49 609 8
1151 1448 1
90 1445 14
484 681 10
850 1259 34
849 1178 1
794 1042 17
490 631 10
382 961 42
242 1025 7
424 770 29
142 794 17
821 1491 1
1261 1463 1
47 834 10
325 1376 5
809 979 34
412 1269 24
502 649 23
906 973 3
208 553 10
834 1409 8
314 736 10
133 659 21
376 578 8
150 973 23
732 1497 2
294 993 8
1 209 34
248 1129 1
209 1111 10
217 297 10
843 1415 8
447 944 0
597 1530 38
1288 1290 1
1211 1307 8
1473 1564 14
253 594 26
219 964 17
62 375 5
359 1101 14
1133 1491 14
239 1035 0
165 904 10
582 960 10
152 681 10
1268 1288 1
433 1049 10
849 897 45
654 1077 23
1269 1451 24
109 1530 38
743 1084 24
457 1203 14
198 602 23
501 728 62
672 1536 1
630 1271 17
679 1271 24
108 1564 22
161 619 10
9 127 0
260 284 8
208 469 21
365 1515 2
80 608 23
311 1195 90
1217 1466 14
906 1136 23
259 359 24
295 805 10
841 1067 23
437 1480 8
469 850 11
1111 1449 8
849 1536 78
1211 1444 8
79 660 2
104 1316 0
479 564 31
161 783 10
964 1476 17
85 1163 13
914 1457 8
294 419 30
1044 1319 40
341 1269 40
122 1045 17
738 1399 47
769 1009 8
841 1222 13
906 1048 23
368 719 34
9 769 0
1141 1499 8
771 830 17
1035 1443 36
955 1529 4
564 989 17
437 467 23
108 880 44
189 269 21
108 796 8
376 1120 8
80 1547 11
608 631 53
896 968 29
614 619 65
900 921 8
470 1427 23
1457 1536 1
681 830 10
1234 1481 14
1067 1529 23
588 1529 17
907 1515 2
292 1521 32
660 688 34
879 1417 8
433 548 17
686 906 17
334 563 17
848 1045 17
1172 1258 35
801 1017 8
1009 1178 29
437 730 10
275 1399 10
228 359 12
830 1054 11
998 1419 8
124 600 10
325 390 29
676 882 10
500 614 15
74 234 34
414 848 10
62 1078 23
630 1439 19
787 1209 24
656 889 21
437 508 1
433 1440 17
450 1221 23
161 740 23
94 1271 24
396 1136 23
160 1449 8
57 484 17
180 921 8
580 683 9
104 1216 8
783 944 10
275 627 10
381 437 10
709 1419 8
1086 1552 1
395 1118 1
602 604 23
636 863 8
22 668 1
460 809 34
1095 1457 1
376 566 23
85 170 13
913 1010 2
405 476 8
503 787 24
869 1449 8
470 1061 23
248 1128 1
497 1394 13
564 1319 40
502 1304 12
900 930 2
671 949 12
185 942 1
297 771 17
216 253 62
409 419 16
1198 1529 23
280 789 54
1529 1547 17
133 1534 23
25 441 37
467 734 14
849 1465 22
433 648 10
918 938 2
149 905 9
80 628 11
79 844 10
1050 1443 32
405 830 8
217 365 43
1457 1464 1
51 1496 21
276 299 23
326 1286 52
644 794 11
1415 1480 8
180 476 8
18 512 12
1137 1381 34
736 904 10
679 1234 34
767 1432 17
1062 1333 23
138 467 32
1135 1362 0
288 1009 8
1452 1552 1
477 921 8
60 499 17
1217 1508 14
324 512 2
1111 1293 10
262 274 41
709 1129 1
921 1211 23
667 1541 7
96 690 1
407 769 8
131 167 17
233 408 19
1045 1271 17
295 626 17
464 1299 27
126 1282 34
742 1166 66
1128 1463 1
582 1061 17
172 1093 23
82 1515 49
907 1497 2
0 133 34
690 1316 0
1483 1499 8
1290 1425 14
337 369 2
614 1338 43
747 1211 23
401 436 1
1078 1481 5
563 1220 24
484 1062 17
198 283 17
1077 1481 23
99 477 10
794 1540 8
259 1232 1
133 1492 5
531 1322 29
245 849 8
96 626 17
188 1480 24
356 733 72
614 805 43
126 1100 34
747 1316 13
80 782 34
68 109 4
124 433 10
849 1061 17
732 769 8
57 646 17
108 125 1
287 883 17
511 1296 17
932 1408 42
99 1228 1
830 1169 8
271 1172 38
490 1293 10
1365 1563 8
543 1050 34
314 615 10
235 771 48
237 787 24
628 1271 17
46 554 8
1003 1185 23
7 765 2
182 282 23
419 1273 8
914 1268 34
1290 1474 14
476 813 35
1136 1228 32
744 887 17
234 703 34
116 129 52
242 1246 1
576 643 16
475 1281 24
62 1296 8
892 1129 1
36 276 11
1213 1452 32
59 497 13
182 600 10
1401 1545 1
79 1221 8
886 1464 1
133 1408 42
291 663 12
80 576 23
627 1244 17
236 740 62
242 465 10
543 794 34
219 930 20
188 346 24
131 233 19
545 1220 24
564 1476 17
475 1451 24
311 833 23
1463 1547 1
1244 1496 21
659 830 8
271 930 0
1275 1419 8
801 1269 8
457 883 17
568 1536 50
79 823 64
964 1362 13
744 855 5
9 109 13
601 808 35
555 1255 8
842 1462 8
309 907 2
198 1238 8
484 501 17
185 1480 8
447 930 13
961 1408 42
675 830 8
533 719 34
50 484 17
57 1261 17
17 519 23
1444 1556 8
122 172 17
875 1481 32
257 490 67
138 744 77
22 1239 14
1035 1221 1
268 502 15
501 976 19
50 626 17
440 1529 17
843 1067 14
1228 1549 32
503 1221 8
15 97 24
400 648 10
61 324 43
208 846 10
100 1490 39
1307 1449 8
727 921 8
933 1317 53
34 778 88
275 863 10
36 437 11
450 834 8
208 361 31
230 663 2
628 1058 10
445 1054 11
93 313 44
565 743 8
833 1512 13
217 234 27
998 1253 12
297 1058 10
447 1316 13
408 1476 17
964 1146 11
287 744 17
530 1230 19
683 787 24
289 1408 42
341 685 32
878 1400 37
249 628 17
973 1377 5
107 184 8
595 681 10
334 999 8
253 289 19
482 533 34
239 310 35
1362 1443 0
740 1534 23
61 407 87
690 1141 14
340 589 3
79 1246 10
465 1061 10
737 1008 39
20 688 34
172 648 10
287 848 17
701 1135 5
693 1273 8
202 1362 0
161 771 19
283 1128 1
334 375 5
276 983 71
1386 1536 17
54 108 1
1007 1515 12
79 1304 12
627 794 17
142 559 10
368 437 11
160 670 40
245 548 8
172 845 23
904 1062 10
295 381 10
433 494 10
615 619 10
54 322 10
667 1101 14
1058 1211 37
401 970 1
654 855 23
127 1316 0
630 961 42
870 1268 1
283 1296 17
964 1536 17
701 709 5
178 595 17
371 502 12
1152 1473 23
247 1547 33
132 1090 0
295 802 10
80 248 17
841 1187 38
512 1019 27
276 1017 8
289 602 23
1261 1489 8
289 855 23
311 324 5
1095 1227 1
1131 1203 8
230 516 1
359 455 12
1403 1499 8
516 634 1
46 493 8
183 1008 39
740 976 19
1045 1333 23
148 325 32
470 680 10
100 252 32
208 276 10
564 846 10
122 672 17
120 1420 37
183 289 17
198 314 10
46 1271 8
1128 1265 8
999 1169 8
564 732 10
97 104 1
93 317 17
1282 1464 22
887 1296 17
649 709 23
879 1125 8
82 1078 23
685 852 32
548 1474 22
124 260 27
89 295 10
709 854 32
61 208 10
479 1148 17
493 508 8
133 1268 34
674 896 29
1128 1133 8
1009 1529 23
48 468 10
381 1449 8
843 1547 8
1350 1534 5
1044 1353 19
149 661 40
1148 1541 7
61 120 87
133 1374 34
6 1554 7
15 74 34
235 1420 17
157 849 1
921 1290 8
765 938 13
737 875 32
766 1295 17
576 1483 8
787 1554 32
364 843 14
736 1203 8
46 849 17
886 922 8
675 1203 14
235 683 10
359 1037 12
430 901 29
1146 1547 17
322 730 43
464 468 10
13 1163 13
1039 1048 5
172 617 10
230 476 8
510 654 19
988 1480 8
1481 1490 32
113 1253 42
475 1412 20
609 794 8
13 736 13
161 366 19
440 1049 10
235 988 17
1364 1481 66
468 1399 10
161 1261 17
196 359 32
922 1540 14
273 1449 8
892 1169 8
508 801 1
703 1374 34
923 1129 29
553 933 2
46 1244 11
477 1473 8
494 1045 10
438 553 10
548 1529 17
931 1213 32
198 1511 19
548 1395 45
1003 1377 5
648 1246 10
561 1261 17
141 429 1
1362 1512 13
922 1275 8
768 778 88
726 1500 38
208 1387 7
69 1464 1
182 1338 10
202 1222 0
82 340 23
867 1547 10
366 672 33
225 576 8
675 938 2
862 883 17
925 1067 23
82 196 18
628 1223 17
602 1481 32
108 930 0
268 455 15
352 1317 5
216 1152 5
445 1481 66
1211 1534 23
896 1135 14
693 889 17
962 994 21
428 938 13
710 794 11
578 1249 33
209 563 34
9 1433 13
507 1458 8
788 1535 14
519 1452 23
168 1443 30
291 894 4
74 719 34
1133 1247 8
1018 1500 55
1269 1406 14
212 450 23
1137 1473 14
850 944 50
841 1064 23
222 960 87
519 1409 23
409 609 8
325 602 54
168 262 54
359 507 24
548 1289 1
220 1481 21
669 672 17
1477 1500 38
75 493 19
48 938 13
225 1536 1
74 294 34
268 324 15
84 646 23
93 863 10
76 1371 40
89 1481 2
589 1250 46
499 1093 23
322 1300 10
1135 1273 8
133 1377 5
442 555 17
106 311 17
1244 1317 42
198 1153 17
407 953 4
172 248 17
113 1408 42
376 502 23
251 794 42
1129 1425 1
1064 1279 14
281 1296 8
1058 1111 10
563 1136 1
259 1277 8
225 1444 8
576 1234 8
328 395 1
833 1396 38
183 276 17
1048 1290 8
368 627 17
212 973 23
79 209 10
242 1415 1
441 1178 8
9 1300 0
325 576 23
359 1180 24
626 1118 3
231 295 17
69 1269 8
484 1009 23
172 1459 1
578 850 23
365 1067 70
794 1339 21
352 1161 23
891 1499 8
704 1077 26
626 1347 51
554 1085 17
224 830 17
130 538 12
134 887 24
1045 1496 23
809 904 34
202 1316 0
72 1293 10
380 904 34
272 595 17
79 1293 10
1009 1452 23
589 1043 10
272 883 17
75 877 33
172 1473 23
96 288 17
253 337 3
993 1408 42
222 512 2
1095 1549 1
457 1564 8
1451 1554 34
479 1440 17
1058 1062 10
1268 1489 34
430 661 29
165 675 2
78 468 15
281 674 18
396 600 23
444 844 66
848 907 10
892 1408 42
157 1131 8
467 1461 14
365 821 1
438 654 10
646 1494 23
429 1333 1
576 843 8
437 886 23
1332 1447 38
802 933 2
249 1044 19
180 1275 8
57 988 17
771 1273 8
747 1390 38
734 747 23
530 1049 20
46 1317 42
400 1186 37
601 1100 35
668 931 29
180 913 8
791 1395 16
80 309 34
22 1277 8
436 1203 14
273 508 1
428 812 23
433 678 17
659 1113 21
124 901 10
1151 1216 8
97 364 1
107 1462 1
407 872 87
1090 1253 42
1095 1247 1
132 408 0
441 1142 14
366 449 62
337 1148 19
1295 1547 17
22 1326 14
325 734 23
276 842 23
693 879 8
927 994 21
168 1447 17
1288 1399 1
863 892 10
253 383 17
801 1451 14
747 809 34
47 1515 2
99 960 1
299 907 23
108 733 44
782 1343 10
901 1045 58
97 231 1
226 1067 21
305 475 24
297 457 17
581 1153 21
1062 1293 10
795 842 34
999 1325 5
594 812 26
1477 1497 38
1111 1141 8
734 1067 23
0 1054 34
82 812 23
545 711 10
233 564 17
1153 1279 34
574 582 17
124 484 10
209 1369 34
1046 1458 14
548 906 1
133 1100 34
782 1062 10
588 854 17
61 792 2
284 1232 1
253 400 10
998 1461 14
596 632 8
138 1483 32
1061 1067 23
576 1534 8
253 879 23
376 493 23
1150 1244 21
1244 1339 21
659 962 21
747 1525 38
1067 1508 14
1417 1444 8
337 659 21
429 1508 1
183 493 17
68 1400 37
288 1253 42
1048 1114 14
744 1420 17
72 932 2
106 1440 17
352 1465 23
565 1489 34
801 1463 1
1452 1462 8
20 719 34
800 1081 7
99 1458 1
675 857 16
185 1261 17
405 720 62
1427 1536 1
202 580 0
437 636 23
157 1463 1
449 907 37
520 834 8
802 901 10
172 216 5
395 709 1
994 1496 21
758 1128 1
537 973 17
96 149 1
973 976 19
478 681 26
79 322 43
46 1458 8
441 1449 8
925 1049 28
295 555 17
310 1153 8
46 753 34
753 1019 27
1228 1481 32
407 796 8
297 428 8
326 1010 52
843 884 8
1095 1494 1
1279 1406 14
278 468 26
85 520 8
345 1322 29
222 922 8
1118 1129 1
500 1131 8
108 450 1
90 345 29
424 1499 8
74 1172 35
462 755 72
142 1228 30
383 1273 8
407 1338 87
100 977 32
619 659 53
636 1061 23
9 378 13
9 334 13
968 1265 8
222 854 12
390 878 10
878 1302 67
668 1203 8
104 563 1
281 1408 42
847 1134 12
69 275 10
626 942 1
338 1203 14
142 390 17
879 1540 8
1118 1279 34
368 795 34
644 988 17
311 1343 10
297 564 17
280 559 2
647 698 19
566 619 53
334 1171 38
295 672 17
209 1415 34
401 1135 1
646 1100 20
369 882 28
429 1307 1
753 782 34
50 464 10
170 1003 0
559 1244 50
876 1483 18
730 1244 50
707 1211 29
180 932 2
160 1333 8
1048 1062 23
488 1296 17
787 1239 32
400 988 10
701 1353 62
452 1515 2
576 1449 8
139 348 32
309 782 34
615 675 2
180 450 8
109 159 7
457 794 17
329 1017 8
368 842 34
693 1444 8
51 834 8
381 973 10
278 1062 7
97 1246 1
359 760 41
1335 1356 12
499 757 62
228 1305 12
1234 1489 1
1393 1447 38
843 1216 8
289 1153 17
999 1185 23
182 578 23
478 791 26
359 372 41
440 457 17
376 942 8
50 79 10
314 467 23
180 457 8
229 284 1
630 1223 17
738 1515 94
262 1529 54
235 1319 40
805 1111 10
95 844 10
726 1005 7
70 1281 23
1093 1366 60
659 925 23
815 1250 46
13 1288 0
564 1146 11
340 1427 23
794 994 21
180 830 8
1221 1458 1
646 801 8
325 374 54
334 615 38
189 508 1
322 894 31
268 602 3
600 1221 23
1135 1281 23
132 630 0
830 1009 8
744 1148 17
843 869 8
602 1093 23
660 1374 34
414 614 10
208 295 10
553 554 10
555 794 11
469 849 1
887 1148 17
913 1552 1
251 1232 42
172 477 10
99 680 17
12 1198 0
376 1203 8
1376 1452 5
79 176 15
180 904 10
470 686 17
627 719 30
1386 1468 17
925 1540 8
488 588 17
1464 1556 1
178 646 17
322 581 2
109 372 7
455 559 53
783 1443 2
325 1438 23
4 1133 23
787 1093 32
1062 1247 10
25 61 37
183 1054 45
553 631 10
478 636 26
209 490 10
17 280 50
563 1402 1
239 905 13
505 1153 50
1481 1513 32
770 1129 29
39 1374 34
564 794 11
602 1350 5
1423 1463 1
46 1401 8
779 1090 62
297 554 17
690 1226 71
4 765 0
184 1232 1
529 904 10
79 615 10
877 1062 10
656 844 66
368 1113 21
99 1471 1
1017 1290 8
636 1463 1
284 1473 8
833 938 13
13 464 13
54 1296 17
120 588 1
109 495 4
172 484 23
62 407 8
1101 1171 38
59 1146 21
805 1061 10
890 1419 8
299 632 23
455 1305 12
180 1216 8
375 747 5
288 634 45
216 769 37
408 1409 23
75 1397 19
338 734 14
22 1489 8
405 734 8
208 830 10
767 906 3
553 960 10
408 872 10
676 989 10
328 508 1
983 1035 38
152 1048 1
395 1563 1
549 1220 32
585 842 23
609 1007 8
566 891 53
9 1198 0
149 356 40
585 740 23
727 1300 10
122 1547 17
120 1540 8
390 710 11
283 299 10
85 589 0
365 1131 8
499 654 23
183 887 17
9 378 13
441 564 8
676 933 2
369 561 17
672 848 17
464 1118 67
253 746 19
48 938 13
292 1466 14
86 808 2
475 555 59
576 896 8
142 165 10
743 787 24
1473 1554 8
12 545 13
1048 1564 14
408 906 3
50 775 17
457 1296 8
175 843 8
97 555 1
709 927 23
62 1448 8
231 686 17
974 1222 13
570 1178 29
198 930 0
363 971 34
239 660 13
892 1044 19
653 1403 14
103 680 17
668 1239 29
530 999 19
483 1317 7
676 1044 20
568 727 10
631 930 0
600 1376 5
311 502 23
585 1232 23
185 862 17
46 202 8
834 1440 17
847 945 12
771 794 17
103 1153 17
142 299 10
45 931 29
850 1540 8
1039 1045 5
703 1489 34
59 226 40
1132 1341 71
998 1261 14
385 1527 38
511 634 17
9 202 0
580 827 0
212 376 23
220 1338 21
465 572 10
467 571 18
281 629 38
742 927 21
1141 1290 8
476 1448 8
588 758 1
576 795 34
796 1458 8
482 1489 34
131 1319 40
400 839 10
46 769 8
956 981 4
287 806 17
340 1221 23
90 325 29
13 116 13
769 1462 8
366 807 62
998 1203 14
734 810 8
555 609 8
395 1046 1
59 314 58
501 1132 62
322 469 21
85 405 0
732 1232 1
654 1221 23
578 1211 23
746 892 19
1007 1279 34
437 834 8
848 849 17
26 60 42
137 282 23
734 1203 8
468 1067 53
143 582 17
497 1185 0
708 988 17
834 1319 8
479 872 10
176 1128 8
253 334 23
1115 1547 17
821 1268 34
632 879 23
85 1505 0
484 944 10
1288 1333 1
794 1350 42
260 849 1
188 565 24
812 1261 8
93 648 10
1534 1553 1
81 1458 14
54 1168 31
287 1440 17
310 1245 8
208 844 10
544 1338 67
604 635 21
185 775 17
1111 1464 1
305 1213 32
0 1137 34
646 1499 8
572 1295 17
1300 1458 8
82 85 13
441 1007 8
104 440 17
369 600 10
639 849 1
999 1496 23
133 235 17
364 1499 14
906 1067 21
396 1250 38
295 561 17
364 747 18
553 889 21
152 744 17
133 289 23
176 1004 35
247 746 19
16 794 34
589 805 10
282 311 23
376 813 8
516 775 17
401 1261 1
284 1459 1
340 1333 23
72 1061 10
767 865 23
13 468 0
1221 1464 1
769 900 8
918 1433 2
276 887 17
365 1111 10
892 1489 1
876 1497 38
1141 1458 8
376 1035 8
9 586 0
133 962 21
562 661 81
566 993 21
1135 1222 0
96 1133 1
626 769 8
340 1481 11
1203 1216 8
172 1045 23
554 1223 17
9 1185 0
854 877 17
329 455 12
891 961 42
479 744 17
484 1325 5
107 896 29
904 1268 34
59 133 21
504 938 2
334 907 23
108 627 17
964 1271 17
580 1186 0
319 508 1
137 604 21
104 869 17
568 1377 40
396 806 45
15 168 34
971 1474 34
440 806 17
245 711 2
160 602 3
458 822 12
468 782 10
450 849 1
788 1009 29
198 428 8
740 1198 23
233 989 17
962 1338 70
1221 1232 1
906 1085 17
364 685 32
283 887 17
1007 1474 34
266 998 8
1009 1480 8
508 927 21
1319 1386 40
690 1483 8
289 1316 0
345 576 8
224 1440 17
89 1049 10
9 827 0
608 907 23
631 834 10
408 511 19
499 1230 19
139 931 32
609 1211 8
400 582 10
571 1504 38
381 545 10
468 911 12
397 475 24
500 502 15
62 409 8
142 1547 17
649 1211 23
437 494 10
906 1440 17
855 879 23
143 1211 8
198 1386 19
122 433 17
914 1283 23
77 493 37
108 334 45
1045 1136 23
317 1136 8
654 693 17
383 602 3
62 1125 8
659 1465 23
383 576 8
959 1443 36
998 1508 14
886 1452 23
314 1148 19
771 1547 17
693 964 17
964 1440 17
669 1420 11
1186 1362 0
378 904 10
359 704 26
133 879 8
259 531 29
631 676 43
942 1296 1
96 185 17
678 843 8
68 891 82
85 796 8
390 635 21
1161 1409 23
104 1377 5
276 294 8
325 531 29
635 993 21
1101 1403 14
149 447 13
309 602 12
555 632 11
449 848 62
690 879 8
476 610 8
938 1186 0
902 1494 23
82 842 23
1024 1353 62
141 149 1
92 389 17
376 572 8
1419 1448 8
930 1394 13
600 627 10
444 913 21
89 484 10
50 80 17
1101 1269 24
287 1432 17
272 365 10
118 1050 34
834 876 42
84 812 23
247 872 20
78 376 8
604 742 21
1016 1409 1
314 477 10
863 1295 10
62 1473 23
436 476 8
91 291 12
196 1297 29
780 1293 52
208 648 10
9 1118 0
1050 1316 0
198 648 10
280 615 2
493 1023 11
1050 1065 32
251 628 42
555 1449 8
1403 1464 1
1048 1474 14
212 276 11
82 1380 38
1419 1449 8
90 1449 8
883 1118 3
222 555 10
291 972 4
409 1458 14
22 455 12
852 1447 18
168 1244 34
122 340 17
1220 1525 83
834 1058 10
720 1408 73
561 862 17
701 1009 5
906 1494 23
644 921 8
533 660 34
1203 1534 1
314 845 23
294 911 12
628 1350 42
891 1271 1
295 574 17
235 289 19
278 841 26
646 1058 10
1090 1232 1
810 1131 8
600 1438 23
70 384 41
589 961 42
133 1458 8
555 1146 11
70 709 23
736 1062 10
787 914 32
104 1476 17
329 1483 32
688 1244 34
16 39 34
938 1421 0
50 744 17
800 834 8
530 848 19
253 830 17
850 993 21
493 631 10
97 1078 1
122 484 17
450 1281 23
317 1064 17
379 808 35
892 1223 17
566 944 53
180 1148 10
314 683 10
1169 1473 8
437 1085 17
49 1480 8
324 846 10
62 942 8
317 892 17
576 1399 8
74 1319 8
1017 1417 8
792 865 76
1054 1339 21
744 925 29
565 619 2
6 1483 7
608 1064 23
545 1250 35
419 476 8
442 800 17
520 782 34
628 1042 17
220 1044 21
576 1474 34
378 600 10
274 631 12
644 670 40
1049 1250 38
961 1007 12
654 1353 19
889 1283 21
186 839 10
50 654 17
672 991 33
429 693 1
328 1458 14
785 968 40
110 340 9
1259 1315 34
913 1129 1
229 1090 1
998 1258 14
295 510 17
883 1261 17
247 1090 19
161 1386 19
282 1246 14
253 1261 17
295 1058 10
374 405 30
744 1465 5
70 1296 8
168 688 34
324 455 53
916 1131 8
479 830 11
81 1499 8
363 1118 34
169 1363 29
639 1473 8
401 1009 1
1386 1420 17
428 1039 5
433 697 17
632 1007 8
870 1419 1
502 833 23
100 685 32
458 1317 7
942 1419 1
172 877 17
576 830 8
69 870 1
376 588 1
1100 1234 34
266 854 32
299 766 10
168 876 17
765 1310 6
4 1003 23
132 1300 0
172 821 1
172 519 23
13 104 0
334 744 29
511 1271 17
1211 1247 8
634 1141 8
80 178 17
92 574 17
469 1159 21
663 1365 34
479 899 17
601 636 8
572 827 7
883 1223 17
944 964 10
892 1316 0
698 1230 19
288 669 11
77 1136 8
68 538 4
62 781 23
619 627 10
22 80 8
253 1273 8
84 1067 21
294 1220 24
25 189 8
230 1213 28
927 973 23
384 654 10
206 1440 17
322 654 10
97 922 8
787 1071 32
60 299 23
660 1153 34
338 1135 14
224 275 10
283 464 10
1095 1508 1
176 1085 8
168 809 34
800 1153 17
679 1474 34
1447 1526 38
576 922 8
644 913 40
337 1496 21
737 1417 32
567 989 31
433 561 17
711 1380 55
602 1061 23
239 566 0
294 808 13
630 697 19
1077 1427 23
1016 1513 32
108 1457 1
1007 1269 24
1137 1474 34
75 1547 33
137 1325 5
328 809 44
520 1319 8
22 954 4
954 960 31
1452 1492 5
867 1246 10
615 651 38
429 1554 1
376 883 8
530 892 19
17 1061 23
374 681 2
161 555 17
220 322 21
142 561 17
852 925 23
672 906 17
424 1265 8
490 1317 40
530 720 62
1439 1511 19
212 325 23
922 1111 8
563 702 1
216 865 5
376 497 8
467 1062 23
576 1325 5
364 1239 29
1103 1135 14
257 1171 71
1135 1474 14
112 876 38
530 564 33
681 1528 27
800 1136 8
196 685 32
299 953 31
79 276 10
758 942 1
619 951 64
168 230 2
208 220 21
100 707 39
675 849 1
476 1035 8
488 1476 17
850 1211 23
97 321 1
249 383 17
172 1401 1
1118 1552 1
157 787 24
56 901 29
1009 1499 8
1483 1540 8
104 253 23
66 1347 51
150 744 5
383 1271 17
291 565 12
604 1164 21
450 596 8
1227 1419 8
60 198 23
50 124 10
188 507 24
82 475 24
1128 1261 8
230 1564 8
1440 1448 17
787 1401 8
133 340 11
765 1443 0
62 1137 8
26 639 29
405 930 2
1458 1536 1
493 747 23
636 1095 1
1067 1273 14
384 428 10
1468 1534 23
1062 1481 5
703 1019 27
150 1317 5
1280 1439 19
212 1325 5
108 635 52
9 436 0
1103 1420 14
150 467 23
170 1421 0
124 280 2
118 377 34
807 1408 73
854 892 17
99 1529 17
414 1293 10
314 727 10
104 796 8
424 478 26
4 1433 2
544 676 67
464 765 13
266 1093 32
497 1135 0
470 783 10
449 1211 37
1473 1535 14
372 425 41
15 1203 24
942 1128 8
499 830 17
781 892 23
48 497 13
1198 1481 5
442 588 17
163 564 17
636 953 4
843 1456 8
437 1499 8
216 1353 62
368 1259 34
1269 1416 8
1452 1464 1
626 1064 17
80 428 8
693 870 1
15 938 0
782 1027 34
253 1250 46
161 537 11
289 1171 46
904 1136 34
989 1045 17
675 1250 35
289 1148 19
478 594 26
251 314 42
797 1007 12
676 1293 10
123 262 41
1129 1296 1
175 334 8
648 1295 10
216 863 37
846 933 2
79 777 12
170 271 0
17 1409 23
470 794 17
432 604 53
441 1459 1
1481 1529 5
206 493 17
704 730 26
305 1417 32
222 440 10
809 959 85
337 396 23
363 1365 34
295 588 17
108 511 17
684 734 8
122 627 17
198 807 62
216 1077 5
437 854 17
9 581 0
561 693 17
1249 1547 17
499 779 62
80 688 34
107 396 29
962 1283 21
1222 1459 0
12 711 0
283 1118 3
219 530 19
149 160 1
291 361 4
245 783 2
26 1220 32
93 582 17
588 1415 1
1259 1552 1
447 1310 6
796 1128 8
376 747 23
108 1064 78
597 1332 38
137 311 23
545 675 2
630 1010 10
209 1481 10
1185 1317 5
359 971 41
289 1409 23
1406 1448 1
441 925 28
383 1552 1
183 1061 17
1135 1419 8
235 830 17
85 649 35
879 1463 1
9 933 0
450 1545 14
127 373 16
208 614 43
70 299 23
325 781 23
765 1184 0
253 808 0
561 564 17
1279 1461 14
124 1148 10
278 520 7
220 1433 2
9 281 13
769 870 1
369 1481 10
938 1185 0
280 1192 34
632 1161 23
400 589 10
161 1067 21
374 378 2
311 567 23
582 676 10
1261 1333 8
59 433 11
927 1048 23
1268 1438 14
311 574 17
170 876 13
60 567 31
482 610 40
600 619 10
588 1141 1
217 452 27
276 1035 9
1489 1564 8
854 1464 1
185 960 10
322 711 43
572 1300 17
925 1333 23
407 892 10
488 1347 51
275 553 10
1438 1494 23
968 1288 1
229 1228 1
833 1483 18
84 1198 23
1265 1443 8
736 1148 10
679 1447 17
142 519 17
1078 1427 23
185 588 17
6 852 7
1064 1473 23
1246 1399 10
441 1131 8
1178 1206 39
108 225 1
17 1547 23
48 944 10
364 1483 32
428 465 10
118 1234 34
61 217 43
780 781 52
631 1090 10
493 548 1
273 1203 8
771 1010 10
113 1317 7
576 1078 23
849 1047 78
91 847 12
511 697 19
766 1286 17
848 1049 10
79 1153 50
325 921 23
50 989 17
457 1565 8
299 876 23
572 1458 14
242 337 1
92 337 17
872 1111 10
614 630 10
113 961 42
578 680 17
578 636 14
104 477 10
734 1133 8
1169 1462 8
568 1496 53
400 604 70
161 499 19
184 1462 8
730 1090 10
849 1440 17
25 1277 8
432 766 45
657 695 40
272 582 17
305 870 1
283 537 17
253 1161 23
497 1421 0
847 880 12
334 1491 8
1007 1093 8
378 1061 10
26 1228 32
589 1198 23
291 773 61
901 1061 17
709 1459 14
165 1300 10
9 1135 0
99 452 1
84 1185 23
1133 1211 23
468 672 10
1406 1545 14
508 1427 1
337 1420 11
494 1293 52
118 823 34
16 906 34
531 968 29
1062 1296 17
289 596 8
464 1443 2
94 635 52
581 783 16
502 879 23
409 1444 8
1300 1511 19
242 619 10
287 887 17
469 1048 8
914 1448 8
378 938 13
249 678 17
533 1259 34
1273 1427 14
578 973 33
261 685 32
765 1186 0
516 1220 24
604 1339 21
69 378 10
726 827 12
842 852 23
1017 1234 8
282 654 23
809 1098 34
626 1286 17
462 755 72
921 1317 5
337 580 13
107 1118 3
561 1448 17
390 644 11
709 855 23
84 675 53
252 1521 32
231 609 8
180 543 2
614 1222 0
172 1452 23
879 914 8
131 887 17
869 1090 17
311 1540 8
247 672 33
17 299 23
896 1534 1
15 580 0
385 1187 38
1135 1403 14
563 1232 1
1363 1481 32
600 676 10
261 475 24
121 847 12
50 60 17
85 753 13
97 1090 1
672 1115 17
753 821 34
450 1198 23
110 765 0
345 376 8
122 537 17
236 1249 62
118 345 8
99 225 1
906 1317 42
519 1221 23
96 766 1
168 180 2
771 783 10
559 844 10
7 237 2
22 143 8
92 681 67
374 663 30
801 1444 8
632 907 23
834 1420 17
585 1009 23
97 1363 1
251 276 42
464 1148 10
389 1148 17
124 867 27
15 503 24
395 1137 22
161 1061 23
364 397 29
141 843 8
1057 1317 7
80 765 13
183 1090 17
299 878 10
52 189 16
133 161 11
283 317 17
419 955 4
80 999 23
608 1113 21
253 863 10
134 1564 8
553 802 10
169 1297 29
608 1054 21
13 428 13
617 869 2
493 767 3
334 914 23
424 500 57
450 906 23
36 340 11
96 493 1
720 1481 28
930 1022 0
288 324 50
449 1326 8
595 775 17
334 340 23
224 242 17
627 673 9
510 537 19
925 1061 23
298 305 32
299 711 43
369 1362 13
470 1223 17
796 900 8
289 615 10
180 1172 2
90 609 8
328 843 8
785 1363 29
907 1064 23
462 522 72
235 654 19
615 1530 38
646 676 10
988 1100 20
295 1338 10
1093 1420 14
82 854 18
198 1549 39
276 467 23
161 1010 10
852 1466 14
84 559 53
70 1452 23
182 877 10
809 1522 34
104 619 5
383 1458 8
537 1166 66
152 1078 1
278 846 7
62 1080 8
93 681 10
97 813 1
554 964 17
172 988 17
291 631 12
1007 1178 1
51 844 21
280 363 34
602 797 12
408 891 42
384 460 27
9 918 0
299 566 70
196 341 32
15 412 24
490 988 10
80 1499 8
4 1529 23
738 841 41
1001 1253 42
275 901 10
22 458 12
473 642 66
46 1153 11
387 878 67
62 973 23
283 862 17
907 1540 14
1146 1549 34
322 361 31
400 626 10
387 1049 67
419 1039 53
182 390 10
732 1062 10
470 1494 23
26 338 29
188 668 24
876 1211 23
971 1323 46
787 1008 39
732 902 10
397 931 29
305 1481 32
855 1474 14
189 1473 8
639 1234 29
442 1386 17
566 1529 23
334 1500 38
122 548 17
359 516 24
216 740 62
100 107 39
167 862 17
180 902 10
82 701 5
9 1146 13
208 398 2
299 1185 23
1146 1473 8
567 852 23
219 499 48
932 1351 51
390 1251 10
807 1511 62
592 1016 32
801 1554 8
231 812 8
549 1425 14
561 1296 17
771 1153 17
654 1333 23
447 1135 0
305 931 32
709 1161 23
437 561 17
629 1369 6
850 1090 17
479 993 11
84 576 23
110 830 8
208 506 67
283 617 10
81 189 40
678 1058 10
732 1111 10
170 993 13
280 1447 17
97 1129 1
563 1054 34
1247 1296 8
441 890 8
408 510 19
877 1440 17
163 806 17
548 849 17
1054 1253 42
229 376 1
271 813 35
842 1464 1
152 284 1
57 479 17
604 892 23
79 979 64
282 1078 23
96 855 25
375 646 5
224 1480 8
565 1464 1
921 973 23
108 233 17
172 266 8
108 626 1
690 841 38
275 727 10
93 891 45
968 1290 14
1048 1556 8
198 1512 2
165 892 10
175 769 8
314 457 17
433 578 33
93 499 17
99 1553 1
70 1540 8
291 505 12
719 1447 17
619 719 2
432 1047 66
235 800 19
22 130 12
236 1300 62
440 1407 17
13 841 13
248 1459 1
62 1103 8
414 1481 10
48 79 10
1317 1535 7
70 493 23
383 1141 8
133 747 23
69 484 10
292 1035 77
683 1448 17
849 1246 1
12 47 13
198 925 39
576 942 1
730 1080 15
314 659 23
862 892 17
408 499 19
59 170 13
278 334 26
99 561 17
1003 1067 23
961 1232 42
61 680 10
291 549 12
15 376 24
1061 1238 8
314 440 17
208 865 87
1416 1480 8
765 892 0
862 1095 17
732 954 4
322 869 21
887 1085 17
253 848 19
683 1407 66
1221 1465 23
471 639 29
671 961 12
727 1464 1
457 1333 8
499 1095 17
314 447 0
1007 1111 1
808 1347 51
339 441 10
428 867 10
437 615 10
46 118 8
578 1093 23
299 408 23
845 1078 23
70 82 23
649 1419 23
566 938 0
340 580 13
769 1472 8
104 1024 62
796 1261 8
127 493 16
841 906 23
294 795 34
1067 1283 21
843 1282 14
734 1377 5
213 1317 42
419 972 62
1045 1273 8
229 1307 1
1417 1480 8
628 1095 17
390 477 10
855 1317 5
401 702 1
476 1007 1
771 1529 17
373 444 21
1046 1444 8
429 1268 1
287 470 17
732 1396 2
276 646 17
222 771 10
208 953 31
305 1008 39
1008 1234 39
753 1234 34
600 852 23
441 508 1
849 1448 1
484 1432 17
3 237 2
289 530 19
454 1228 37
311 845 23
84 892 23
0 1190 34
841 852 23
493 792 76
61 537 10
629 1289 38
777 972 4
862 1249 17
896 923 29
184 522 14
22 913 8
297 730 10
172 440 17
765 821 9
1153 1496 21
842 1350 5
458 703 12
548 1471 1
297 1148 17
709 1220 32
340 447 13
62 747 23
564 892 17
602 781 23
345 1046 29
139 467 32
609 1244 8
812 1009 23
310 555 8
1146 1489 1
407 576 8
769 1172 35
848 964 17
248 1168 31
444 497 0
396 609 8
299 1044 20
137 566 21
628 771 17
574 848 17
445 1146 11
470 559 10
288 582 17
499 1386 19
442 794 17
253 1142 14
408 1090 19
559 960 43
766 922 8
452 660 2
149 1141 1
104 206 17
365 484 10
317 1062 17
122 690 1
1090 1362 0
56 1363 29
429 1464 1
276 961 42
764 1351 51
20 795 34
133 334 23
419 1163 16
383 457 17
555 1432 17
733 1525 83
457 1250 20
249 1295 17
1211 1443 8
468 703 2
744 801 5
552 1340 40
141 1118 3
50 564 17
568 580 0
576 1035 8
20 842 34
1148 1300 19
525 1084 24
283 488 17
110 887 24
619 676 43
635 834 42
276 559 10
437 1161 23
753 1489 34
442 499 17
805 901 10
1048 1415 8
615 769 38
675 839 2
208 865 87
440 1261 17
654 800 19
266 709 32
6 188 7
311 530 19
470 921 23
531 788 29
235 614 10
82 1527 38
104 288 17
519 1198 23
311 1300 19
122 133 45
149 870 1
91 537 40
683 765 9
338 506 57
45 345 29
46 891 8
734 1129 8
922 1549 8
282 314 23
576 988 8
104 883 17
1118 1473 8
1281 1325 5
224 272 17
571 875 18
289 897 58
359 661 24
1045 1067 23
1045 1085 17
133 1364 21
409 1540 8
9 504 0
659 852 23
635 830 8
843 1545 8
248 1440 17
340 850 11
0 1480 34
272 275 10
690 1552 1
374 1304 12
1161 1465 23
508 1496 21
704 1554 26
369 708 17
389 567 31
161 298 10
561 960 20
854 1447 18
1023 1440 17
180 635 8
566 1159 21
488 698 19
1067 1288 1
628 632 11
827 1399 10
1261 1545 8
1283 1468 23
654 805 10
248 340 17
90 852 14
1131 1540 8
1169 1178 8
60 891 42
680 1249 17
1093 1269 40
142 182 10
276 615 10
580 973 0
390 839 10
405 1433 2
289 433 17
68 505 4
122 235 17
70 454 23
1288 1443 25
161 769 8
576 925 23
295 877 17
324 727 10
376 1232 1
602 925 23
234 1365 34
283 493 17
175 1269 8
322 1275 7
537 630 17
1049 1564 8
365 1273 8
510 901 20
348 854 32
425 575 41
571 770 18
493 1281 23
1228 1268 32
736 933 2
580 660 13
500 1444 8
942 1232 1
1320 1326 14
133 310 8
437 1564 8
595 1468 17
167 295 17
396 568 45
80 1529 11
311 585 23
217 478 26
886 999 23
475 1282 24
217 848 10
566 962 21
447 512 13
9 608 71
727 821 1
589 1534 23
1465 1480 8
118 788 34
821 1402 1
384 1303 12
588 897 45
841 1525 38
297 484 17
1259 1288 1
653 1326 14
145 1060 77
289 1045 74
800 830 17
537 659 21
385 1171 38
452 1203 8
428 502 23
927 1159 21
400 512 2
649 781 23
288 1268 34
337 441 8
500 906 8
845 1419 23
457 891 45
180 1232 8
766 1211 8
84 311 23
1186 1540 8
742 994 21
484 855 23
150 216 5
190 425 41
48 493 10
855 870 1
882 962 70
345 1209 29
339 374 2
322 390 10
437 1489 1
1230 1280 19
185 340 17
1273 1416 8
401 896 1
619 764 64
703 795 34
104 251 42
78 921 35
1300 1440 17
176 626 8
800 1397 19
960 1058 87
693 1128 1
801 1093 14
497 619 0
872 955 31
913 942 1
149 1261 1
1227 1269 8
639 1444 8
862 1432 17
801 1217 14
345 809 8
0 1522 34
397 629 29
775 1440 17
9 663 13
15 1063 24
734 1217 14
529 795 34
1054 1283 21
4 1045 23
572 1407 17
79 1462 1
681 766 10
933 1376 53
247 1049 20
794 914 34
914 1521 32
753 1305 12
167 198 17
185 686 17
378 933 2
834 1054 42
96 499 17
519 862 17
84 1048 23
99 275 10
744 794 17
555 1529 17
375 675 53
580 1129 8
1129 1416 1
767 1323 46
1243 1466 7
78 1026 35
809 855 8
503 1220 24
245 963 21
170 604 0
298 1447 18
567 1496 23
93 646 17
565 1203 8
781 1152 23
630 698 19
892 1448 17
376 437 8
120 1269 8
384 582 10
711 1295 10
493 740 23
511 906 19
476 1171 71
537 708 17
401 765 1
493 511 19
767 1044 19
808 906 13
226 961 42
396 519 23
683 1300 10
1222 1464 22
79 659 53
172 907 23
131 976 19
1061 1473 23
235 288 17
226 993 40
408 681 10
964 1338 10
310 1247 8
46 646 17
494 964 10
1095 1536 17
96 122 17
96 295 17
660 789 54
906 1135 23
206 564 17
185 631 10
1007 1303 12
538 602 12
778 1269 24
288 516 45
1 679 34
469 734 8
260 1167 27
56 1095 1
398 469 21
120 1118 3
462 1521 32
237 571 13
711 726 12
564 854 17
400 991 38
763 1221 8
305 1234 32
59 1362 13
1341 1362 0
276 282 23
359 833 41
796 1452 8
79 971 7
555 1261 17
61 390 10
219 233 19
152 208 1
697 1045 17
628 1511 33
765 1459 1
468 660 2
438 742 10
198 559 10
654 1090 19
1227 1473 8
16 1050 34
311 508 1
437 1131 8
1078 1536 1
585 1136 23
465 1300 10
15 744 77
291 822 12
369 848 10
437 1473 23
769 1133 8
371 1334 12
844 973 17
184 1540 8
75 954 41
345 1554 8
295 628 17
69 844 10
322 1067 70
289 294 8
13 750 0
91 801 10
537 732 10
82 512 17
376 1060 8
904 1481 10
208 742 10
538 773 12
292 1481 32
107 1464 1
150 493 23
678 834 45
379 1171 35
152 488 17
679 1220 24
132 198 0
184 785 8
282 1468 17
233 626 17
342 636 62
9 833 13
283 1085 17
737 1459 14
368 604 21
488 964 17
998 1303 12
464 973 10
1071 1084 24
962 1283 21
668 1222 0
654 1281 23
629 1008 41
957 1529 38
108 821 44
441 493 8
441 589 10
219 1299 30
921 1452 8
46 1141 8
409 1128 1
889 989 17
376 886 23
165 646 10
100 1220 32
369 1547 10
368 1409 8
282 437 23
806 1432 17
139 1366 60
69 588 1
51 564 11
672 1221 1
15 471 24
1326 1489 1
963 1542 21
352 1452 23
452 490 27
425 1366 60
588 1459 1
1232 1269 1
208 1335 67
137 212 23
1064 1152 23
125 841 8
375 576 5
376 1290 8
202 1540 8
783 1293 10
75 272 33
942 1129 1
942 1432 17
253 1205 51
91 142 31
678 1464 1
276 672 17
276 889 10
477 843 8
68 1049 31
1307 1464 1
278 369 7
732 1489 1
922 968 8
294 493 8
669 850 11
237 324 0
998 1037 12
746 1511 19
337 478 26
480 1015 7
567 636 23
324 863 43
100 1363 32
879 1093 8
328 1448 1
630 654 19
310 1071 14
494 530 86
50 1448 17
122 1064 17
809 1035 85
711 1511 20
9 993 13
668 744 29
124 309 2
369 1148 17
779 1439 62
48 631 10
13 398 0
242 1103 1
249 554 17
425 744 77
251 994 42
701 863 37
70 855 23
497 1146 13
180 1556 8
438 904 10
133 892 23
396 497 13
711 1293 10
118 520 34
849 1547 1
425 458 54
217 878 43
196 1050 32
116 129 52
626 672 17
272 1510 33
9 571 13
1095 1245 1
9 1184 0
1128 1444 8
137 1468 17
93 339 10
378 619 10
1206 1530 38
1211 1300 8
571 580 13
401 734 1
419 921 8
168 275 2
508 668 8
118 1506 44
208 719 2
918 1512 2
896 1447 18
1054 1085 45
886 1465 23
408 442 17
504 1316 2
572 883 17
1464 1540 22
142 830 17
654 1058 10
107 395 1
280 1234 34
266 650 32
782 1100 34
484 1077 23
1247 1564 8
755 1461 7
340 865 8
172 1269 8
96 1417 1
865 872 87
734 1416 8
848 1064 17
1402 1474 14
726 755 7
50 224 17
1103 1491 14
85 89 13
589 1480 8
276 649 23
508 1140 1
322 1283 70
137 654 23
62 338 8
479 1169 8
217 563 2
869 1186 8
476 1491 8
1085 1296 17
566 1003 23
927 1494 23
13 867 13
778 1238 71
70 843 8
845 1198 23
1064 1492 5
340 1296 8
121 719 12
124 1167 27
131 1407 17
9 586 0
482 1417 34
668 1401 8
732 1443 2
278 594 26
548 1035 1
90 1406 14
266 1243 7
383 1440 17
674 920 32
9 419 0
54 428 8
767 1362 0
849 1168 31
337 1319 40
116 513 52
572 628 17
338 942 22
543 1459 1
679 1226 40
1046 1449 8
84 444 21
9 408 0
172 1296 8
971 1350 40
449 914 8
709 1547 23
484 561 17
384 419 2
280 809 34
925 1136 23
442 582 17
295 802 10
971 1250 6
1223 1440 17
921 1239 14
96 242 17
276 892 23
812 865 23
305 1483 32
628 1115 17
108 295 17
548 877 17
686 1223 17
1004 1461 7
676 1111 10
407 1246 10
1283 1512 2
530 559 20
458 631 12
109 548 1
103 1261 17
727 933 2
209 280 34
183 295 17
75 730 20
81 672 17
537 883 17
914 1062 23
253 376 23
667 1464 22
441 1140 8
310 450 8
133 1185 23
693 1095 17
727 1060 14
767 805 10
283 730 10
160 844 11
180 842 8
649 865 23
150 499 23
182 553 10
500 663 35
178 771 17
148 1016 32
867 1118 67
589 1064 23
167 680 17
380 1137 34
675 775 40
1017 1554 8
588 1148 17
212 1213 5
276 1458 14
79 1362 0
442 1440 17
508 727 1
494 844 10
886 1198 23
1220 1234 32
449 863 37
476 1534 8
225 229 1
827 883 7
1300 1463 1
1480 1491 8
433 902 31
767 1157 51
237 579 0
90 923 40
1081 1148 7
602 1246 14
1152 1377 5
97 1223 1
366 1061 19
317 373 11
60 70 23
400 470 10
516 1296 17
1300 1350 42
647 681 10
1227 1464 22
615 1004 38
288 855 8
127 1433 2
62 841 23
395 690 1
127 1512 2
209 1007 34
1008 1277 39
684 781 8
432 1338 70
280 520 34
445 850 11
107 923 29
276 659 21
855 1129 1
703 719 30
130 455 12
1024 1300 62
46 222 8
755 959 7
84 1211 23
1289 1464 1
172 636 23
78 1417 35
248 767 17
493 769 8
580 870 1
182 989 10
57 317 17
359 1449 24
628 654 17
104 588 17
363 380 34
785 1540 8
237 444 0
1186 1513 51
224 511 17
709 1008 39
160 1409 1
75 172 33
549 1529 12
501 1042 17
79 663 7
340 654 23
631 1246 10
597 1171 38
208 1238 8
1462 1534 8
189 963 21
755 1461 7
845 1452 23
374 543 30
198 1343 10
627 642 66
230 1458 8
365 1420 37
9 814 0
325 639 29
160 1463 1
291 455 12
249 680 17
900 1222 2
341 1016 32
765 827 0
124 248 10
626 796 8
787 1521 32
283 1062 17
452 753 2
9 116 13
96 1471 1
765 930 13
475 1425 24
683 1084 24
549 1101 14
744 970 5
74 1136 34
1103 1459 14
537 1223 17
57 1223 17
609 1540 8
1333 1448 8
401 1141 1
198 806 17
90 1220 24
1169 1216 8
594 833 26
635 962 21
1227 1277 8
576 1415 8
449 1221 8
795 1190 34
311 869 17
719 1317 40
809 1381 34
108 311 1
813 944 15
636 1172 6
433 1100 20
273 830 8
782 1111 10
989 1386 17
266 425 32
609 678 8
152 766 1
479 567 31
419 660 30
433 437 17
1288 1416 1
99 1126 1
235 1251 10
161 1283 21
745 1228 32
189 1463 1
54 92 17
299 1213 23
925 1009 23
901 1432 17
133 886 23
553 582 10
84 1468 23
408 783 10
867 906 10
131 1153 17
247 501 19
383 1464 1
846 994 2
1220 1323 46
470 782 10
437 519 11
734 1415 8
161 850 11
932 1481 32
176 287 8
608 872 70
647 1425 8
408 933 42
108 576 1
172 219 17
284 849 1
288 1468 17
1203 1271 24
328 429 1
1131 1247 8
449 1397 62
178 588 17
843 1273 8
224 680 17
79 299 43
1265 1288 1
484 683 10
659 886 23
708 887 17
617 1547 10
959 981 7
810 1277 8
479 697 17
36 142 17
414 782 10
237 1343 40
1095 1296 1
253 1249 19
108 395 44
54 1295 17
149 222 1
289 1136 23
4 1136 23
340 686 17
892 988 17
1084 1449 24
152 1140 1
366 906 19
437 1148 17
284 1007 8
510 523 30
888 1445 14
806 1146 45
7 13 2
185 310 8
670 1023 11
100 1131 14
968 1449 8
198 247 19
896 1269 40
339 681 27
289 1152 23
319 1169 8
12 663 13
287 1115 17
656 659 21
769 1415 8
12 1146 13
165 493 10
172 470 17
494 561 86
374 719 30
15 1512 2
1103 1216 8
291 602 12
537 1061 17
988 989 17
672 805 10
217 537 10
458 565 12
22 753 12
124 753 2
1315 1381 34
69 217 10
206 617 10
317 488 17
578 1161 23
15 690 91
827 1039 40
495 601 82
479 1552 1
499 614 5
925 1449 8
126 460 34
224 311 17
821 1244 34
400 913 21
385 891 8
1103 1458 14
470 507 8
130 1305 12
1146 1419 8
104 852 23
272 697 17
782 1517 10
508 925 1
224 648 10
157 395 1
80 1417 34
747 855 23
801 916 8
1136 1462 8
182 1141 8
597 1380 38
85 374 13
576 578 23
62 744 5
585 1492 5
289 1536 17
561 1062 17
120 253 10
594 704 26
31 1323 46
887 1300 17
397 639 29
121 773 12
183 249 17
18 90 40
454 1213 28
870 1277 1
271 960 25
1003 1221 23
667 734 14
437 1078 23
883 1296 8
169 1171 71
216 1511 62
862 1317 42
295 727 10
576 1151 8
261 571 18
381 554 10
568 894 4
1406 1462 8
758 821 1
812 1419 23
172 334 8
289 1376 5
479 1288 1
198 295 17
132 1552 0
172 742 11
271 548 1
62 1161 23
49 1067 53
305 1473 32
953 1049 31
685 1016 32
364 1297 29
212 1054 11
407 537 10
196 1465 14
142 1420 17
488 1319 40
407 1480 8
808 930 13
373 1146 21
397 1294 29
374 998 12
503 1007 8
1457 1463 1
305 430 7
281 733 72
907 1217 14
602 813 15
329 1016 32
97 188 24
396 1178 29
209 407 10
1058 1300 10
805 938 0
110 983 38
801 1462 8
572 1552 1
921 1420 14
311 1536 17
440 479 17
289 572 17
468 1295 10
679 1529 56
400 1111 10
233 1024 62
1152 1547 23
993 1362 13
782 1153 34
559 956 4
295 561 17
198 855 39
209 805 10
359 726 44
455 843 7
276 1440 17
180 602 8
13 876 13
1 16 34
106 1420 17
17 740 23
340 892 23
11 676 0
239 675 0
288 1088 8
1443 1499 8
46 1403 8
441 1387 7
563 1221 1
127 497 0
489 894 4
1521 1549 32
508 548 1
287 989 17
973 1078 23
484 812 23
1228 1513 32
1095 1483 1
106 619 10
849 1458 1
325 458 54
130 619 61
51 596 8
75 1230 19
131 1468 17
440 1062 10
46 505 50
675 730 53
280 1244 34
647 1007 8
325 1129 29
78 1085 8
276 567 10
675 1445 69
1273 1553 8
62 1481 5
132 659 0
590 841 18
507 1088 8
632 841 23
368 914 34
631 933 53
1058 1338 87
548 1203 1
597 1393 38
564 588 1
576 1529 23
914 1529 23
294 855 8
512 777 12
328 1552 1
1217 1451 14
1273 1423 8
261 348 32
405 1492 53
970 1310 38
103 574 17
70 845 23
707 1178 29
1268 1554 34
133 848 17
376 610 8
767 999 19
295 899 17
202 429 1
248 1463 1
1086 1128 1
325 875 32
769 1310 35
580 918 0
972 1317 42
1249 1420 17
639 668 29
22 852 14
900 1499 8
578 601 14
476 1540 8
209 802 10
499 1492 5
568 938 0
222 576 8
801 1090 8
365 506 67
867 988 10
47 742 10
289 444 7
48 563 2
484 545 10
142 235 17
457 1233 71
1288 1563 1
1221 1227 1
628 1420 11
142 991 33
297 384 10
744 872 5
938 1512 13
488 628 17
165 564 10
253 648 10
82 1332 38
281 1443 69
26 397 29
311 849 1
54 595 17
679 1136 34
589 892 23
810 1128 1
262 733 41
311 433 17
813 1246 35
852 1350 5
271 365 25
253 1427 23
231 334 8
1032 1515 6
268 543 35
452 742 10
709 1161 23
107 635 52
548 1249 17
408 805 10
99 1420 17
737 744 77
1220 1417 32
310 1063 8
1048 1131 8
359 1133 24
97 311 1
1448 1499 8
424 787 24
698 1353 19
384 1244 50
548 555 17
79 901 10
276 631 10
567 1283 23
519 1288 1
1192 1206 39
93 133 17
295 1251 10
470 1333 1
588 646 17
282 1473 23
45 1211 29
50 589 17
629 922 71
217 660 2
9 225 0
499 1161 23
1125 1220 24
266 1417 8
902 1317 5
123 959 7
571 738 41
60 600 23
469 962 21
925 1377 5
178 516 17
433 632 11
100 1417 32
100 920 32
13 964 13
276 368 8
383 479 17
378 1167 27
963 1157 51
681 867 27
177 787 24
390 1432 21
659 765 0
217 1305 12
494 766 10
511 892 19
1216 1444 8
133 1271 17
653 1035 79
249 574 17
365 561 20
609 796 8
390 414 10
341 1220 32
775 1244 45
561 1275 17
340 578 33
80 445 11
475 683 24
208 476 8
407 615 10
9 82 13
131 686 17
311 484 23
84 161 21
907 1534 23
108 938 0
938 993 13
289 478 26
475 1521 24
167 681 10
921 1140 8
148 833 18
565 1228 30
1046 1545 14
580 962 0
150 172 23
141 1296 8
167 567 31
150 566 23
61 160 21
458 972 4
1067 1466 14
189 609 8
273 1265 3
80 118 34
409 1552 1
1049 1211 37
654 841 23
283 1061 17
172 465 10
441 1045 10
794 1268 34
564 693 17
294 765 13
548 1425 1
907 1473 23
1135 1465 23
182 324 10
60 314 17
208 907 87
942 1456 1
1061 1476 17
287 340 17
531 661 29
167 172 17
133 812 8
896 1050 32
133 337 11
364 570 29
245 384 2
167 794 17
649 1208 35
20 1153 34
634 1552 1
644 1547 17
185 672 17
198 1045 74
311 1049 10
445 1244 11
161 398 21
252 787 32
311 1464 1
743 842 8
877 889 17
1265 1552 1
366 470 17
82 1362 13
1350 1419 5
1022 1271 24
182 1135 23
271 863 25
297 1407 17
576 634 8
1279 1474 34
424 1271 24
340 680 17
80 1017 8
659 844 21
1458 1464 1
89 863 10
580 1323 46
352 470 23
1253 1529 12
272 561 17
371 602 12
867 1045 10
287 401 1
646 711 10
450 809 34
245 604 21
960 991 38
217 1049 43
794 1364 21
904 1007 34
15 424 24
395 913 1
160 376 8
440 572 17
686 964 17
574 1146 45
821 1136 1
993 1310 6
649 1481 5
9 537 13
1376 1427 5
17 338 50
727 1232 1
22 182 8
1067 1462 14
407 744 5
921 1245 8
82 161 23
365 973 10
62 97 8
9 974 13
1305 1529 12
711 973 10
379 765 35
196 1141 14
457 1271 17
295 867 10
185 1347 51
365 944 43
505 970 53
185 208 8
103 830 17
9 1341 0
127 580 0
51 289 58
1227 1466 14
172 693 17
467 1161 23
93 654 17
648 1090 10
142 708 17
219 1439 19
61 189 21
303 1351 51
9 1528 13
478 1221 26
352 484 23
196 609 14
161 396 23
495 907 4
589 602 23
615 815 38
253 1077 23
132 359 24
259 1491 14
602 767 23
110 292 77
545 646 10
902 1064 23
589 989 17
668 938 0
9 933 0
883 1444 8
1227 1540 8
107 1232 1
842 1213 5
842 1474 34
771 1221 8
457 1085 17
1074 1118 12
672 1148 17
108 160 1
1471 1499 8
1063 1536 8
80 686 17
263 497 2
142 1042 17
45 364 29
683 932 2
938 1369 13
444 913 21
602 938 0
1049 1387 7
783 834 10
841 1492 5
198 620 39
1103 1463 1
48 512 2
732 840 2
339 719 2
280 1279 34
46 1085 45
16 565 34
1443 1521 32
464 675 2
60 683 17
998 1238 1
1221 1554 1
711 1443 53
619 679 2
537 806 17
118 1098 34
337 619 10
1463 1563 1
457 843 8
726 1530 38
565 615 2
133 548 17
371 458 12
196 1322 29
470 570 17
510 1511 19
272 1010 10
1338 1400 37
120 863 87
288 442 17
843 1563 14
512 1417 34
568 1048 5
142 198 17
771 1536 17
747 938 13
26 1317 42
565 1050 34
299 849 10
134 429 1
578 627 17
9 1009 13
796 1048 8
9 385 13
134 1464 1
719 1554 34
338 376 14
299 576 23
1415 1464 1
563 1465 1
608 921 23
383 595 17
703 809 34
311 1350 42
548 568 71
821 1365 34
476 907 8
289 1350 42
408 1061 23
815 991 46
104 1438 23
371 1304 12
830 1458 8
359 506 57
96 1419 1
848 1223 17
561 1511 19
220 510 21
877 1407 17
343 497 2
235 767 19
338 1169 8
22 338 14
1135 1547 23
511 771 19
1009 1232 23
224 775 17
484 634 17
659 891 53
299 703 2
131 574 17
726 760 7
794 1374 34
630 646 17
600 876 23
198 348 39
842 904 34
9 962 0
1133 1556 8
180 1416 14
383 1386 17
989 1064 17
85 141 0
892 1136 23
75 630 19
291 458 12
253 1492 5
636 1444 8
479 902 31
738 1195 56
1449 1457 8
369 970 28
830 1178 8
1118 1261 8
80 137 23
272 990 33
773 1305 12
548 1148 17
419 436 36
137 646 23
635 1010 52
1050 1135 32
608 1093 23
325 709 32
469 1153 11
337 1067 21
124 703 2
719 1050 34
1061 1465 23
1128 1457 1
490 660 2
92 433 17
462 1172 35
428 1044 33
120 553 10
406 1269 24
896 1458 14
369 457 17
464 555 10
216 502 5
863 1335 67
548 887 17
132 1003 0
676 963 2
850 942 17
960 1044 20
511 1261 17
1140 1458 14
1135 1261 8
428 437 8
555 887 17
409 808 13
172 1409 23
396 927 23
60 82 23
841 1409 23
1439 1557 14
571 1380 38
482 1374 34
609 870 1
709 892 23
314 1280 19
1152 1283 23
740 894 4
437 889 17
291 822 12
1246 1251 10
938 1459 0
68 108 4
458 733 72
733 942 44
230 1338 87
559 1497 55
337 1529 12
501 889 17
447 938 13
364 390 29
408 794 42
914 1153 34
85 1462 1
340 449 62
470 494 10
1419 1427 23
261 590 32
26 1350 42
769 1071 8
571 765 13
1111 1131 8
636 747 23
627 686 17
120 955 4
782 1054 34
566 711 53
1185 1281 23
85 601 35
133 961 42
82 338 18
284 548 1
998 1269 14
863 1186 37
1417 1549 34
892 1048 23
493 1473 23
172 1427 23
275 287 10
834 1350 42
77 783 16
520 1007 34
999 1377 5
782 821 34
763 1459 1
208 581 2
467 502 23
1296 1420 17
646 1010 10
339 834 10
843 1178 8
237 892 0
96 907 10
310 740 41
9 1127 13
259 1265 8
555 614 10
52 160 16
81 1464 1
632 1529 11
69 1419 8
288 1542 21
788 1084 24
272 1042 17
104 352 23
142 251 42
428 470 8
75 208 20
467 745 32
75 1319 40
376 602 8
406 1362 13
576 932 8
167 247 33
233 337 19
564 736 10
899 1481 21
9 571 13
127 1080 35
619 970 53
322 553 10
444 930 0
1369 1541 7
1169 1465 8
369 1045 10
1146 1536 50
387 872 67
374 747 49
80 1409 23
672 730 10
690 1458 14
632 902 23
747 808 13
107 870 1
280 1474 34
437 1481 11
1244 1420 11
165 901 10
13 1341 0
830 839 10
340 1023 11
178 862 17
869 1064 17
889 1419 8
595 850 17
449 1473 5
479 510 33
501 973 19
926 1245 14
299 626 10
565 671 12
1169 1443 8
219 470 17
283 337 17
276 1273 14
132 170 20
340 988 17
580 589 0
1279 1458 14
600 701 5
20 1146 34
401 1048 1
925 1350 5
183 1407 17
222 1111 10
906 1552 1
116 733 72
82 437 23
48 182 10
600 1131 8
501 1249 19
299 663 2
282 1552 1
69 167 16
654 1296 17
409 675 16
198 747 23
59 127 16
636 1253 5
70 376 23
1366 1483 60
1039 1078 5
206 314 17
484 876 23
1133 1281 23
1333 1419 23
188 1269 24
444 794 21
46 574 45
595 863 10
237 581 0
298 787 32
319 1540 8
841 1377 5
311 441 10
108 766 1
372 1347 51
208 299 10
297 494 10
90 397 29
9 46 13
954 1049 31
614 839 10
654 704 26
401 942 1
198 757 62
198 1325 5
209 1251 10
850 925 23
542 1304 12
249 1547 17
266 329 8
295 452 10
753 1137 34
366 499 19
1133 1529 23
26 139 32
604 964 21
476 1480 8
165 369 10
297 1249 17
942 1316 0
567 649 23
365 630 10
340 635 21
737 1473 32
902 1333 23
572 944 10
129 1138 52
239 654 0
253 440 17
322 1420 37
559 938 0
340 1067 21
433 554 17
9 1090 0
1007 1305 12
369 872 28
773 1515 30
198 672 17
163 646 17
887 1468 17
1047 1271 24
419 944 53
537 1350 42
81 212 11
322 449 37
493 805 10
13 778 13
809 944 85
490 738 41
92 295 17
345 785 29
927 1452 23
364 1480 8
654 1238 8
84 1152 23
184 1365 8
437 681 10
339 1187 38
338 609 14
499 1419 23
268 1228 8
182 1009 23
108 1452 1
84 878 70
378 660 2
767 1061 23
588 766 1
167 1168 31
914 1333 23
508 709 1
54 479 31
104 827 5
125 242 1
56 639 29
96 167 17
592 1008 39
433 1054 11
326 471 52
79 766 10
478 695 26
61 553 10
581 794 21
452 1062 10
266 890 8
170 405 0
287 964 17
334 1077 23
93 568 7
876 1064 23
295 1043 10
442 589 17
275 892 10
1350 1465 5
767 1295 17
278 679 7
654 897 58
365 801 87
283 806 17
217 1492 40
242 490 10
449 1409 5
595 854 17
282 1152 23
923 1074 54
160 1133 8
47 96 10
401 1415 1
51 311 58
854 988 17
409 1288 1
906 1554 34
225 1448 1
222 1211 37
219 766 17
1333 1350 5
365 510 20
508 1458 1
314 1333 23
497 1464 1
297 1061 17
319 843 8
321 942 1
268 1480 8
501 1407 17
703 876 49
572 849 17
782 839 10
48 106 10
548 1415 1
499 1280 19
133 769 8
161 219 19
228 1037 12
468 764 64
22 1290 14
217 470 10
198 1529 23
537 878 10
77 962 21
755 1351 51
523 1044 30
572 867 10
781 1492 5
378 1300 10
747 971 49
1090 1476 17
733 822 72
311 852 23
802 834 10
108 647 17
708 1300 17
12 408 0
649 1161 23
0 904 34
266 345 29
1480 1549 8
510 1280 19
594 944 26
295 744 17
160 576 8
369 1468 17
338 1294 29
363 906 34
22 1332 83
465 646 10
22 225 3
1269 1420 14
209 222 10
262 602 54
703 1007 12
565 842 34
441 1103 8
567 927 23
283 1153 17
328 668 8
165 582 10
580 1288 0
457 553 10
507 1232 1
582 887 17
15 1048 24
322 1496 70
196 1466 14
444 608 21
475 629 24
96 433 17
770 785 29
60 630 42
104 1552 1
420 1209 40
242 338 1
334 565 17
372 1317 7
660 1259 34
168 309 30
134 1462 8
314 468 5
595 654 17
564 654 17
175 921 8
182 266 8
120 1216 8
630 727 10
274 458 12
125 385 8
287 339 10
654 727 10
494 572 10
9 1022 0
480 1273 8
222 376 8
703 1304 12
457 800 17
84 288 21
176 1480 8
80 212 11
220 245 21
493 1271 17
627 830 17
1296 1409 8
133 1480 8
62 914 8
152 1095 17
208 335 67
476 1319 8
1009 1133 23
235 961 42
733 787 32
397 1362 13
376 896 8
697 736 10
339 381 10
567 1039 5
325 629 29
116 765 13
208 771 8
475 1563 24
97 1003 1
548 933 1
314 854 17
609 1111 8
574 830 17
99 284 1
237 1135 0
1315 1474 34
224 630 17
348 787 32
405 1039 53
231 1462 8
334 654 23
376 684 8
614 654 5
81 1203 8
563 1146 34
381 600 10
499 1061 23
631 1317 40
9 668 0
12 615 13
80 369 17
844 1521 32
163 548 17
15 668 24
324 1293 10
433 646 17
78 291 15
268 957 15
295 408 17
954 1529 4
1008 1135 39
69 631 10
337 1283 21
324 437 10
237 1185 0
634 1244 45
363 660 34
334 502 23
69 441 10
209 1220 8
604 765 0
30 962 6
1452 1564 8
693 1216 8
604 1062 23
48 1476 10
352 1333 23
695 1464 1
704 1033 26
62 1341 8
457 839 10
644 1458 8
441 956 4
960 1300 10
188 683 24
719 1146 34
401 870 1
107 497 8
172 272 17
9 124 13
600 1333 23
80 646 23
830 870 1
572 1128 8
516 1295 17
70 182 23
396 834 42
567 1261 31
563 681 2
632 1419 23
26 425 32
22 1268 14
1393 1566 83
1169 1563 8
324 1481 10
139 674 32
92 131 17
1129 1471 1
242 758 1
99 1333 1
548 834 1
287 681 10
79 512 2
564 574 17
17 734 23
846 882 10
1111 1211 8
99 768 1
516 1529 40
99 1211 1
160 1401 1
576 744 5
1222 1268 14
46 317 11
208 366 20
523 1511 30
289 299 23
12 930 13
877 1275 17
60 1547 17
299 396 23
830 1223 8
479 1333 8
647 1023 11
245 654 58
409 933 16
830 1245 8
134 1265 3
206 414 10
401 1131 1
172 501 17
334 1549 8
294 615 2
339 554 10
477 1090 10
1140 1172 35
108 1420 17
1175 1244 21
659 781 23
639 1269 8
133 1064 45
280 291 12
732 973 10
679 1549 34
251 962 42
1420 1468 17
22 1128 1
334 1234 8
719 842 34
559 703 2
576 1499 8
710 1153 11
632 886 23
484 1198 23
62 886 23
580 938 13
325 437 23
1211 1283 23
585 608 23
468 1134 64
855 1213 5
576 1553 8
337 850 11
297 783 10
602 1433 2
289 1427 23
278 726 26
288 1496 21
727 742 10
589 1281 23
125 883 45
381 1045 10
261 334 18
390 511 17
295 457 17
208 1228 37
537 834 21
892 1211 23
202 1536 1
1048 1536 1
1279 1282 34
131 493 19
18 905 40
22 733 14
245 742 21
172 1386 17
253 1439 19
37 711 55
309 1409 30
93 468 10
693 744 17
1300 1362 0
235 537 17
869 878 21
870 1161 1
374 425 54
12 1515 13
886 1007 8
60 869 17
26 592 32
1227 1463 1
167 400 10
1273 1275 8
208 282 8
97 1564 8
1071 1290 14
707 770 29
116 239 13
309 1303 12
217 830 10
359 549 24
400 1300 10
165 727 10
182 1283 23
457 589 17
198 927 23
419 1393 83
942 1556 1
502 1135 23
609 672 8
161 602 23
862 1054 17
1046 1297 29
51 659 21
674 770 29
972 1388 62
134 843 8
289 523 30
813 1515 35
396 999 23
478 1211 26
282 1137 14
239 1316 13
62 667 14
408 812 23
476 913 8
973 1271 17
589 742 17
703 1350 40
977 1458 14
646 833 23
230 1497 2
122 646 17
185 222 10
561 630 19
405 543 30
152 501 17
161 1409 7
405 1376 53
396 894 4
1232 1459 1
564 697 17
206 1432 17
170 1214 0
85 289 0
9 690 0
295 744 17
942 1126 1
108 595 17
678 1045 17
445 632 11
25 1129 8
1044 1397 19
892 1419 8
494 869 2
294 309 30
437 501 17
48 767 10
9 504 0
590 1447 18
769 1211 8
92 1547 17
161 1185 23
437 1269 8
77 1496 21
646 1540 8
572 615 10
206 686 17
627 971 30
530 628 33
441 744 5
1420 1545 14
266 1363 29
69 369 10
275 932 2
325 589 23
543 1167 27
590 620 32
79 309 2
844 1153 11
96 198 17
630 976 19
1227 1489 1
168 359 12
378 493 10
938 1198 0
138 571 18
142 1045 17
121 563 12
46 862 17
70 1228 37
96 469 1
484 1386 17
283 365 10
896 901 29
172 224 17
670 1420 11
502 1350 5
530 872 20
62 1423 8
601 954 82
572 869 17
839 882 10
104 249 19
588 1425 1
82 703 49
161 852 23
1060 1125 47
150 1494 23
11 872 0
484 537 17
548 1153 17
59 340 21
468 892 10
566 1547 23
667 1203 14
93 1476 17
133 212 11
167 208 10
161 212 11
324 1090 10
883 1095 17
488 555 17
830 1290 8
89 322 10
68 1529 4
727 882 10
338 849 22
548 1007 78
442 1295 17
80 266 8
1078 1141 8
97 999 1
553 1058 10
104 508 1
25 299 37
84 844 21
134 1316 0
1084 1220 24
185 897 45
736 1103 27
328 1326 14
369 400 28
688 794 34
467 470 23
185 574 17
196 785 29
189 365 21
80 505 50
501 561 19
359 788 24
132 141 0
242 1234 1
248 499 17
580 1341 0
999 1227 40
217 1443 2
62 212 23
80 849 17
1161 1325 5
571 1171 38
124 490 27
429 1540 1
79 1222 0
81 390 11
571 685 18
1296 1440 17
938 959 0
70 1438 23
4 580 0
85 168 13
734 1282 14
283 1271 17
475 1213 24
160 1017 8
1135 1217 14
322 381 10
219 872 20
96 647 17
1133 1250 35
93 1090 17
801 1211 37
50 233 17
22 1238 1
161 1045 23
282 1545 14
669 1244 11
289 1353 19
407 543 2
122 1420 17
497 857 13
993 1221 8
821 925 1
271 857 16
242 989 17
1443 1525 83
90 1265 8
129 899 52
289 1323 46
1326 1474 14
329 1464 1
1062 1376 5
1277 1534 1
930 1214 0
1283 1496 21
608 993 21
1148 1432 17
493 1067 21
744 959 77
46 314 17
289 1205 51
198 1419 39
555 1244 11
228 455 12
1188 1317 7
632 740 23
39 679 34
1326 1534 1
268 849 8
973 1161 23
9 1061 0
855 1451 14
844 1213 32
870 1135 1
126 1523 34
846 878 10
1128 1232 1
697 732 10
767 1296 8
107 1221 1
337 366 19
437 711 10
508 922 8
225 576 8
143 914 8
224 574 17
609 998 14
479 1118 3
771 1541 7
437 805 10
870 879 1
1103 1279 14
1120 1556 14
686 1275 17
69 1232 1
72 1023 16
847 854 12
56 1448 1
679 1050 34
476 531 8
608 962 21
1151 1341 1
104 1529 17
157 609 8
884 974 13
381 767 10
108 475 24
870 1317 7
295 441 10
770 1008 39
830 1093 8
933 1035 36
142 1095 17
845 1026 5
46 209 34
688 1027 34
79 679 2
219 654 48
1093 1492 5
465 767 10
120 310 8
45 879 14
589 794 17
334 567 23
684 1232 1
1078 1473 23
1423 1552 1
340 1465 23
4 337 23
543 795 34
235 428 8
121 1074 12
567 1281 23
842 892 23
566 1362 0
230 1169 8
60 383 17
106 802 10
313 580 44
121 468 12
668 1003 8
368 994 40
369 588 10
59 220 21
1128 1464 1
1178 1419 8
457 1232 1
369 771 10
1508 1564 14
237 827 0
46 365 8
230 519 28
276 602 23
1017 1203 8
376 1472 8
537 1058 10
104 345 8
96 846 10
601 1100 35
161 457 17
175 801 8
661 1178 29
600 1564 8
319 1480 8
470 1251 10
870 892 1
683 892 10
1463 1471 1
103 231 17
458 505 12
614 834 10
133 467 23
809 978 34
282 1419 8
242 653 1
1178 1534 1
631 674 99
314 771 48
319 870 1
92 588 17
1090 1420 17
230 672 10
62 1269 24
1017 1277 8
766 887 17
441 999 8
852 1283 23
395 1247 1
26 90 29
309 545 2
821 1279 34
325 923 29
253 845 23
493 1481 11
808 900 0
165 964 10
93 800 17
1369 1447 49
470 1295 17
160 863 21
676 1302 67
601 1172 35
847 952 12
830 1061 8
845 1534 23
208 1326 8
325 1547 23
120 507 8
407 719 2
407 830 8
703 1549 34
228 971 30
589 862 17
230 490 10
242 469 1
281 663 49
383 1269 8
1017 1169 8
588 1103 1
659 841 23
1452 1465 23
962 1542 21
732 933 2
477 1326 8
121 777 12
50 89 10
242 627 17
570 896 29
563 777 12
430 709 7
1163 1271 24
62 134 8
533 1549 34
447 876 13
465 742 10
282 1062 10
172 740 23
1093 1296 8
299 913 21
476 1120 8
345 1464 8
361 551 4
681 1317 40
993 1273 8
497 549 13
508 1216 8
68 872 31
907 1062 23
82 753 17
1192 1523 34
428 1283 23
62 1133 8
62 1048 23
123 847 12
849 869 17
299 730 43
520 1381 34
408 1319 40
499 1153 17
644 672 17
549 753 12
1017 1425 8
109 1004 7
172 922 8
375 1064 5
280 904 34
490 765 13
91 1168 31
800 1090 19
913 1049 21
334 1465 23
879 1473 23
103 964 17
437 877 17
628 988 31
711 1146 50
208 324 43
97 1007 8
366 1250 46
425 679 54
294 1350 40
1464 1552 1
322 619 43
1133 1496 23
230 1061 10
462 847 72
139 745 32
709 1419 8
245 311 58
79 385 12
479 1462 8
507 830 8
841 914 23
419 1067 53
89 656 16
48 275 10
654 781 23
89 1547 10
512 833 17
511 744 17
202 1141 8
125 1444 8
869 889 17
103 104 48
1281 1529 23
572 877 17
548 1458 1
70 213 23
198 800 19
879 1213 5
1326 1448 14
791 1206 39
704 944 26
690 847 7
47 830 10
732 1071 14
882 891 70
46 408 42
563 703 30
1090 1273 8
647 846 2
1216 1473 8
310 322 8
13 109 13
295 801 10
462 891 44
548 1245 1
892 1433 2
674 1209 29
988 1141 8
740 842 23
690 933 36
340 697 19
516 1064 17
176 653 1
508 1137 1
224 854 17
9 827 0
340 437 11
329 830 8
188 897 24
343 1222 2
271 983 88
9 944 0
376 638 8
229 849 71
287 478 26
276 1288 1
647 834 42
899 1511 62
602 1253 12
248 1085 17
54 730 10
876 1465 23
376 1085 8
131 627 17
161 1333 23
175 1169 8
275 989 10
730 1497 55
276 1275 17
1169 1415 8
543 765 13
275 283 10
1042 1420 17
1403 1462 8
235 442 17
222 401 1
54 437 17
108 537 17
602 883 3
118 401 1
676 846 10
1046 1211 8
266 338 29
988 1085 17
225 1458 14
90 180 14
322 1111 10
523 697 30
961 1146 42
631 850 50
672 1476 17
52 1444 8
248 1540 8
930 1362 13
753 923 54
368 906 8
188 785 24
212 988 17
70 1448 8
247 627 17
390 462 72
548 999 1
137 794 21
499 693 17
92 589 17
457 568 7
0 533 34
149 1425 1
356 690 7
462 1409 22
499 548 17
124 543 2
248 775 17
795 904 34
103 1448 17
545 619 10
48 1269 24
334 1141 8
206 499 17
229 364 1
209 1268 34
654 1061 23
889 1468 17
365 432 70
259 901 29
589 846 2
876 1135 23
973 1062 10
22 578 14
922 1423 8
865 1534 23
20 971 34
266 1416 14
425 841 41
962 1176 6
398 580 0
104 730 5
230 1466 1
465 830 10
690 1489 1
80 1549 34
594 719 26
565 676 2
781 1325 5
167 801 10
338 879 14
109 401 1
555 1045 17
149 1553 1
862 1511 33
82 1316 13
493 742 11
887 889 17
827 955 4
484 1333 23
231 1552 1
1374 1554 34
99 295 17
1129 1307 1
99 1061 17
340 1353 19
284 870 1
727 1085 17
278 974 7
999 1296 8
242 693 17
283 693 17
219 449 62
217 490 27
436 1448 1
458 690 7
1175 1481 21
81 1564 8
9 1552 0
973 1067 23
709 1462 8
310 1227 8
1120 1445 14
15 942 24
334 1299 6
180 890 8
317 596 8
740 1427 23
782 1025 34
801 1534 1
1161 1333 23
152 1222 1
118 533 34
94 475 24
103 152 17
630 1476 17
237 289 0
708 1064 17
208 555 10
116 447 13
124 660 2
588 1457 1
266 1261 8
69 680 10
383 537 17
1078 1465 23
9 408 0
212 921 23
794 988 17
401 808 1
467 1465 23
150 1045 23
376 1483 8
801 953 4
548 1120 1
242 809 1
390 1062 10
511 627 17
876 1221 23
794 889 17
580 631 0
563 672 1
442 572 17
479 488 17
619 671 12
11 863 0
452 499 10
787 1322 32
49 476 8
239 857 13
781 841 23
143 1449 8
646 1547 17
545 1118 67
9 1301 13
441 1444 8
383 511 17
1071 1261 14
675 1016 32
9 736 13
1228 1333 32
143 635 52
123 627 66
847 1303 12
419 983 38
81 519 11
149 1341 1
381 801 10
578 1465 23
578 841 23
13 631 0
467 646 23
222 390 10
62 913 8
142 365 10
412 475 24
239 964 13
295 1261 17
734 1463 1
276 1088 8
484 1465 23
282 1039 5
582 891 45
317 1275 17
801 1464 1
892 1010 10
767 1564 8
259 396 29
133 1198 23
172 1376 5
4 841 23
488 1153 17
325 1350 5
325 973 23
602 942 22
892 1296 8
79 1067 53
372 1351 51
245 635 21
1148 1529 17
1417 1473 8
82 341 18
441 954 4
48 1350 40
77 767 3
493 1333 23
588 1128 1
585 1062 23
563 1141 1
242 907 10
808 1186 0
502 1232 23
734 1300 8
1216 1268 8
428 834 8
138 852 32
1459 1534 1
561 757 62
230 922 8
104 233 19
89 964 2
813 1258 35
508 675 1
848 867 10
196 506 57
444 994 21
630 1222 0
464 766 10
646 883 17
1232 1556 1
233 1090 19
690 1131 8
597 1500 38
869 1419 8
574 1547 17
15 1222 0
74 974 34
555 1148 17
477 484 10
152 1540 1
196 1238 1
1064 1244 45
16 278 7
555 1221 1
108 1187 38
398 994 21
338 1552 1
133 1216 8
960 1476 10
152 989 17
770 841 18
468 979 64
368 646 17
563 1317 40
339 1090 10
225 1316 0
904 1244 34
130 1459 40
930 993 13
62 172 23
627 1300 17
464 505 10
314 906 3
160 242 1
636 757 62
80 299 23
886 1064 23
338 770 29
839 960 10
12 1512 13
359 887 24
654 709 23
237 359 24
149 1071 1
572 1007 8
405 1512 2
537 680 21
1178 1265 8
1017 1271 8
1009 1152 23
334 1497 38
314 862 17
125 726 8
702 942 1
183 408 17
619 822 64
175 376 8
927 1077 23
899 999 62
376 1095 1
54 1062 10
70 180 8
85 419 0
198 310 8
442 511 17
25 808 0
520 703 34
365 1158 67
104 1133 23
369 580 13
1239 1462 8
892 1317 42
1095 1420 17
172 1244 17
1128 1221 1
653 1007 8
249 1440 17
1209 1462 14
467 1423 14
142 1319 40
578 1427 23
938 1222 13
359 1269 24
1077 1317 5
821 1333 1
185 1458 14
543 676 2
248 877 17
944 1090 10
217 288 50
26 1297 29
253 1009 23
242 1045 17
48 1369 2
479 1131 8
512 688 34
276 1131 8
601 798 35
51 1176 6
581 1283 21
240 266 7
834 1253 42
508 1273 1
249 693 17
20 1234 34
165 635 52
291 1303 12
809 1035 85
266 828 7
709 1141 14
231 1295 17
75 973 19
159 959 7
182 876 23
48 309 2
436 1540 8
167 634 17
60 297 17
108 1115 17
97 1017 8
679 808 13
228 1253 12
794 1253 42
80 842 34
288 827 50
26 852 32
251 1090 42
1136 1427 23
886 1211 23
444 604 21
208 1275 7
337 561 19
787 984 24
1449 1536 1
348 875 32
1136 1141 8
933 1377 53
253 1064 23
68 744 5
170 974 13
843 1290 8
233 708 17
224 1085 17
338 401 22
228 291 61
1296 1403 8
855 1217 14
172 1275 17
927 1128 21
902 1185 23
649 709 23
694 892 62
106 1010 10
311 1077 23
531 1449 8
490 672 10
100 341 32
944 1396 55
921 1234 8
566 927 21
92 1115 17
648 654 10
674 1269 40
502 1077 23
365 756 37
841 1061 23
169 775 40
580 1032 6
61 872 10
222 847 12
130 1513 12
54 1432 17
493 1476 17
50 178 17
968 1464 1
1090 1251 10
299 608 70
12 659 0
57 1153 17
133 1468 17
476 1536 1
348 1008 39
470 846 10
407 960 87
559 1376 40
229 1415 1
253 311 23
198 767 19
1169 1234 8
1078 1152 23
118 688 34
374 1317 40
711 1126 55
785 905 40
750 1512 2
1129 1228 1
1376 1443 53
1416 1452 14
636 1439 19
495 732 4
1296 1545 8
561 588 17
973 1198 23
235 619 10
581 930 0
660 960 2
9 1522 13
676 956 31
208 275 10
188 409 24
1049 1476 10
680 973 17
672 736 10
913 1128 1
152 942 1
429 1553 1
925 1536 1
297 317 17
736 870 1
235 369 10
1009 1347 51
239 1522 13
62 1494 23
588 678 17
338 1564 8
757 1249 62
850 1476 17
675 1496 53
273 843 8
127 208 25
434 1443 53
1374 1381 34
97 1151 1
46 272 11
419 1374 34
740 767 23
16 1279 34
434 777 4
617 1476 10
484 869 17
150 1198 23
450 519 23
1085 1536 17
876 1547 23
133 566 21
80 927 23
9 962 0
54 287 17
578 1283 23
907 1131 8
97 1118 1
103 883 17
942 1499 1
545 672 10
184 1444 8
183 470 17
628 877 31
230 973 10
374 1443 30
608 1534 23
340 649 23
283 771 17
1283 1494 23
708 869 17
190 1317 7
108 869 17
352 845 23
501 1064 17
734 1552 1
428 576 23
419 834 42
595 1547 17
99 678 17
809 906 34
537 882 10
13 973 0
376 1227 8
108 1151 1
149 1459 1
103 178 17
581 938 0
464 1362 13
493 1253 42
600 1120 8
589 1377 5
108 1295 17
1025 1136 34
597 1322 32
345 923 29
467 576 23
172 626 17
733 1521 32
635 844 21
806 1115 17
294 923 54
477 1458 8
542 1037 12
1234 1288 1
224 295 17
464 660 2
869 1261 17
1148 1468 17
636 1039 5
500 1417 35
450 1136 8
288 1137 34
50 103 17
198 1054 11
628 678 17
531 876 18
537 1386 17
17 854 50
209 559 10
501 1432 17
545 614 10
944 1304 12
1417 1534 1
428 490 10
297 1261 17
324 1062 10
46 1211 8
1362 1391 13
161 1023 11
407 882 87
239 1032 6
217 339 27
186 1125 10
842 870 1
870 1146 1
592 1050 32
582 1153 17
337 1078 23
672 1388 33
233 511 19
942 1549 1
233 253 19
242 340 1
429 1131 1
69 627 10
1461 1545 14
189 1552 1
646 1269 8
766 1499 8
833 1136 23
212 925 23
501 775 17
22 239 8
589 727 10
494 830 10
493 889 10
168 464 2
305 675 40
295 1547 17
3 9 2
79 767 10
690 938 0
767 1300 19
701 1281 5
253 855 23
272 630 17
428 1054 8
628 850 11
582 1310 20
877 1261 17
180 1553 8
373 566 21
125 1047 66
813 1444 8
447 964 13
299 441 87
222 734 8
508 999 1
794 827 50
452 548 1
226 1283 21
886 892 23
225 1131 8
334 1492 5
922 1245 78
513 849 52
9 566 0
198 1489 39
79 464 10
670 862 17
222 564 10
1247 1480 8
178 433 17
317 848 17
381 588 10
325 1045 23
628 883 17
150 428 23
282 576 23
681 877 10
364 639 29
753 1169 1
340 381 10
892 1153 17
615 711 10
753 1374 34
545 1172 35
390 732 10
283 1459 1
663 1100 34
545 629 35
1067 1152 23
50 92 17
189 922 8
477 1265 8
574 627 17
208 390 10
548 1115 17
378 964 10
6 56 7
309 960 2
872 988 10
0 380 34
368 1362 13
126 753 34
727 1440 17
289 1271 17
322 878 10
636 1239 14
395 1261 1
495 899 4
1211 1232 1
742 1147 40
445 470 17
74 520 8
744 875 77
822 1351 51
48 1061 10
400 1302 67
261 281 18
338 1209 29
4 1481 5
185 806 17
1103 1444 8
198 437 10
1350 1408 42
477 1148 10
619 1134 64
1211 1273 8
781 855 23
82 1039 5
1137 1444 8
68 91 4
636 1118 3
890 921 8
22 401 22
1406 1439 14
99 1295 17
92 1009 45
214 709 7
213 1299 6
384 973 10
172 1213 5
322 600 10
122 501 17
921 1111 8
801 1452 8
46 766 8
291 619 12
152 470 17
231 1090 17
444 846 16
983 1180 38
126 925 34
361 802 4
582 711 10
755 809 34
646 887 17
830 1529 11
879 999 8
887 1547 17
449 602 3
428 854 17
921 1556 8
390 800 17
339 680 10
582 1172 20
92 545 67
1048 1140 8
589 844 17
947 959 7
157 704 26
120 834 10
1220 1491 14
1265 1275 8
75 542 41
548 727 1
309 808 13
1153 1300 17
299 990 38
99 1128 1
50 1148 17
219 614 20
129 1286 52
395 1419 1
490 1528 27
338 1466 14
396 1046 29
733 945 72
566 794 21
444 970 5
437 1010 10
626 863 10
510 746 19
1064 1148 17
46 896 8
1067 1326 14
1221 1409 23
604 1113 21
85 659 0
311 499 23
582 872 10
1325 1419 5
555 1333 8
850 1234 34
212 834 11
787 932 32
228 1529 12
161 925 23
563 1491 1
571 1525 38
276 1536 17
576 796 8
374 545 2
428 1090 8
75 559 20
408 704 26
434 671 4
690 1017 7
184 1211 8
554 794 17
580 1090 0
62 1281 23
849 1553 1
182 554 10
493 1300 19
447 854 13
338 571 18
654 877 17
242 922 1
142 961 42
324 726 12
787 1269 32
60 251 42
555 802 10
289 1547 17
209 842 34
863 1187 38
62 157 8
647 766 17
198 249 19
248 654 17
129 396 52
437 906 11
375 999 5
408 1093 23
337 812 23
4 212 23
470 649 8
104 628 17
911 1347 51
284 743 8
769 1423 8
340 1496 21
1203 1564 14
273 1128 1
295 324 10
70 614 5
999 1481 5
663 938 13
1299 1386 30
109 601 38
686 1090 17
310 1420 37
127 337 16
911 971 12
796 1141 8
324 878 43
322 927 70
92 133 45
455 894 4
1008 1268 39
50 676 10
1245 1376 38
1265 1341 3
99 889 17
99 1468 17
4 447 0
1432 1440 17
276 808 13
1067 1135 23
559 1304 12
74 363 34
555 921 8
447 925 13
1211 1294 29
808 1184 0
870 1427 1
408 854 17
626 1269 8
340 559 10
892 927 23
99 869 17
198 1085 17
185 1295 17
381 470 10
475 570 24
545 1299 27
48 630 10
698 1280 19
484 854 17
16 309 34
688 1374 34
424 1269 8
787 923 29
107 531 29
1128 1471 1
334 1261 8
253 901 17
636 1452 23
340 457 17
865 1281 23
317 973 8
282 1463 1
1463 1491 1
120 309 2
148 266 32
1209 1427 14
91 862 31
104 1062 23
376 1333 8
361 614 4
314 1244 11
96 1268 1
468 1049 43
91 783 10
337 1009 23
744 1211 29
740 1213 23
668 1171 71
1401 1427 1
1049 1529 10
1095 1295 17
449 585 5
654 1039 5
922 1489 8
646 812 8
334 1325 5
61 730 43
449 807 73
555 805 10
339 827 10
69 438 10
1394 1433 13
407 1449 8
390 830 11
276 1067 21
84 1244 21
161 311 8
1078 1468 17
502 886 23
581 635 21
849 1468 17
242 896 1
280 753 30
555 954 10
126 1136 34
78 424 57
808 821 9
634 1061 17
597 1305 12
90 1009 29
208 559 43
26 661 29
1527 1559 71
48 600 10
54 848 17
198 597 39
182 566 23
74 906 34
338 1540 8
231 1489 1
163 470 17
494 555 10
408 844 17
471 744 29
126 842 34
231 572 17
337 747 23
626 1534 1
126 1365 34
572 744 17
659 962 21
447 1464 1
395 1129 1
676 766 10
363 563 34
450 1007 8
409 576 8
266 809 8
104 442 17
287 567 31
802 1476 10
576 1271 8
222 276 10
319 1296 8
96 736 10
1464 1473 8
800 1564 8
219 1024 62
499 582 17
495 671 4
60 889 17
79 291 12
127 813 35
659 973 23
56 224 8
311 1230 19
849 1472 1
183 1050 32
396 1133 23
160 555 11
865 1032 6
767 879 23
1050 1315 34
247 449 62
176 462 35
212 850 11
437 1552 1
272 889 17
432 894 82
661 1239 29
499 1496 23
1449 1521 32
266 914 8
490 1350 40
9 876 13
276 852 23
1120 1499 8
229 1547 1
690 1463 1
13 1515 13
889 894 4
737 1491 14
363 512 34
184 359 14
390 1175 21
505 911 12
693 869 17
322 1502 31
1326 1556 14
22 1474 14
125 185 45
287 1275 17
884 1118 3
732 1293 10
850 1386 17
462 500 35
830 1211 8
185 736 10
563 808 9
444 794 21
239 468 0
447 497 8
1118 1221 1
240 738 41
758 1534 1
96 1146 1
914 1554 34
683 767 10
1129 1540 8
268 1417 35
239 719 13
920 1483 32
242 1491 1
161 1534 23
60 1376 5
206 1085 17
921 1135 8
217 1350 40
167 1420 17
54 628 17
1220 1400 24
675 1035 36
709 1483 32
182 907 23
60 1039 5
901 1526 38
523 1388 30
196 571 18
849 1407 17
834 1001 42
62 1128 8
548 758 1
1140 1489 1
170 730 81
971 998 12
137 879 23
659 730 53
844 901 21
142 670 17
869 1271 17
133 468 50
230 322 87
565 679 30
103 1062 17
468 704 26
497 785 8
345 430 29
493 1465 23
538 1303 12
493 794 11
734 927 23
13 110 0
248 834 45
449 1216 8
548 1077 1
60 390 11
272 944 10
465 1090 10
185 449 8
334 709 23
1061 1133 23
324 470 10
81 1288 1
1016 1088 8
457 1277 8
89 324 10
566 878 70
1457 1481 32
401 1288 1
337 600 23
1364 1542 21
886 1131 8
311 1039 5
79 654 5
679 753 30
120 872 87
324 753 2
401 1296 1
78 79 15
646 1295 17
122 850 45
134 1458 14
543 911 12
537 967 21
189 869 40
830 1049 10
253 844 17
383 877 17
626 1233 71
253 634 17
340 608 21
436 1443 36
289 1085 17
444 1153 21
667 1232 22
161 384 10
902 1062 10
180 1451 14
545 697 10
889 1463 1
152 1136 1
310 1234 35
844 1206 39
93 1386 17
564 1529 17
295 1010 10
325 1007 54
137 635 21
235 1536 17
1009 1536 45
1246 1459 14
338 1095 1
9 369 13
259 843 8
508 1277 1
630 854 17
22 1141 14
384 681 27
291 563 12
1065 1232 22
325 563 54
484 1095 17
248 1062 10
81 879 8
884 1458 8
295 572 17
62 455 7
701 744 5
922 1046 8
235 1439 19
732 960 87
727 1534 1
12 568 0
176 1451 1
324 834 10
180 626 8
1054 1220 24
875 1084 24
247 1511 19
108 1093 1
542 998 12
311 1468 74
409 787 24
559 1362 0
39 1259 34
480 1220 24
675 753 30
660 676 2
976 1386 19
765 906 13
580 783 13
1223 1536 17
887 1153 17
9 778 13
145 1035 77
484 1061 23
291 971 12
1249 1397 19
108 188 24
72 711 10
124 437 10
596 1049 8
288 1448 17
574 1148 17
608 886 23
9 1090 0
220 993 21
921 1409 23
830 1232 8
82 1369 49
103 647 19
99 727 1
80 889 17
276 566 21
1086 1474 14
634 1009 45
3 580 2
464 563 2
15 132 0
675 719 30
646 821 1
272 545 10
704 1472 26
141 576 7
97 758 1
224 805 10
589 1547 17
1319 1511 40
1172 1246 35
338 359 24
248 922 8
273 1048 8
275 680 10
653 1465 22
659 960 70
549 1188 40
850 973 23
289 1326 8
545 654 10
631 906 10
314 1078 23
248 906 17
578 800 33
809 942 34
104 1473 23
184 695 8
620 876 18
236 561 62
1064 1496 23
959 1102 7
836 855 23
9 711 0
1261 1554 8
602 1067 23
450 475 24
376 801 8
20 46 34
796 1178 8
671 1118 12
444 1496 21
79 345 8
142 477 10
123 777 12
167 766 17
106 648 10
6 425 7
380 1100 34
512 520 34
100 1136 32
160 444 21
84 467 23
469 1481 11
116 1188 40
374 602 12
648 892 10
576 1133 23
120 1515 2
86 1222 2
118 1137 34
812 1269 24
1288 1406 1
1261 1553 8
169 744 29
444 742 66
46 184 8
922 1300 8
97 1086 1
69 559 10
479 499 17
47 168 2
842 925 23
499 976 19
455 1253 12
1135 1444 8
1003 1064 23
150 781 23
467 674 32
9 271 0
134 1448 1
925 1458 14
462 1050 32
877 1061 17
116 1351 51
310 374 8
932 960 2
653 1439 14
499 1205 51
775 1261 17
54 249 17
1095 1458 1
242 850 17
564 1058 10
457 899 17
157 1128 1
636 1133 23
133 1440 17
549 1135 14
94 326 52
368 964 11
70 781 23
198 1062 23
15 157 24
345 661 29
668 1471 8
183 589 17
892 1343 10
681 1476 10
91 628 31
374 576 8
50 340 17
79 455 53
104 1271 17
54 80 17
104 1463 1
964 1062 10
142 1261 17
767 1419 23
180 615 10
589 899 74
1171 1447 38
172 1449 8
118 660 34
56 185 8
180 582 10
209 280 34
148 854 32
833 1445 69
808 1462 1
108 1415 1
163 628 17
48 407 10
695 1443 40
70 1161 23
1227 1534 1
767 1271 17
697 1049 10
185 428 8
437 659 23
97 626 1
390 809 34
172 1058 10
638 1449 8
1153 1554 34
449 501 62
269 1542 21
1113 1542 21
185 800 8
376 1480 8
537 892 17
216 1161 5
408 957 5
588 896 1
125 766 45
505 1037 12
604 1064 23
239 278 26
46 478 26
507 1459 1
998 1512 2
401 999 1
13 994 13
13 1316 13
297 766 17
553 834 10
477 678 10
13 932 0
297 468 10
149 282 1
412 1271 24
614 989 10
508 921 8
844 1164 66
198 401 1
85 397 13
85 428 13
440 676 10
497 580 8
342 744 5
697 767 19
892 1386 19
944 1054 50
1025 1554 34
1351 1447 7
99 1048 1
626 1489 1
892 1283 23
248 324 10
960 1148 10
299 553 10
4 585 23
198 740 39
559 961 12
519 1039 5
668 916 8
322 1476 10
149 709 1
17 1009 23
555 830 8
170 1060 14
94 188 24
396 668 29
57 834 45
430 1322 29
157 668 8
1115 1295 17
79 1090 10
94 1286 52
180 872 87
843 1275 8
441 1111 8
383 1444 8
82 927 23
160 189 40
1211 1463 1
208 891 70
365 1326 8
428 595 8
479 493 17
441 1409 1
178 877 17
626 1468 17
855 1540 14
108 906 8
1249 1386 19
282 1131 8
502 911 12
508 1078 1
902 1492 5
766 973 17
15 430 24
242 960 1
709 1452 23
467 1521 32
499 1136 23
220 497 0
75 1227 40
48 654 10
22 564 8
497 841 13
185 368 8
843 852 14
876 892 23
47 209 10
209 565 34
299 437 23
1093 1540 8
810 1141 8
287 1090 17
575 690 7
887 1090 17
299 589 23
1078 1273 8
169 1129 29
9 922 0
375 1468 5
401 1133 1
615 660 2
442 1275 17
734 1397 35
60 235 17
106 614 10
476 732 8
548 1247 1
62 855 23
46 582 17
862 1261 17
133 1277 8
1178 1425 14
553 830 10
678 1547 17
287 1064 17
470 1468 17
57 1407 17
675 1316 0
133 390 11
531 870 1
108 401 1
79 295 10
781 1376 5
170 589 0
17 450 23
222 626 10
341 787 32
62 578 23
428 921 23
74 753 34
1249 1299 30
46 449 8
548 809 1
628 964 17
172 602 23
649 1406 35
287 602 3
968 1462 8
196 1007 8
462 483 72
563 1035 1
216 467 5
830 854 8
72 1468 74
675 1317 53
309 679 30
225 1449 8
437 1540 8
108 769 1
849 887 17
602 777 12
688 1234 34
973 1135 23
650 1050 32
184 1296 8
564 769 8
45 1427 14
9 46 13
299 376 23
99 1307 1
1118 1513 12
440 1269 24
4 1376 5
188 726 24
108 1331 51
519 670 11
510 1432 17
401 646 1
212 502 23
773 1376 38
561 1230 19
322 631 43
1084 1565 24
1227 1296 8
900 930 0
13 98 0
499 839 10
298 1481 32
686 889 17
189 962 21
482 1234 34
424 531 29
340 1283 21
287 763 17
1120 1216 8
152 1178 1
424 1169 8
172 442 17
1203 1246 14
152 702 1
396 635 52
1269 1498 40
600 833 23
891 1323 46
1481 1494 5
131 697 19
906 1333 23
237 1214 0
182 727 10
108 167 17
233 766 17
249 408 19
614 1054 50
222 654 10
273 576 8
107 282 52
104 340 23
494 1295 10
60 744 17
766 1265 3
407 894 4
773 1394 38
1221 1536 1
334 913 8
311 1325 5
143 596 8
449 720 73
314 1058 10
585 1039 5
234 533 34
964 1045 21
363 1268 34
1129 1545 1
870 1136 1
100 1427 14
1269 1271 8
82 188 24
230 508 1
366 779 62
709 1281 23
470 1010 10
54 1045 17
160 1552 1
230 1049 87
372 385 7
4 1135 23
733 947 72
1317 1473 5
437 1153 11
233 794 17
436 1222 0
170 447 13
338 1462 8
602 1459 14
48 188 24
484 701 5
636 1459 14
1050 1268 32
842 1438 23
219 944 20
228 663 30
185 440 17
230 840 2
1007 1459 1
288 337 11
337 1326 8
747 1062 23
850 1296 8
168 631 2
767 1350 42
198 1128 8
1269 1536 1
847 949 12
160 272 11
97 1417 1
103 337 19
22 727 8
266 1136 8
414 933 2
396 471 29
554 899 17
401 925 1
414 1111 10
104 802 10
437 767 23
185 479 31
338 1489 1
565 1374 34
870 1141 1
378 1443 2
1216 1452 8
1101 1206 47
165 848 10
202 1288 1
769 1417 8
376 636 8
564 1288 1
555 1133 8
359 571 41
352 1427 23
561 730 20
500 777 15
1216 1556 8
954 981 4
572 834 45
709 1206 39
1156 1335 12
408 1397 19
787 1499 24
424 801 8
1220 1275 1
59 627 17
470 553 10
1125 1135 14
365 970 37
251 899 42
1064 1185 23
1022 1269 24
1111 1232 1
433 680 17
602 732 3
182 648 10
409 1540 8
50 1147 40
796 1554 8
324 572 10
22 1416 14
694 1090 62
490 1369 2
104 1288 1
1216 1261 8
266 1452 8
400 499 10
555 1319 40
234 1137 34
989 1296 17
364 785 29
334 578 23
175 1141 8
588 1420 17
295 736 10
77 444 21
600 649 23
220 765 0
288 428 8
589 921 23
396 1462 8
39 168 34
125 567 7
118 1259 34
1146 1296 8
925 1288 1
85 604 0
462 833 72
172 554 17
734 1376 5
198 1129 8
133 795 34
396 1169 8
37 310 66
1090 1397 19
441 902 10
297 414 10
288 398 21
845 1185 23
9 974 13
501 1319 40
433 863 10
580 654 0
334 1351 51
414 973 10
727 1476 17
150 589 23
161 1221 23
104 484 23
744 812 5
489 554 17
189 441 8
1443 1564 8
15 321 24
614 1512 2
396 1017 8
1273 1472 8
734 1494 23
396 635 52
161 999 19
219 972 62
233 869 17
242 914 1
728 1350 42
681 767 10
1 533 34
352 499 23
283 802 10
555 1216 8
740 1039 5
499 1281 23
441 916 8
576 1035 8
196 570 29
9 675 0
821 1103 1
295 537 21
9 636 13
380 1024 62
401 626 1
363 1549 34
385 894 4
209 679 34
1288 1473 1
896 1129 1
955 981 4
660 1234 34
251 479 42
281 1525 38
239 1090 0
9 149 13
671 971 12
120 434 10
865 1296 8
1337 1425 14
660 1007 12
70 375 5
400 730 43
329 1141 8
693 1440 17
79 771 10
247 899 62
701 1077 5
1432 1529 17
341 1521 32
198 508 8
1326 1464 1
100 914 32
152 1268 1
620 747 18
441 1288 1
619 1061 5
1103 1438 14
359 923 54
730 863 43
467 685 32
237 1084 24
742 1463 1
865 914 23
1061 1496 23
121 509 12
133 1564 8
85 690 0
189 1464 1
565 998 12
766 1045 17
92 887 17
744 1534 29
499 588 17
376 409 8
646 973 17
309 533 34
659 1333 23
626 1232 1
862 1146 17
1211 1471 8
794 1090 17
209 368 34
56 149 1
9 1035 0
781 902 23
475 1048 24
16 543 34
993 1146 21
1131 1227 8
680 730 10
152 1333 1
450 1496 23
22 1246 14
269 1481 66
69 428 16
4 1333 23
208 636 8
476 1178 8
600 648 10
927 1133 23
97 1227 1
60 1228 30
493 902 10
376 401 1
13 1035 0
57 470 17
376 701 5
56 1481 32
511 746 19
572 843 8
973 1409 8
1234 1449 8
614 719 2
364 1169 8
295 732 10
118 1365 34
450 654 23
22 168 12
172 564 17
887 1035 24
334 1118 8
1136 1468 23
602 765 0
430 570 29
1141 1239 14
198 1088 8
79 773 61
580 679 13
1376 1466 7
81 850 11
433 475 59
676 964 10
272 849 1
283 1007 8
253 852 23
217 253 10
695 809 85
216 365 37
378 679 2
338 345 29
77 133 21
121 538 12
1133 1171 35
479 834 42
61 1058 87
219 369 17
235 850 17
340 1564 8
572 870 22
278 414 7
376 1325 5
196 259 29
433 1153 11
638 983 88
795 1268 34
565 1473 8
879 1239 14
425 1228 32
295 511 17
571 1187 38
508 1419 1
533 679 34
709 1064 23
445 1153 11
537 1481 66
444 1244 21
709 812 23
299 709 23
430 968 29
60 644 11
369 428 8
17 1529 23
9 85 13
80 1152 23
359 483 41
338 1499 14
588 1153 45
337 588 1
922 999 8
284 1464 1
378 753 2
455 954 4
311 596 8
1290 1419 8
582 1049 10
877 942 17
433 899 17
92 849 17
869 870 1
182 1399 10
938 963 0
782 1549 34
777 880 12
314 407 10
430 1178 29
1283 1433 2
827 1502 4
636 697 23
690 951 7
172 1148 17
245 581 21
710 988 17
160 1216 8
298 1521 32
266 1483 32
172 849 1
46 1259 34
13 72 13
104 1449 8
397 770 29
49 734 8
960 1246 10
345 1135 8
493 906 19
408 582 17
178 626 17
955 1147 4
107 1552 1
172 1534 23
222 600 10
719 801 2
870 1216 1
508 1549 1
601 843 35
259 508 1
841 1009 23
295 1386 17
609 1333 8
231 1064 17
1054 1159 21
18 753 12
419 455 53
1057 1483 1
440 548 17
84 962 21
180 850 8
531 592 32
766 1148 17
160 276 11
366 400 20
374 688 34
152 282 1
470 848 17
512 559 2
26 1408 42
1283 1427 23
122 771 17
160 437 11
614 1037 12
408 709 23
134 1536 1
70 1317 5
814 1362 2
900 1190 40
428 572 8
310 1480 8
869 1440 17
289 957 5
249 295 17
378 1084 24
48 297 10
830 967 21
295 964 21
408 1157 51
75 848 19
9 405 0
709 1288 1
1407 1448 17
437 1039 5
570 1211 29
118 944 85
4 589 23
373 1159 21
229 1035 1
470 561 17
614 704 26
79 933 53
15 447 0
287 647 17
602 1419 8
462 949 72
213 1408 42
777 1007 12
165 1148 10
97 732 1
942 1438 22
407 1048 3
1246 1552 1
589 636 23
235 510 19
337 1157 51
1100 1515 34
137 150 23
143 883 17
161 631 10
1115 1366 60
9 659 71
1133 1463 1
1024 1090 62
79 289 5
310 588 71
758 1409 1
137 449 5
311 730 10
62 1211 23
447 1032 6
887 1115 17
589 654 23
234 1259 34
209 275 10
1133 1228 32
384 1304 12
54 1300 17
572 1310 20
185 432 45
580 778 13
276 314 3
334 1377 5
84 172 23
230 235 10
672 806 17
1093 1466 14
352 1039 5
249 844 17
72 1338 10
297 869 17
208 1529 10
549 923 54
196 841 18
675 1128 1
488 1299 30
654 1211 23
322 544 67
334 675 69
310 875 39
679 850 34
970 1481 28
1190 1192 34
242 1483 1
253 961 42
520 1499 8
830 842 8
20 1474 34
398 863 2
449 855 8
208 678 10
499 600 23
198 896 39
572 727 17
626 771 17
1178 1464 1
615 1220 24
554 889 17
675 1512 2
431 1231 25
777 797 4
428 802 10
870 1508 22
1447 1483 18
17 1281 23
988 1397 33
951 1317 7
900 1316 0
359 709 32
96 328 1
1156 1334 12
559 1303 12
50 408 17
1103 1268 14
328 1420 14
196 1481 32
753 867 2
901 1542 89
668 1294 29
334 968 8
381 834 10
841 1408 42
849 862 17
150 1213 23
208 419 2
142 1464 22
224 477 10
609 1103 8
542 746 41
925 1220 24
241 726 7
488 697 19
96 1216 1
852 1468 17
999 1044 19
93 432 45
1440 1536 17
266 629 29
578 1133 23
161 614 10
217 795 27
198 608 23
272 1476 17
676 1221 8
1416 1552 1
1468 1564 8
288 1386 17
172 1114 59
800 1326 8
137 484 23
519 1054 11
160 1007 1
137 198 23
1126 1390 84
476 1554 8
719 914 34
548 1307 1
401 1444 8
366 728 62
253 1227 8
444 1113 21
1213 1234 32
167 180 10
142 973 17
80 1295 17
248 452 10
1169 1232 8
425 947 41
80 437 11
964 1251 10
626 654 17
170 225 0
511 1299 30
680 887 17
1050 1297 32
183 297 17
464 808 13
22 1103 14
217 834 10
338 661 29
288 564 11
747 1185 23
588 1261 1
169 923 29
849 1282 22
79 484 10
251 1244 42
594 753 26
634 942 1
368 862 17
133 844 11
852 920 32
490 565 2
248 564 17
444 635 21
129 471 52
133 862 17
288 1273 8
260 615 27
787 931 32
50 120 10
1220 1499 24
242 944 10
468 904 10
647 1054 11
219 901 20
631 742 10
51 537 21
108 1448 1
788 968 40
104 470 23
364 770 29
289 465 10
1133 1403 14
914 1250 35
180 654 10
563 1275 1
168 217 2
1115 1476 17
408 1408 42
60 294 8
581 878 2
396 1213 5
892 1464 1
239 405 0
96 1296 1
20 1282 34
198 1281 39
338 1449 8
334 1526 38
1271 1465 24
405 938 2
467 701 5
452 1148 10
383 428 8
765 925 13
808 841 13
1273 1449 8
429 1133 1
4 161 23
85 1172 35
185 494 10
104 444 7
457 1090 17
108 284 1
9 343 0
508 1234 1
927 1283 21
440 775 17
1169 1409 1
57 727 10
549 594 26
1129 1499 8
1221 1277 1
998 1423 14
183 287 17
322 335 67
516 627 17
747 1529 23
933 1481 32
48 834 10
659 1067 21
675 961 40
436 1449 8
576 1152 23
675 1316 2
398 1067 21
297 437 17
310 843 35
727 1536 1
1062 1317 5
1362 1394 13
484 1045 23
1048 1317 5
775 1115 17
334 566 23
37 668 1
57 631 10
74 208 8
1074 1303 12
46 660 34
262 952 41
172 235 17
373 628 11
334 1078 23
916 1017 8
137 288 8
269 566 21
185 863 10
317 499 17
141 733 7
325 896 29
230 1401 1
104 779 62
900 921 8
636 649 23
79 365 43
1448 1459 1
54 1085 17
96 1211 1
396 1209 29
887 892 17
615 1094 2
568 1476 7
408 559 5
266 1129 29
846 1062 10
1153 1317 42
901 1294 29
103 242 17
12 905 13
70 455 5
298 537 10
690 1464 1
695 1288 1
973 1433 2
133 559 50
1067 1459 14
499 1300 19
787 808 8
85 401 1
62 376 8
679 688 34
668 1247 8
505 608 53
268 711 15
208 222 87
141 1534 1
311 668 9
16 1417 34
99 287 17
12 850 13
36 850 11
419 512 30
85 1129 8
1131 1443 8
77 185 8
39 809 34
1481 1534 5
184 1169 8
85 184 8
1115 1347 51
96 574 17
914 1452 23
927 1473 23
512 782 34
809 1050 34
896 1017 8
375 1061 5
549 797 12
447 730 0
288 359 24
711 1325 40
212 649 23
576 1048 8
59 973 58
850 1203 8
1048 1409 23
217 1153 50
311 1427 23
646 863 10
1018 1497 55
212 1067 23
0 821 34
165 235 10
180 886 8
499 1512 2
629 833 38
352 396 23
340 1319 40
734 1250 35
685 1483 32
294 563 30
378 437 10
97 1457 1
311 572 17
172 493 23
854 1023 17
407 942 1
185 1386 17
972 1481 28
289 1009 23
519 852 23
678 744 17
1090 1095 1
1399 1540 8
770 788 29
85 116 13
294 1007 12
519 1438 23
339 711 10
15 1163 24
580 615 13
1265 1271 8
13 1355 51
869 1464 1
734 1474 14
60 794 11
345 1471 8
212 537 11
554 672 17
419 801 2
80 668 8
490 1476 10
109 894 4
57 964 17
844 1049 10
450 821 1
971 1299 6
251 396 42
502 1045 23
1067 1198 23
493 867 10
183 848 17
682 1409 7
280 821 34
634 862 17
378 428 10
973 1440 17
647 672 17
104 989 17
38 341 16
161 901 20
143 216 3
834 848 8
1220 1515 24
635 927 21
231 567 31
601 1004 35
484 617 10
510 672 33
553 1049 10
507 801 8
198 548 17
395 1317 7
654 1468 23
437 619 10
806 848 17
479 1547 31
352 925 23
383 870 1
235 1010 10
619 949 64
106 490 10
1045 1419 23
733 1409 22
185 889 17
1280 1386 19
848 872 10
1142 1253 42
478 1472 26
365 862 10
299 1529 23
1067 1131 14
248 310 8
18 703 12
104 887 17
62 1084 24
892 960 10
107 1206 39
125 1341 9
82 352 23
654 930 0
334 1449 8
750 765 2
698 800 19
143 457 17
366 537 19
740 792 76
198 341 39
50 839 10
1458 1465 14
311 1547 17
870 1078 1
408 747 23
127 409 16
646 805 10
1016 1549 32
647 1407 17
564 1054 11
757 1230 62
268 1552 1
602 709 23
1016 1135 32
149 1415 1
85 892 0
566 740 23
636 709 23
299 499 23
289 467 23
879 1296 8
597 1304 12
1319 1499 8
280 1303 12
809 1054 34
103 634 17
75 672 33
185 1462 1
6 1355 51
1064 1077 23
901 1420 17
90 471 29
1140 1552 1
288 850 11
733 1213 32
189 1480 8
476 925 8
46 1341 8
209 380 34
449 596 8
531 923 29
141 1095 1
81 843 8
130 291 61
419 690 36
220 659 21
617 892 10
576 834 8
701 953 4
248 275 10
942 1290 1
397 1297 29
571 745 18
882 1275 7
1120 1536 1
283 1464 1
608 865 23
843 1093 8
82 148 18
72 604 16
1135 1216 8
757 1420 37
1222 1552 0
672 1249 17
253 1275 17
142 470 17
4 9 0
854 1275 17
96 869 17
142 1529 17
9 932 0
209 1050 34
1259 1282 34
132 805 0
537 1536 17
681 1299 27
322 1399 10
619 927 53
152 469 1
395 508 1
133 876 23
1045 1221 23
48 680 10
1135 1206 39
9 942 0
1333 1438 14
497 1433 13
1386 1440 17
188 1521 24
785 1269 24
778 808 13
229 1118 1
311 973 23
602 971 12
0 16 34
808 962 0
648 727 10
129 617 52
282 1273 8
172 475 59
872 1511 20
1209 1220 24
251 288 42
338 1458 14
493 572 17
297 465 10
343 938 2
1232 1377 5
292 1008 39
502 580 0
266 798 7
139 1016 32
602 930 0
172 812 23
568 675 53
563 944 2
563 1409 30
305 338 32
589 1205 51
425 1521 32
161 1135 23
104 630 19
172 892 23
428 433 8
334 484 23
499 846 10
287 381 10
1203 1247 8
1095 1216 1
668 1078 8
1095 1386 17
1213 1400 28
311 468 5
75 494 86
1161 1452 23
311 676 10
572 1153 17
99 555 17
77 1054 21
964 1064 17
879 1062 23
134 653 79
1483 1521 32
161 530 19
1253 1513 12
630 765 0
368 669 11
319 1008 39
398 635 21
511 1061 19
97 1556 1
879 1427 23
220 930 0
376 647 8
653 1245 1
97 1489 1
137 787 24
138 1481 32
676 1090 10
441 955 4
493 1468 17
272 1468 17
242 378 10
293 1239 77
149 1128 1
462 747 72
152 863 1
1320 1564 14
679 782 34
822 847 12
753 911 12
319 602 3
311 628 17
324 1377 40
400 572 10
841 1185 23
208 288 8
1261 1275 17
1217 1461 14
239 711 0
383 626 17
471 1178 29
779 1249 62
291 946 12
458 971 12
497 876 13
309 1529 56
654 1205 51
235 1157 51
510 646 33
359 430 24
1419 1491 14
1009 1376 5
208 1502 31
272 771 17
163 337 17
501 906 19
104 1547 23
914 922 8
740 1409 23
289 626 17
1198 1494 23
509 1304 12
132 1269 24
299 369 28
280 782 34
511 1062 17
484 1283 23
1300 1444 8
865 1325 5
493 779 62
914 1553 8
273 1017 8
493 771 19
124 1547 10
352 973 23
131 383 17
46 602 8
614 679 2
462 879 72
619 880 64
747 1325 5
933 1521 32
865 1211 23
855 1496 23
57 161 17
9 900 0
876 1333 23
172 1077 23
442 1420 17
109 361 4
449 865 5
167 441 10
462 947 72
70 1350 5
600 1169 8
580 601 35
632 1552 1
686 869 17
283 614 10
170 933 0
1062 1111 10
578 1044 33
782 1049 10
614 1061 5
506 878 67
602 681 27
90 1211 8
942 1409 1
85 225 0
198 390 39
462 841 72
962 1316 0
602 906 23
844 878 10
0 809 34
631 1399 10
297 619 10
833 1250 38
944 1283 53
342 1420 37
595 628 17
161 271 16
224 1045 17
288 1067 21
266 968 29
9 1506 13
589 938 0
648 867 10
497 604 0
506 769 57
314 833 23
892 1058 10
220 271 16
126 821 34
276 310 8
468 1090 10
585 734 23
334 1135 8
167 1397 33
794 1536 17
914 1232 1
198 647 19
449 841 5
282 1239 14
157 376 8
180 401 1
79 878 43
46 500 8
1295 1468 17
765 1462 1
927 1211 23
46 1161 8
1010 1090 10
397 1129 29
676 767 10
180 1399 10
289 1230 19
389 1085 17
499 608 23
1397 1547 33
80 1213 5
180 1333 8
120 216 37
406 447 13
334 341 18
202 1169 1
484 559 10
499 1133 23
501 646 17
478 537 26
62 1403 8
543 1304 12
185 249 17
766 850 17
172 1325 5
444 1512 2
578 914 23
224 484 17
12 339 13
170 343 0
272 516 1
184 769 8
438 1090 10
787 1363 32
161 172 23
457 1115 17
428 989 8
477 734 8
672 1269 8
1259 1381 34
619 798 64
198 802 10
602 1090 3
455 631 53
493 635 21
447 663 13
1128 1246 1
9 468 0
378 1517 10
1010 1293 52
952 1351 51
442 1148 17
230 1048 3
62 447 8
224 794 17
720 933 62
225 401 1
619 1410 14
1061 1148 19
408 877 17
564 1407 17
272 1146 11
1118 1305 12
559 1529 56
46 1137 34
576 1268 8
758 1232 1
34 1126 55
134 401 1
922 1133 8
13 971 13
1133 1534 23
680 1085 17
60 125 42
419 827 53
1419 1496 23
870 907 1
839 1338 10
75 233 19
794 877 17
143 266 8
808 1118 0
230 295 10
131 806 17
198 1273 14
634 1054 45
1080 1258 35
96 1095 17
493 649 23
104 862 17
317 634 17
185 855 8
374 847 12
92 1244 45
1205 1300 51
396 896 29
719 847 12
93 470 17
512 1279 34
93 628 17
276 694 62
57 1095 17
849 1554 1
614 933 53
99 499 17
1269 1540 8
563 602 12
133 375 5
310 1296 8
727 1042 17
801 1061 10
452 933 2
734 913 8
646 1141 8
75 408 19
309 719 30
787 1549 32
495 564 10
374 795 34
870 1140 1
310 548 71
1 1480 34
679 914 34
72 419 2
9 537 13
1 482 34
1232 1553 1
322 1158 67
288 1275 17
70 646 23
719 998 12
13 502 0
568 845 5
9 814 0
1151 1347 51
248 429 1
1103 1217 14
161 314 3
430 471 29
537 1111 10
801 840 2
896 1481 32
150 906 23
1095 1148 17
845 1077 23
1277 1553 8
172 537 11
230 1443 2
576 921 8
152 233 17
229 1131 1
595 942 17
519 628 11
108 202 1
1090 1464 1
334 1067 23
602 1473 23
235 248 17
1103 1271 24
1374 1415 34
116 780 52
576 1090 8
124 428 10
396 1078 23
289 1492 5
93 104 17
608 1078 23
555 1277 8
563 1103 1
104 1042 17
85 220 0
883 1275 17
248 744 17
1125 1232 22
703 1050 34
345 727 8
554 647 17
564 686 17
1420 1473 14
189 821 1
68 489 4
345 1403 8
228 458 61
12 581 0
615 667 38
842 855 23
512 615 2
208 1136 8
163 248 17
767 1213 5
619 989 10
237 566 0
499 1058 10
239 636 13
276 766 17
62 654 23
324 850 50
770 1050 32
122 628 17
325 679 54
77 160 21
740 1206 39
630 742 17
84 1061 23
409 1141 14
488 493 19
289 742 17
589 901 17
108 1282 22
488 744 17
1234 1499 8
161 449 62
589 1058 10
79 867 10
630 771 19
99 134 1
364 879 14
620 1447 18
54 736 10
91 671 12
70 999 23
289 314 19
239 545 13
1409 1490 78
468 823 64
143 1425 8
694 1230 62
180 1465 14
479 1064 17
235 283 17
493 680 17
137 767 23
150 253 23
734 1419 8
104 631 5
103 694 62
1025 1035 7
96 602 1
280 847 12
830 964 11
589 850 23
180 766 8
120 1062 10
493 568 6
499 1115 17
732 1473 8
198 907 23
343 808 2
268 981 15
1118 1512 2
208 782 10
287 408 17
1095 1554 1
609 1491 14
79 1536 50
272 775 17
79 1232 1
266 1547 8
69 89 10
93 766 17
1239 1499 14
896 1290 14
287 862 17
896 1048 8
79 280 2
896 922 8
376 914 8
938 994 13
208 863 10
653 1279 34
180 891 8
709 1296 8
589 1090 19
96 960 1
927 960 70
283 964 17
49 1351 51
1492 1547 5
904 914 34
1380 1461 38
340 746 19
124 1445 14
846 993 2
47 932 2
390 604 21
310 596 8
595 988 17
106 867 10
437 442 17
385 690 38
233 1300 19
230 408 10
369 511 17
781 850 23
311 846 2
189 870 1
646 1386 17
878 956 31
60 1249 17
468 499 5
81 1462 8
1211 1238 1
261 364 32
1277 1366 60
609 1319 8
649 906 23
430 788 29
17 499 23
78 1526 35
229 478 26
79 362 64
631 845 5
103 800 19
208 862 10
460 520 34
942 1203 1
857 1269 24
911 1513 12
25 497 0
54 942 1
634 1420 17
654 767 23
253 478 26
988 1095 1
679 1244 34
272 400 10
108 588 1
295 973 17
441 1399 10
239 376 8
1213 1417 32
15 1540 24
161 503 8
740 1502 4
311 1115 17
704 973 26
339 944 10
654 1223 17
879 900 8
216 282 5
537 619 10
103 595 17
697 1300 19
554 588 17
1095 1419 1
229 913 1
516 1395 45
543 688 34
93 511 17
62 502 23
89 1300 10
1303 1529 12
133 543 34
62 564 8
390 680 21
230 1062 10
614 867 10
396 430 29
280 719 30
89 938 13
865 1481 5
676 1246 10
118 679 34
907 968 14
479 877 31
441 879 8
46 710 11
407 1120 14
99 907 10
80 1136 23
45 338 29
561 1271 17
736 1528 27
842 1534 23
894 1338 31
512 765 13
60 272 17
649 744 5
419 1351 51
345 424 29
1273 1419 8
183 1206 39
133 1159 21
172 734 8
366 767 19
519 732 28
867 1529 56
149 704 26
701 1049 37
680 744 17
508 1136 1
77 1364 21
317 1300 17
1131 1279 14
219 863 20
170 478 26
588 800 17
222 701 37
449 999 62
869 1386 17
870 913 1
827 1146 50
608 906 21
502 925 23
59 390 21
1269 1489 8
834 906 8
149 942 1
120 882 87
1282 1449 8
493 1221 23
457 1171 20
1048 1239 14
305 1178 32
76 594 26
567 833 23
291 789 54
991 1461 38
1275 1333 1
660 794 34
93 378 10
131 516 17
440 1148 17
767 961 42
20 288 34
339 736 27
1017 1458 8
437 1152 23
209 384 10
758 1057 1
719 1226 40
1136 1161 23
276 698 19
142 1147 31
376 906 23
132 918 0
280 1271 24
396 1473 23
444 635 21
329 1220 32
17 914 23
80 1420 11
775 1153 45
973 1009 23
708 1432 17
189 889 21
278 1137 7
810 1448 8
340 1198 23
142 167 17
672 872 10
805 1090 10
698 1044 19
188 812 24
62 787 24
636 1438 14
288 340 11
46 1071 14
1039 1409 5
572 942 1
224 736 10
180 470 10
879 1232 1
337 553 10
291 468 12
627 766 17
93 1172 20
9 1061 0
341 467 32
230 849 1
208 956 31
59 493 21
161 373 21
92 869 17
747 1136 23
104 198 23
376 635 8
452 680 10
516 1009 45
1074 1304 12
493 1408 42
82 738 41
381 1295 10
242 249 17
287 736 10
1465 1474 14
311 501 19
137 1271 24
252 1213 32
1095 1273 1
182 334 23
16 168 34
104 568 5
126 280 34
671 798 12
886 1444 8
659 878 70
470 805 10
537 736 10
322 468 43
855 876 23
340 479 17
275 767 10
614 813 15
248 727 10
363 533 34
231 574 17
1118 1300 3
646 1449 8
905 1063 8
428 842 23
180 1481 28
1085 1440 17
467 659 23
233 850 17
15 1127 24
216 576 5
395 407 1
120 433 10
334 1563 8
108 1326 1
310 863 8
178 628 17
104 455 5
470 1432 17
1228 1232 1
48 447 13
400 834 10
160 445 40
85 619 0
520 1080 3
1085 1261 17
108 1491 22
810 1118 3
77 340 37
508 758 1
629 1294 29
468 1244 50
542 549 12
766 869 17
502 629 40
1010 1547 10
636 845 23
15 1506 24
429 1009 1
529 1111 10
219 224 17
276 902 10
172 589 23
777 953 4
79 490 10
138 334 18
46 907 8
800 883 17
1185 1512 2
160 548 1
505 1536 50
12 619 0
208 1481 28
405 769 8
511 862 17
659 1449 8
419 971 30
374 660 30
299 962 70
132 1050 0
134 170 0
216 311 40
879 1245 8
703 777 12
808 1505 0
660 719 30
844 1251 10
15 48 24
488 1115 17
216 1300 62
998 1365 14
766 1463 1
519 1317 5
878 1335 67
1296 1419 8
588 638 1
765 846 13
619 960 43
235 693 17
1409 1534 23
676 1511 20
1333 1409 23
602 1050 32
409 830 8
493 973 3
165 1111 10
152 574 17
1136 1473 23
54 960 10
37 870 1
89 289 2
869 973 17
821 1326 1
196 242 1
555 1296 8
409 609 8
245 589 58
152 887 17
1350 1515 40
1061 1452 23
842 1496 23
428 468 10
444 1399 10
56 849 1
311 854 17
97 282 1
476 1080 35
9 742 13
185 311 8
412 938 0
1186 1465 8
338 787 32
1077 1232 23
1463 1545 1
77 189 21
396 608 23
765 1447 13
108 271 44
565 863 2
1423 1449 8
555 1271 17
188 288 24
208 1211 37
468 848 10
1449 1545 8
69 1540 8
202 1238 1
276 589 3
1057 1553 1
646 834 42
1261 1279 14
437 1216 8
455 956 4
508 1141 8
719 794 34
896 1473 8
324 400 43
337 855 8
896 1564 8
134 149 1
278 359 26
588 1268 1
789 1007 54
56 1232 1
457 849 17
120 1419 8
332 1171 38
298 1050 32
405 972 62
340 1093 23
572 989 17
176 971 35
259 921 8
636 1136 23
395 998 22
280 571 17
555 1049 10
531 931 29
295 647 17
142 172 17
299 375 5
849 1395 45
282 808 13
180 1111 8
376 441 8
217 1244 50
668 787 24
379 1172 35
1290 1439 14
681 906 10
47 543 2
800 976 19
150 1093 23
309 1374 34
198 730 10
409 1048 14
999 1350 5
288 444 21
1067 1433 2
96 125 1
247 337 19
314 452 10
80 938 13
233 1295 17
272 574 17
165 678 10
9 654 0
619 973 10
631 1080 15
185 1286 17
654 876 23
165 849 10
433 1044 33
249 899 17
395 1203 1
661 1129 29
74 1027 34
473 639 66
585 1152 23
365 1161 8
224 588 17
0 1244 34
944 983 38
237 794 13
499 1564 8
596 630 8
56 500 8
1232 1419 1
1419 1425 8
834 1295 45
1468 1494 23
170 1303 54
408 617 10
602 1438 14
1042 1061 17
229 704 26
931 1009 29
85 857 13
219 779 62
1017 1269 8
962 1067 21
636 1137 8
771 1044 19
77 1283 21
294 512 30
289 295 17
572 589 17
12 289 0
172 222 10
222 703 2
1376 1468 5
1128 1425 14
376 408 23
70 576 23
578 1078 23
627 1536 17
833 1376 38
775 849 17
745 791 32
617 697 10
502 1221 23
659 1496 21
458 679 12
601 1077 35
132 571 13
384 564 10
97 1220 24
1452 1480 8
149 1211 1
1288 1483 1
787 1333 32
740 1325 5
108 1203 1
337 449 62
850 1268 34
253 1078 23
500 847 15
1146 1481 11
299 1333 23
15 785 24
1238 1465 1
634 914 8
450 841 23
779 848 62
646 1054 17
78 674 15
54 1468 17
834 1146 42
390 1058 10
750 1316 2
588 768 1
727 1499 8
765 1506 13
643 651 16
668 684 8
628 708 17
1261 1449 8
69 490 10
1333 1420 14
384 753 2
425 601 41
808 918 0
287 960 10
728 976 62
25 1449 8
22 184 8
337 1152 23
471 674 29
75 310 41
149 419 1
508 1473 8
892 1511 19
1142 1317 42
334 738 41
467 770 32
1141 1443 8
711 970 53
889 1540 8
1078 1261 8
311 564 17
60 742 11
196 1232 22
1206 1297 39
283 1295 17
202 1118 3
849 1227 22
159 1317 7
813 914 35
508 1534 1
993 1113 21
555 559 10
229 1341 1
103 1397 19
103 862 17
1090 1432 17
401 1265 1
771 1407 17
1086 1221 1
236 976 62
196 796 8
849 892 1
352 602 23
668 1362 0
578 925 23
77 963 21
1203 1554 8
16 1282 34
632 710 11
436 1007 8
180 1459 14
1133 1425 14
311 1269 8
169 639 29
628 672 31
1049 1136 8
239 1506 13
409 1017 8
747 850 23
559 766 10
266 1227 8
276 1148 19
198 833 23
1526 1559 71
488 775 17
1062 1228 37
488 523 30
224 1058 10
120 1090 10
70 1133 23
276 769 8
122 1223 1
566 845 23
110 493 9
477 1227 8
653 688 34
630 964 17
159 462 72
429 1443 1
1171 1310 38
428 1440 17
884 1288 1
131 488 19
78 957 15
490 736 27
511 942 17
99 208 1
288 771 8
74 1146 34
1111 1499 8
944 1045 10
60 1054 11
479 1249 17
62 282 8
249 1448 17
1250 1406 35
479 1100 20
252 1050 32
436 808 0
310 960 8
646 1465 23
1057 1489 1
848 989 17
224 744 17
796 1063 8
334 1423 8
314 396 23
217 464 27
77 208 37
224 389 17
537 1364 66
13 253 0
744 848 17
405 843 8
678 877 17
484 906 23
157 1211 8
1325 1534 5
1275 1296 8
869 1148 17
891 1350 42
78 1527 35
170 580 13
9 1459 0
585 1351 51
615 1271 24
545 582 10
104 766 17
572 1045 17
161 251 42
85 1061 0
177 478 26
727 944 10
208 891 70
1141 1552 1
269 913 21
92 104 17
139 1213 32
322 530 20
183 1153 45
56 896 29
559 1380 55
280 907 2
163 183 17
619 1293 10
314 698 19
855 1078 23
407 863 87
690 1222 0
484 1295 17
80 1465 23
841 1438 23
646 1114 59
93 295 17
99 1146 1
1401 1491 1
458 923 54
475 590 24
329 1008 39
309 1244 34
888 1268 14
1227 1265 8
850 938 13
437 457 17
169 901 29
685 737 32
1063 1220 24
337 740 23
152 248 17
588 1151 1
464 1084 24
50 794 17
1230 1439 19
161 561 19
345 374 8
340 678 17
469 1141 8
249 1299 30
299 1300 10
1221 1401 1
449 567 23
588 970 1
38 849 25
295 1010 10
288 543 34
533 1146 34
447 568 0
1198 1496 23
1090 1296 8
572 1058 10
1071 1508 14
1061 1136 23
608 852 23
470 493 17
600 1095 1
47 260 27
389 693 17
222 766 10
109 730 12
753 1529 56
1017 1491 8
175 1462 8
490 892 10
366 892 19
198 931 39
668 1261 8
132 504 0
769 1136 8
771 1048 23
589 1222 0
79 1037 12
82 663 49
1223 1476 17
510 779 62
60 1161 23
217 499 10
294 324 2
500 809 8
608 927 21
396 615 38
47 973 10
449 1317 42
636 1283 23
1129 1463 1
1377 1465 5
479 1273 8
396 1171 38
299 727 10
827 911 12
767 1093 23
311 609 8
289 634 17
202 821 1
268 1007 8
161 742 11
797 1502 4
48 85 13
216 352 5
849 889 17
849 1046 1
167 383 17
548 1078 1
659 1198 23
338 1473 8
852 865 23
576 747 23
1141 1481 14
998 1050 32
464 1528 27
588 1211 1
744 1042 17
690 777 7
419 938 0
600 709 23
178 340 17
103 1407 17
845 1213 5
1067 1164 21
1203 1232 1
400 432 70
701 1333 5
235 433 17
1206 1554 39
457 654 17
572 1203 14
188 737 32
252 1206 39
233 1547 17
161 494 10
60 450 23
79 458 12
324 872 43
638 769 8
70 850 23
61 894 31
1449 1499 8
1186 1471 8
287 568 7
563 1549 34
1232 1271 1
855 1045 23
589 938 0
314 686 17
366 1386 19
1468 1492 5
1425 1552 1
68 907 4
654 1213 5
326 849 52
1473 1521 32
182 1496 23
198 566 23
275 572 10
401 1333 1
462 1393 83
1136 1536 1
543 1118 12
555 1228 30
520 543 34
490 582 10
100 1481 32
942 1095 17
129 282 52
217 742 10
272 806 17
245 630 58
401 1169 1
96 887 17
1448 1552 1
143 609 8
384 1037 12
161 441 8
366 1299 30
457 1420 17
271 870 1
253 468 5
709 767 23
962 1433 2
376 508 1
821 1228 1
843 1458 8
1133 1553 8
189 376 8
152 567 31
311 711 5
589 1061 23
850 1185 23
266 600 8
914 1039 5
1137 1420 14
1078 1350 5
602 615 38
152 1271 17
585 886 23
1227 1451 14
172 805 10
519 1023 11
511 775 17
572 1462 8
767 1223 17
766 899 17
133 563 34
644 1444 8
608 999 23
441 1282 14
339 619 10
745 931 32
555 615 10
337 1062 17
99 365 1
374 614 2
1216 1553 8
1322 1363 29
104 438 10
428 632 23
428 636 23
794 1449 8
249 1081 7
149 886 1
733 760 72
879 913 8
169 424 29
505 1492 40
185 1341 1
458 798 12
519 1376 5
108 1071 1
973 1439 19
409 914 8
322 1211 37
1466 1534 1
1386 1432 17
455 961 12
50 217 10
758 1419 8
224 863 10
72 198 10
340 809 34
12 767 0
782 850 34
36 519 11
1157 1159 51
604 933 53
925 1095 1
97 1259 1
188 615 24
1299 1397 30
429 914 1
322 1420 37
429 801 1
806 1261 17
314 801 10
457 869 17
104 678 17
455 773 12
730 1511 20
289 494 10
988 1407 17
385 1497 38
449 921 8
69 395 1
288 663 34
317 548 17
865 1473 23
437 1275 17
709 1489 1
168 1220 24
844 1113 21
447 1085 8
17 565 50
907 1409 23
770 901 29
865 1045 23
26 964 8
96 809 1
92 1261 17
92 1095 17
842 1492 5
95 390 10
13 668 0
160 508 1
614 1376 40
565 1232 1
118 695 85
490 1515 2
36 988 17
225 709 39
1061 1078 23
654 747 23
1035 1141 14
206 408 17
500 1288 1
1334 1347 51
922 938 0
206 988 17
242 338 1
589 876 23
185 272 17
760 1317 7
185 383 17
520 1268 34
922 1333 8
401 1494 1
842 865 23
376 1489 8
695 1473 8
494 1476 10
50 619 10
42 901 58
585 1350 42
319 1269 8
289 576 23
850 892 23
693 1007 8
580 1172 35
196 261 32
107 508 1
566 973 23
365 913 21
433 1476 17
133 631 50
59 964 21
209 374 34
9 726 13
719 789 54
172 555 31
12 736 13
470 1343 10
827 1325 40
78 614 15
236 892 62
161 865 8
167 1261 17
944 1529 56
608 925 23
511 555 17
511 548 17
383 488 17
889 1223 17
239 870 1
942 1211 1
180 1221 1
127 938 0
161 628 17
22 160 8
922 1307 8
9 1391 13
133 1489 34
614 765 0
701 1300 62
555 1288 1
812 890 8
559 1054 50
615 906 10
78 1540 8
843 1234 8
175 796 8
395 1133 1
385 1502 4
261 920 32
401 843 1
396 914 23
508 842 8
465 989 10
299 467 23
595 872 10
46 450 8
84 879 23
22 90 14
709 1564 8
15 1563 24
253 1512 2
775 1064 17
69 97 1
198 775 17
1216 1279 14
471 516 1
914 1133 23
432 960 70
311 602 23
15 688 34
971 1347 51
233 1541 7
564 1552 1
216 276 62
478 493 26
747 1515 49
97 108 1
157 268 35
167 1511 33
310 1275 8
876 1452 23
630 899 74
592 1084 24
1265 1483 8
931 1363 29
161 408 3
499 1444 8
688 719 34
730 767 10
906 1061 23
407 1464 1
80 1234 34
90 905 40
208 537 10
13 59 13
747 907 23
189 872 21
543 833 17
1035 1534 1
339 765 13
732 1007 8
172 479 31
359 785 24
585 1494 23
17 679 50
132 730 0
376 1459 1
512 732 2
176 1417 35
580 1118 0
99 970 1
109 1172 38
334 649 23
180 679 2
397 497 13
104 938 0
1090 1462 8
1180 1220 24
161 440 17
108 313 44
253 781 23
830 1238 8
400 962 70
20 294 34
925 942 1
567 1221 23
69 615 10
390 619 10
563 1135 1
368 1374 34
502 1512 13
614 927 53
476 1246 8
537 1049 10
70 1213 23
209 1234 34
429 516 1
743 765 13
1129 1534 1
833 1061 23
988 1432 17
328 734 8
846 938 13
230 679 2
802 932 2
1071 1077 14
6 1239 7
458 663 12
237 900 0
433 1168 31
104 1131 8
22 133 8
70 608 23
663 808 13
311 779 62
1261 1556 8
484 499 58
1054 1279 34
927 1409 23
566 914 23
428 991 33
1128 1496 21
608 654 23
876 999 23
185 401 1
295 1042 17
60 740 23
220 901 16
339 1529 56
778 1216 71
602 843 8
647 806 17
938 1214 0
495 801 4
165 499 10
22 663 12
674 1297 29
309 1220 24
732 870 1
231 508 1
342 720 73
588 1178 1
408 697 19
401 1456 1
589 1045 74
374 1017 8
131 634 17
311 709 23
198 1480 39
282 478 26
80 730 50
1269 1506 24
396 441 8
118 690 85
107 152 1
869 1042 17
744 964 17
627 703 30
137 1159 21
476 849 1
116 704 26
809 1118 34
365 769 28
563 1131 1
1141 1247 8
960 1397 20
711 1148 10
821 1169 1
81 368 11
352 709 23
568 726 12
450 567 23
432 1067 53
1016 1288 1
726 1502 4
905 1451 47
806 892 17
325 519 23
230 588 1
334 1471 8
390 407 10
152 572 17
85 566 0
734 1425 8
172 1510 33
172 1057 1
34 768 55
242 376 1
971 1172 6
469 617 2
554 848 17
647 863 10
736 1459 1
268 743 8
208 1186 37
681 1045 10
447 1061 0
299 444 16
373 1432 21
9 170 13
892 1512 2
455 502 12
51 608 21
81 710 40
1003 1281 23
225 808 0
189 1273 8
167 381 10
844 850 11
441 792 76
570 1220 24
921 1519 35
281 338 18
356 462 72
588 771 17
887 1420 17
216 437 5
141 821 1
553 711 10
9 765 13
319 1216 8
242 287 17
359 942 24
554 879 8
183 272 17
311 887 17
1216 1228 8
968 1178 29
142 242 17
538 789 54
157 563 1
289 1039 5
398 1054 21
589 1316 0
777 945 12
161 490 10
268 1004 35
310 639 8
1399 1464 78
808 1480 8
441 1261 8
711 932 53
1326 1409 8
56 843 8
635 1169 8
875 1447 18
821 1381 34
632 870 1
1158 1338 67
103 1300 48
842 921 8
765 1061 0
68 455 4
176 239 8
396 1131 8
805 1476 10
231 1042 17
93 672 17
932 1496 53
93 869 17
450 1217 14
1185 1547 23
9 343 0
1017 1483 8
493 1049 10
1282 1374 34
1152 1465 23
1169 1452 8
1471 1556 1
311 1238 90
9 1369 13
222 830 8
869 882 21
555 1448 17
104 1494 23
96 276 1
266 1050 32
334 437 23
298 334 18
775 883 17
854 1462 8
324 619 65
519 1009 23
508 1090 1
202 470 8
149 196 1
168 833 17
3 497 2
408 988 17
185 629 20
366 1319 40
630 1529 17
230 1216 8
233 1296 17
553 683 10
1203 1444 8
775 1420 17
1399 1491 14
1221 1540 14
180 1489 8
674 785 29
697 976 19
737 1483 32
253 1494 23
150 1133 23
142 1062 10
338 476 8
602 842 3
85 412 0
59 288 21
520 809 34
133 1148 17
208 971 2
309 334 17
923 1363 29
364 1209 29
644 646 17
236 495 82
48 505 10
720 1397 62
1425 1438 14
619 1153 50
396 1408 42
452 1443 2
396 1220 29
81 1419 8
493 1386 19
107 1288 1
675 1433 2
311 1007 8
57 800 17
646 1045 23
576 1457 8
701 961 42
70 589 23
280 1100 34
470 892 17
369 742 10
275 400 10
289 339 10
993 1222 13
400 1156 67
855 960 8
747 1496 23
369 802 28
765 1171 35
82 632 23
419 695 40
600 960 10
208 396 8
328 376 8
1462 1547 8
484 907 23
81 921 8
497 870 1
196 1008 39
690 1330 47
110 675 36
1148 1547 17
295 548 17
345 770 29
390 617 10
1399 1427 14
39 563 34
266 755 7
180 1135 8
457 1419 8
107 639 29
380 520 34
295 511 17
396 787 29
366 730 20
1216 1223 8
45 770 29
574 964 17
519 892 23
1444 1465 8
328 1141 14
879 1457 8
375 1226 40
17 907 23
134 242 1
580 1250 35
609 968 8
262 671 54
436 580 0
272 686 17
849 1042 17
272 437 11
1009 1039 5
676 678 10
287 805 10
122 530 17
295 589 17
408 1275 17
219 249 19
122 999 17
311 693 17
112 801 2
161 253 3
338 602 3
468 572 10
863 1158 67
1269 1423 8
548 1246 1
6 15 7
9 730 0
22 268 15
620 960 44
275 555 10
276 1397 19
127 346 7
673 942 1
507 676 9
1084 1281 24
219 711 20
62 998 8
469 576 8
499 632 23
103 548 17
225 709 39
842 1027 34
773 1396 38
297 989 17
537 554 17
143 763 3
310 1526 35
229 1419 1
125 361 82
309 407 2
325 1008 39
567 1547 17
970 1380 40
476 1141 8
13 1186 0
93 167 17
62 1220 24
510 676 20
59 794 21
629 733 35
566 1283 21
247 960 20
170 668 0
373 390 21
103 1476 17
704 1461 26
845 1547 23
554 830 8
108 1483 8
178 647 17
709 1489 1
348 747 18
170 412 0
408 897 58
337 604 21
1161 1213 5
248 1061 17
51 476 8
440 1058 10
72 626 10
801 960 87
310 1527 35
229 1457 1
9 324 0
278 719 7
476 644 8
938 1186 0
160 400 21
501 1326 8
338 1489 1
653 732 22
678 805 10
104 150 23
809 1146 34
627 631 10
253 765 0
490 646 10
118 161 34
608 742 21
766 906 17
376 1067 23
376 1064 23
322 782 10
647 1432 17
1178 1220 32
646 1271 17
56 531 29
559 839 10
47 523 27
376 833 23
22 734 8
977 1067 53
638 843 8
1080 1526 35
396 902 23
198 805 10
921 1216 8
104 944 5
112 180 2
654 711 5
85 271 0
92 167 17
212 1232 23
680 783 10
981 1502 4
100 292 32
104 208 10
437 631 10
276 708 17
430 674 29
855 1419 23
18 743 40
1049 1481 28
56 1228 32
812 855 23
22 1245 8
217 911 12
198 809 44
1046 1209 29
22 1466 14
628 1244 11
405 1216 8
676 769 28
543 1554 34
60 249 17
167 519 17
339 437 10
841 1039 5
1009 1283 23
324 566 53
371 738 41
185 1310 20
703 1268 34
124 848 10
340 694 62
589 1283 23
305 467 32
886 1141 8
736 1045 10
297 672 17
248 395 1
554 1115 17
865 1048 23
152 202 1
178 311 17
161 906 19
865 921 23
842 1211 8
654 1135 23
100 674 32
892 1353 19
131 1061 19
100 968 39
644 914 8
1271 1281 24
479 1407 17
1007 1140 1
182 944 10
291 703 12
239 704 26
471 931 29
730 1476 10
172 1039 5
54 233 17
1228 1540 8
120 933 2
278 1251 7
537 964 11
823 1351 51
766 1131 8
289 794 17
746 1300 19
942 1427 1
138 1220 32
1017 1133 8
1249 1541 7
262 1447 41
163 475 24
530 1547 33
100 1491 14
50 554 17
447 827 0
669 913 40
1226 1317 40
1103 1296 8
242 248 17
509 1303 12
809 1190 34
904 907 10
672 849 1
693 830 8
872 1481 28
339 672 10
1025 1100 34
1148 1386 19
490 1103 27
196 471 29
469 1463 1
288 656 21
85 932 0
132 188 24
742 963 21
321 401 1
289 765 0
808 1250 35
340 842 23
299 1093 23
450 1067 23
202 609 8
522 1350 42
343 765 2
7 9 2
608 812 23
1246 1448 1
196 620 32
660 923 54
180 1203 8
419 1496 53
635 659 21
217 736 27
660 681 2
801 896 8
1269 1556 8
565 663 30
894 981 4
220 373 21
475 1163 24
291 690 7
148 1206 39
375 1133 5
233 433 17
629 883 20
378 767 10
338 548 1
408 1043 10
266 447 44
553 732 10
60 206 17
960 1228 37
56 476 8
455 933 53
182 1534 23
834 865 8
104 654 23
841 1213 5
742 1244 11
450 520 8
118 808 44
1374 1515 34
892 989 17
656 1542 21
1017 1307 8
365 933 2
499 501 19
1061 1085 17
1035 1473 8
554 1300 17
886 1135 23
120 180 8
9 681 13
942 1490 78
844 1067 21
1090 1317 42
709 744 77
182 186 10
150 212 23
973 1148 19
555 999 33
626 1007 8
1137 1315 34
672 1147 31
188 334 18
361 458 4
275 1476 10
142 630 17
405 668 64
383 883 17
352 1067 23
51 850 21
295 1481 21
311 879 23
248 989 17
376 902 23
383 794 17
408 568 5
26 1008 39
385 1172 38
295 510 17
196 1203 14
711 782 10
709 870 1
794 1141 8
471 668 29
464 559 10
157 1080 35
75 471 20
424 812 8
381 457 10
841 1452 23
314 1048 23
19 615 38
1290 1459 14
80 478 26
600 1017 8
433 1350 42
132 271 0
869 1223 17
50 767 17
4 132 0
998 1462 8
359 1528 6
288 314 8
1203 1211 8
795 867 27
862 902 31
220 1049 21
160 1203 8
609 1120 8
1239 1269 14
206 850 17
237 343 0
39 663 34
753 841 17
48 844 10
15 345 24
922 1222 0
548 850 17
580 1433 13
99 899 17
180 988 10
206 942 17
237 398 0
493 765 13
707 896 29
180 1007 1
50 493 17
449 561 62
6 1333 7
206 631 10
753 1271 24
460 1554 34
563 923 54
588 680 17
654 1043 10
656 1067 21
701 850 5
125 359 56
180 901 10
781 1427 23
442 1223 17
278 549 26
47 92 67
359 984 24
504 580 2
180 834 10
414 767 10
543 1545 14
79 742 10
922 1269 24
499 833 23
1003 1529 23
743 1269 24
374 490 2
852 1045 23
1459 1464 1
1009 1220 32
512 1259 34
663 960 2
631 1443 53
46 580 13
548 1103 1
178 1271 17
161 588 1
988 1481 17
1386 1511 19
79 798 64
216 1419 37
287 678 17
93 960 10
280 782 34
447 703 13
436 497 0
588 801 1
595 646 17
727 796 8
167 1510 33
629 971 6
467 620 32
364 1294 29
196 425 32
455 845 5
198 765 0
508 1432 21
208 493 10
272 369 17
94 1317 7
900 938 0
26 471 29
80 1564 8
22 1271 24
334 1152 23
130 1303 12
808 1316 13
684 796 8
182 272 10
311 1420 17
973 1407 17
795 1549 34
1238 1448 1
429 1247 1
479 767 17
455 956 4
108 338 22
237 1505 0
395 1111 1
206 964 17
1213 1269 32
295 882 10
850 879 23
809 1088 85
921 1423 8
141 1444 8
368 533 34
172 747 23
314 493 3
770 1481 32
436 763 8
787 1281 24
11 322 0
116 1362 13
110 1018 55
457 1153 17
927 1232 23
800 1249 19
185 476 8
537 1090 17
604 1185 23
1178 1273 8
572 1017 8
305 1239 32
769 1465 8
407 834 10
337 1064 23
314 930 0
646 842 23
54 1115 17
70 1007 8
567 999 23
441 476 8
576 1118 8
627 988 17
338 376 14
148 744 77
268 1526 35
734 902 23
938 1022 0
1333 1496 23
314 678 17
311 545 10
92 383 17
887 1084 24
1178 1552 1
564 1350 42
639 809 8
198 1299 30
614 615 10
4 567 23
289 711 5
428 449 8
475 1449 24
636 1216 8
711 956 4
0 782 34
1280 1397 19
48 1310 35
185 489 17
338 1050 32
95 1481 10
925 1489 1
467 927 23
93 384 10
305 1269 24
13 857 13
493 1296 8
548 678 1
766 1462 8
1288 1427 1
224 378 10
730 1380 55
89 654 2
149 892 40
46 678 17
224 1536 17
1095 1126 1
122 167 17
62 580 8
925 1554 34
833 1504 38
767 850 23
152 160 1
1222 1326 14
727 901 10
280 1084 24
639 1463 1
581 659 21
283 295 17
390 493 11
180 869 8
79 938 0
812 1283 23
120 565 2
777 1118 12
676 1515 2
167 1319 40
127 959 36
170 289 0
401 1427 1
262 971 54
1447 1527 38
109 695 63
1439 1462 14
131 1409 7
168 906 34
1003 1216 7
1148 1271 17
54 464 10
781 1133 23
654 1511 19
161 477 10
133 1137 34
96 1246 1
46 1157 51
280 688 34
338 1463 1
450 1203 8
15 1180 24
340 812 23
363 850 34
69 564 16
103 757 62
48 678 10
137 781 8
942 1476 1
433 1408 42
668 1448 8
142 213 20
537 1420 11
305 562 7
233 369 17
253 872 10
359 1395 7
660 1118 12
508 734 8
369 548 17
149 407 1
322 614 43
646 1376 5
337 794 11
261 1561 66
566 646 23
150 855 23
678 681 10
499 932 5
493 1230 19
272 766 17
259 1464 1
907 1228 37
921 1330 8
843 1103 8
97 1494 1
249 295 17
510 1230 19
180 198 10
468 555 10
1333 1494 23
311 1251 10
734 1035 8
72 1545 14
1465 1536 1
138 787 32
309 1136 34
927 1003 23
22 847 12
96 1271 17
876 1433 13
4 334 23
148 747 18
906 1326 8
314 1325 5
914 1216 8
1126 1473 8
646 1420 17
72 1175 16
708 1295 17
268 847 15
325 661 29
445 869 40
233 501 19
900 1316 2
231 233 17
84 253 23
457 619 10
787 875 32
278 600 7
1078 1131 8
675 833 69
92 516 17
821 1234 34
319 1007 8
1 971 34
604 1468 23
266 508 8
326 1138 52
901 1440 17
206 989 17
196 1016 32
337 408 3
646 862 17
1457 1480 8
22 1120 14
305 1016 32
663 1268 34
319 1409 1
896 1206 39
796 1401 8
142 428 8
769 914 8
1448 1545 1
938 1552 0
1042 1476 17
653 1103 14
1064 1529 23
324 361 4
433 484 17
253 604 23
548 1140 1
401 1136 1
25 1540 8
339 1111 10
168 1037 12
167 802 10
548 1048 1
554 654 17
299 1376 5
56 1294 29
208 767 10
756 872 37
97 149 1
589 1476 17
697 1048 23
84 390 21
22 338 14
328 1296 8
17 288 50
22 1279 14
782 1554 34
646 767 17
25 208 37
647 988 17
281 1063 8
499 902 23
899 1064 17
1140 1534 1
1045 1529 23
582 727 17
345 968 29
437 609 8
396 925 23
1259 1279 34
216 850 5
437 1494 23
224 499 17
120 389 1
1010 1111 10
1061 1095 17
808 1391 13
654 1480 8
855 1141 8
163 906 17
272 1261 17
589 1280 19
615 732 10
222 297 10
913 1444 8
345 1234 29
555 1211 8
1148 1420 17
126 974 34
867 1300 10
9 59 13
437 669 11
1131 1419 8
424 1385 71
332 733 72
82 604 23
734 1234 8
843 1427 14
813 1527 35
645 954 4
230 1409 1
373 930 13
96 555 17
1163 1362 13
180 701 37
80 310 8
51 1188 6
60 224 17
198 737 39
289 595 17
1169 1547 8
9 324 0
609 1131 8
104 1409 23
667 1466 14
1363 1464 1
841 1003 23
600 1427 23
130 543 30
602 1464 1
462 1014 72
468 719 2
1137 1282 34
253 339 10
555 867 10
374 1232 1
180 636 8
896 1213 32
475 653 24
222 946 12
475 627 24
497 753 13
259 796 8
389 1407 17
470 602 23
1457 1540 8
788 1452 14
1071 1228 32
176 455 15
1035 1540 8
324 933 53
329 765 13
222 882 87
409 1084 24
288 703 34
1333 1427 23
516 668 8
120 602 3
282 769 8
9 1447 13
1141 1261 8
54 805 10
478 736 26
972 1443 62
709 1064 23
800 999 19
771 872 10
188 464 24
106 464 10
4 172 23
309 876 49
737 1420 14
753 842 34
578 697 33
490 559 10
109 828 7
180 364 8
396 1003 23
1054 1150 21
703 794 34
693 850 17
684 1220 1
690 1238 1
879 1247 8
106 644 40
744 1468 17
600 1277 8
1093 1529 23
118 363 34
92 272 17
730 956 4
287 488 17
1232 1423 1
167 317 17
134 271 36
80 672 17
930 1185 0
130 602 12
428 1049 8
555 686 17
405 769 8
615 787 24
777 1351 51
1061 1547 23
45 1508 14
185 275 10
159 266 7
744 1115 17
444 1054 21
604 1433 2
444 537 21
876 1185 23
209 914 34
589 1024 62
608 649 23
781 1468 17
709 1007 1
775 1090 17
13 397 13
283 775 17
125 830 8
47 675 2
310 764 35
0 374 34
340 1407 17
519 566 23
730 872 43
334 1071 8
359 1420 14
22 1471 8
511 887 17
196 709 32
1269 1400 24
1063 1462 1
690 1134 7
180 1471 8
1067 1296 8
15 149 40
808 994 13
1084 1127 24
376 1547 8
253 627 17
161 672 17
97 531 1
892 1253 42
361 1338 31
469 1536 1
693 1540 8
1326 1481 14
647 708 17
231 1407 17
150 1481 5
902 1281 23
850 865 23
852 876 23
337 635 21
47 753 2
359 1103 24
1151 1269 8
311 493 8
433 499 17
1062 1161 23
103 340 19
477 1131 8
1447 1459 14
282 337 23
383 508 1
337 964 11
84 865 23
497 576 8
241 359 41
508 1035 1
660 675 30
152 429 1
609 801 8
740 771 23
470 886 23
502 930 0
1064 1534 23
249 634 17
216 1220 24
163 437 17
428 1198 23
548 1443 1
303 1317 7
815 1347 51
462 1206 39
740 1050 32
559 1172 55
576 588 1
1214 1433 2
991 1009 38
124 314 10
579 1222 2
942 1540 22
62 1035 8
758 1141 8
638 1564 8
499 555 17
182 1062 10
589 964 17
499 1078 23
813 1004 35
237 750 0
447 1163 13
519 644 11
468 1362 0
449 972 73
138 1306 40
378 568 10
176 730 15
1483 1536 8
46 468 50
564 1129 1
62 1290 8
636 1451 14
493 1136 23
768 944 55
508 1103 1
841 1483 18
889 956 4
670 1113 21
54 830 17
781 1465 23
289 902 23
1420 1448 14
821 1086 1
896 1444 8
813 957 15
921 1471 8
428 1253 42
1077 1376 5
1135 1169 8
1459 1463 1
118 328 44
80 548 17
432 738 56
288 753 34
564 1049 10
188 309 24
239 743 13
1100 1547 20
237 841 13
212 1529 11
271 994 16
470 1547 17
189 208 21
74 1063 8
998 1222 0
220 938 0
170 602 0
628 1275 17
436 1433 2
198 465 10
335 882 67
84 299 70
470 619 10
225 942 1
460 1137 34
12 675 0
383 897 45
920 1220 32
521 704 26
653 765 0
1132 1230 62
185 317 8
74 1554 34
414 944 10
13 225 0
554 634 17
107 397 29
580 1035 0
1300 1343 10
617 680 10
855 1494 23
519 842 23
291 947 12
440 554 17
359 594 26
161 596 8
646 1325 5
436 548 1
890 1462 8
152 636 1
237 405 0
1064 1211 23
795 1100 34
142 802 10
324 1061 5
809 812 44
746 1090 19
424 843 8
89 220 2
1203 1320 14
847 946 12
1125 1273 8
84 921 23
345 1363 29
289 574 17
99 933 1
1259 1554 34
559 1126 55
294 736 2
82 1394 38
180 287 8
322 970 37
878 927 70
430 1271 24
81 445 40
322 971 2
589 746 19
855 1137 14
437 988 17
1103 1232 1
130 294 30
163 654 17
709 875 32
150 1529 23
736 938 13
25 869 8
922 1220 24
627 889 17
419 608 53
134 1222 0
369 626 10
1009 1317 42
292 1232 22
690 946 7
670 877 17
1238 1491 1
457 854 17
383 1295 17
746 848 19
1146 1253 42
230 1129 1
1088 1439 14
90 1234 29
79 892 10
337 566 21
311 736 10
627 942 17
82 1031 6
70 578 23
1045 1227 8
396 566 23
679 1303 12
93 180 10
1131 1438 14
309 809 34
126 1146 34
213 1007 8
709 1326 14
77 275 2
954 1147 4
289 564 17
305 788 40
566 747 23
133 457 17
291 955 4
311 694 62
794 993 21
572 711 10
1232 1508 1
9 1316 13
493 1042 17
483 809 34
125 675 53
74 849 8
188 1234 24
470 608 23
109 483 7
321 508 1
253 701 62
471 475 24
321 359 24
97 1100 8
72 889 10
450 1452 23
106 801 10
923 1009 40
1141 1549 8
60 150 23
97 695 1
196 305 32
78 1369 35
497 846 13
324 385 12
56 96 1
1095 1449 1
1301 1316 13
235 530 19
120 545 10
742 767 17
51 253 58
1016 1483 32
196 1239 29
468 830 10
565 904 34
84 1465 23
595 830 17
1062 1152 23
395 769 1
219 457 17
742 1159 21
231 1476 17
914 1376 5
384 512 2
1090 1300 19
235 628 17
208 697 10
22 1217 14
309 703 30
224 283 17
120 843 8
914 1211 23
289 438 10
1093 1465 23
338 849 22
334 719 17
70 1078 23
110 1095 1
1290 1480 8
511 844 17
478 1071 26
568 927 53
184 1473 8
266 949 7
9 1355 51
109 1269 24
282 1283 23
247 767 19
428 649 23
242 1211 1
537 869 17
516 869 17
385 478 26
842 1444 8
62 1471 8
118 1381 34
196 1178 29
566 865 23
964 1343 10
1137 1221 14
222 921 8
610 1131 8
428 1023 8
501 1230 19
220 400 21
511 564 17
1060 1399 14
407 753 2
907 921 23
1153 1295 17
99 766 1
1232 1376 5
608 1045 23
1004 1080 35
0 363 34
96 464 10
241 733 72
249 1095 17
266 590 32
180 1265 3
679 1234 34
222 1401 1
345 1419 8
470 914 23
636 1093 23
609 1227 8
139 281 18
92 511 17
120 1129 1
1427 1452 23
92 288 45
198 1513 39
475 726 24
305 1228 32
428 1397 33
50 311 17
1046 1206 39
48 1528 27
972 1213 28
401 830 8
1246 1464 1
930 963 0
325 707 29
294 1271 24
561 1085 17
646 1283 23
289 295 17
1120 1403 14
314 602 23
1050 1554 34
9 925 13
933 1316 0
70 585 23
914 1401 1
60 1480 8
501 849 17
537 545 10
12 86 0
180 289 10
260 464 27
475 1022 24
365 1213 28
1131 1483 8
548 1259 1
334 1221 23
82 636 23
46 409 8
594 1477 26
684 1458 8
801 1045 10
309 1007 12
1332 1477 38
808 1135 0
209 615 10
59 1067 21
168 1129 8
142 366 33
614 911 12
183 1045 17
337 617 10
22 1449 8
604 747 23
160 1205 51
734 1333 8
165 198 10
390 944 10
11 878 0
167 324 10
1445 1508 14
602 679 12
390 668 29
408 972 42
679 789 54
988 1131 8
248 1007 8
668 1443 64
85 1222 13
701 865 5
249 1042 17
51 1171 35
572 887 17
54 615 10
1221 1463 1
827 927 53
338 576 8
942 1449 1
48 1362 13
168 1232 1
272 288 11
849 1273 1
70 170 41
107 1419 8
234 1100 34
287 615 10
108 1465 22
196 1220 32
627 727 10
385 1332 38
324 455 53
314 1136 23
60 906 42
479 1238 1
180 1129 8
564 821 1
20 1007 34
1061 1512 2
17 150 23
531 852 32
561 654 48
231 1129 1
224 1115 17
338 1447 18
116 1293 52
589 1511 19
855 1473 23
1133 1172 35
850 1374 34
92 883 17
96 428 8
566 767 23
248 1449 8
501 854 17
131 589 19
1409 1473 23
959 1459 1
80 500 8
262 1005 41
183 1300 17
328 609 8
280 794 34
999 1141 8
106 899 17
305 879 20
1247 1473 8
834 899 8
634 1409 1
1406 1465 14
467 632 23
184 576 8
90 1232 22
180 892 8
249 548 17
137 1480 8
260 1231 25
278 839 7
709 1536 1
45 1290 14
508 1203 8
324 366 20
137 276 21
275 844 10
842 1216 8
440 1536 17
727 892 10
266 1296 8
118 782 34
132 973 0
469 916 8
742 1496 21
434 1447 38
314 1547 17
294 1473 8
766 1269 8
322 419 2
340 1271 17
378 419 2
241 1347 51
150 1281 23
675 1540 8
740 972 62
103 960 20
787 1565 24
92 766 17
233 537 17
337 867 10
709 1103 14
600 1444 8
253 278 26
457 734 8
588 1536 17
129 165 52
289 767 19
1338 1420 37
460 533 34
494 501 86
1169 1463 1
338 830 14
684 1221 8
998 1534 1
294 499 8
359 843 24
626 1045 17
629 1239 29
365 672 10
596 1547 8
150 734 23
436 609 8
1261 1473 8
782 1259 34
123 462 72
96 1307 1
755 1317 7
242 615 10
1129 1239 29
554 1153 17
213 1228 37
646 1492 5
9 808 13
282 1161 23
152 442 17
133 608 21
220 561 21
559 1295 10
334 844 18
1061 1464 1
74 904 34
679 904 34
80 352 23
783 1157 51
672 708 17
167 628 31
563 925 1
862 1223 17
94 1220 24
490 830 10
701 1062 5
602 847 12
297 369 17
833 1077 23
70 852 23
476 572 8
476 1085 8
337 608 21
892 1232 1
747 938 13
855 1547 23
208 272 10
1271 1506 24
1054 1271 24
620 744 77
921 1472 8
1351 1443 7
322 753 2
196 1552 1
499 1271 17
663 773 30
75 337 19
352 600 23
710 1113 21
46 1547 8
602 927 23
1135 1277 8
50 730 10
672 1153 17
646 1281 23
498 894 82
727 1017 8
425 740 41
253 390 17
806 1148 17
69 1265 8
447 679 13
97 1046 1
74 1250 35
176 602 3
122 964 17
60 877 31
538 671 4
141 1552 1
17 329 50
938 1300 0
126 278 7
118 906 34
132 499 0
744 1064 17
170 1035 0
131 1386 19
783 1300 10
54 104 17
863 1045 10
222 224 10
133 502 23
574 883 17
366 1049 20
376 667 14
508 1474 22
922 1462 8
281 1433 13
484 1010 10
1258 1474 14
680 899 17
248 490 10
319 1095 1
314 883 17
294 998 12
530 862 33
1300 1408 42
570 626 17
849 875 1
636 855 23
163 253 17
297 537 17
493 766 17
1273 1448 8
1048 1403 8
1244 1300 11
412 808 0
125 1540 8
921 927 23
46 1133 8
707 1297 29
475 545 24
317 1271 17
125 942 1
1137 1169 8
787 1206 39
239 1172 35
85 337 13
137 906 23
80 108 17
408 516 17
9 1522 13
6 592 7
938 1515 13
493 1438 23
180 507 8
447 1129 8
303 671 12
365 989 10
324 468 65
275 630 10
576 732 8
45 905 40
390 566 21
601 629 35
490 505 10
889 1166 21
99 369 17
118 559 85
152 511 17
1211 1333 23
609 1061 8
555 862 31
91 646 31
499 964 17
899 954 4
475 1465 24
920 1481 32
963 1113 21
653 1288 1
364 1213 32
338 508 1
654 802 10
396 1293 52
85 795 13
100 348 32
609 1078 8
220 1222 0
457 537 17
833 850 23
180 395 1
375 1281 5
141 1007 1
85 1362 13
249 701 62
231 914 8
15 1425 24
455 468 53
636 746 41
161 1035 9
253 698 19
765 1391 13
902 1547 23
779 1397 62
507 863 9
753 876 17
12 586 0
1016 1552 1
133 1427 23
168 325 54
777 1080 15
1131 1221 8
408 686 17
433 1058 10
311 317 8
253 775 17
275 337 10
777 1074 12
36 1153 11
368 710 11
122 1146 45
1415 1473 8
133 1077 23
185 838 17
104 242 17
130 923 54
467 1466 14
269 964 66
493 519 11
619 1062 10
588 1169 1
808 876 13
567 1376 5
972 981 4
499 1408 42
1406 1552 1
493 1299 30
340 452 10
132 892 0
680 844 21
235 694 62
690 1128 1
428 801 10
108 237 0
442 678 17
100 597 39
22 675 3
1247 1273 8
769 1277 8
478 719 26
559 1048 5
89 742 2
1238 1409 8
1093 1198 23
767 1407 17
334 629 38
808 1222 13
408 1496 23
580 581 0
289 1161 23
167 369 10
225 1141 14
60 806 17
930 1447 13
79 822 64
630 683 10
564 615 10
198 834 8
452 512 2
120 400 87
185 501 17
582 892 17
9 566 0
222 1293 10
152 561 17
434 1466 7
396 1499 8
684 1191 8
805 904 10
710 1007 8
242 407 1
9 805 0
251 368 42
685 875 32
582 1536 17
543 813 35
458 954 4
405 787 32
309 512 30
493 1054 11
709 833 23
396 1061 23
499 901 17
149 998 1
338 471 29
614 659 53
170 911 54
769 968 8
781 1009 23
899 1271 17
855 1161 23
897 1220 24
80 287 17
99 407 1
596 993 8
126 1369 34
141 1512 2
519 1449 8
744 1529 17
499 1536 17
469 1464 1
400 619 43
376 1462 1
338 922 8
225 1473 8
433 686 17
668 1554 8
340 1440 17
543 1443 30
962 1113 21
337 479 17
740 747 23
634 899 17
46 273 8
395 1341 1
1300 1547 17
425 661 41
570 1063 8
295 564 17
92 1448 17
108 497 0
580 619 0
228 679 30
374 867 2
208 1295 10
475 1063 24
364 1449 8
801 1540 8
1433 1505 0
1061 1397 19
208 732 87
80 216 5
564 1511 33
188 925 24
22 991 38
484 1261 17
322 1156 67
79 1203 8
870 1464 1
709 865 23
107 1351 51
376 478 26
196 1420 14
670 672 17
280 773 30
12 589 0
845 1409 23
124 795 27
708 1153 45
766 1232 1
208 449 37
314 744 17
597 1394 38
942 1363 1
879 1471 8
766 1288 1
1054 1157 51
609 1118 1
396 467 23
224 614 10
1251 1481 10
907 1496 23
359 531 32
475 1071 24
767 1133 23
942 1329 1
381 730 10
708 899 17
783 1481 21
673 733 7
125 878 70
566 742 21
747 1048 23
432 1323 46
437 1300 17
12 1067 0
329 849 1
396 639 29
379 476 35
229 1178 1
1009 1438 23
499 1473 23
46 519 11
334 1445 69
508 942 8
305 852 32
369 830 10
728 1230 62
848 999 19
447 565 13
149 1416 1
529 600 10
288 373 21
79 1080 15
79 324 65
508 1296 1
299 340 23
289 1397 19
914 1017 8
81 1133 8
185 846 10
108 809 1
233 1045 17
338 747 18
568 1348 51
440 800 17
396 961 42
602 1129 1
572 1420 17
79 93 10
634 1128 1
268 850 8
730 1443 53
597 990 38
9 59 13
794 1129 1
766 1261 17
589 1261 17
740 1438 23
408 865 23
1172 1466 7
371 777 12
419 1095 1
648 1338 10
830 862 17
99 321 1
15 563 34
672 1169 8
922 1090 8
276 850 11
62 632 23
180 1261 8
450 942 1
942 1451 22
56 80 8
365 1238 8
345 931 29
1325 1438 5
585 927 23
911 944 12
278 614 26
298 340 10
630 676 10
9 1394 13
188 709 32
72 100 14
1320 1410 14
1192 1220 32
317 390 11
543 870 1
371 981 12
438 892 10
47 615 27
77 566 21
438 470 10
46 1409 8
508 1289 1
458 956 4
126 1259 34
395 1351 51
437 708 17
149 1288 40
314 1261 17
802 906 10
447 579 0
467 1135 23
322 767 10
132 794 13
475 596 24
180 309 2
96 708 17
653 1271 24
548 627 17
1103 1461 14
163 850 17
75 564 33
938 1316 13
631 1305 12
852 1061 23
198 242 17
183 1529 17
79 497 0
383 1540 8
180 209 10
287 738 9
278 808 26
345 396 29
276 576 23
121 1513 12
889 1449 8
634 1064 17
161 369 2
471 1271 24
141 1464 1
374 1271 24
253 452 10
107 1239 29
608 882 70
342 419 62
135 1413 7
82 1393 38
133 555 11
1178 1481 32
401 1547 1
152 499 17
537 566 21
1152 1213 5
1406 1463 1
278 695 26
107 617 52
9 1512 13
150 449 5
82 879 23
104 855 23
892 976 19
142 872 10
968 1333 8
889 973 17
614 703 2
9 1505 0
703 1118 12
565 675 30
189 1462 8
62 225 8
1374 1480 34
283 494 10
737 1133 32
467 914 23
457 1295 17
143 1088 8
206 567 31
827 1496 53
921 1227 8
310 914 35
9 580 13
321 849 1
845 865 23
555 1078 17
408 1146 42
311 686 17
363 842 34
855 1211 23
787 1007 24
879 1118 1
62 484 23
97 401 1
636 852 23
745 876 18
588 1009 45
266 823 7
781 1078 23
224 414 10
143 1273 8
56 1269 24
580 879 44
475 1457 24
506 872 67
531 1008 39
921 1045 23
809 1232 1
182 855 23
507 576 8
70 1037 5
697 1432 17
977 1273 8
782 1251 10
548 1508 1
183 337 17
276 499 19
92 892 17
363 368 34
231 441 8
328 1271 24
854 876 18
1535 1556 14
971 1100 34
767 806 17
679 961 12
1101 1394 38
322 701 37
54 208 10
1071 1480 8
384 850 50
168 239 13
85 500 8
999 1230 19
516 647 17
467 842 23
872 892 10
709 1425 14
120 600 10
484 747 23
916 1458 8
169 1351 51
314 999 23
165 600 10
133 1269 8
1009 1221 23
340 806 17
198 867 10
249 744 17
769 1333 8
630 944 10
763 1088 8
375 419 53
79 970 53
400 782 10
468 771 10
882 964 10
61 506 67
676 801 87
471 1084 24
234 1417 34
703 789 54
444 964 21
563 758 1
743 1480 8
266 1473 32
148 266 32
291 1304 12
545 727 10
1277 1521 32
511 1249 19
629 744 29
247 676 20
161 283 17
148 674 32
104 806 17
72 444 16
46 233 17
627 1090 17
15 346 24
322 663 2
906 1449 8
249 1529 17
242 1178 1
15 440 24
843 1448 8
262 601 41
709 852 23
364 592 32
131 862 17
133 1078 23
477 680 10
429 896 1
157 1221 1
80 511 17
239 900 0
77 170 41
317 589 8
84 933 53
161 744 17
608 1333 23
22 999 8
744 747 29
231 921 8
794 1547 17
112 773 38
335 365 67
1146 1463 1
85 579 0
188 409 24
475 1271 24
568 704 26
104 1141 8
930 1184 0
409 1362 13
48 93 10
127 132 0
150 299 23
740 1481 23
131 389 17
516 1271 24
229 1078 1
18 679 12
398 608 21
615 1528 27
92 501 17
999 1444 8
559 1397 20
400 507 9
1016 1443 32
1304 1335 12
57 854 17
408 564 17
432 582 45
1464 1491 22
437 572 17
737 1211 32
297 322 10
594 1554 26
428 944 10
180 419 2
80 1185 23
219 728 62
150 1009 23
619 742 10
46 268 8
180 753 2
133 283 17
537 963 21
17 294 50
363 1522 34
447 571 13
1148 1397 19
734 1443 8
26 968 29
419 668 64
437 450 23
576 1549 8
566 850 23
1151 1273 8
604 993 21
672 1420 17
209 863 10
247 311 19
1333 1444 8
80 1146 11
923 1007 54
398 1481 21
582 1042 17
444 927 21
182 314 23
167 578 33
1341 1433 2
275 289 10
161 830 11
224 877 17
499 502 23
1049 1238 8
970 1118 3
56 395 1
295 297 17
649 842 23
636 906 8
1061 1353 19
814 1316 2
234 1054 34
231 1419 8
143 1216 8
363 821 34
1271 1547 17
554 1286 17
48 1172 35
170 1362 13
588 942 1
237 263 0
1045 1048 23
462 952 72
222 508 1
229 594 26
1221 1289 1
337 848 19
883 1310 20
198 248 17
493 501 19
732 1449 8
1133 1552 1
60 1564 8
437 1296 17
452 545 27
96 964 17
376 419 8
519 1093 23
428 808 13
54 432 45
259 1294 29
501 1397 19
137 876 23
93 889 17
248 1499 8
381 964 10
230 660 2
1 1549 34
17 632 23
578 1152 23
711 1512 2
266 901 29
1141 1320 14
497 602 0
497 589 0
782 1010 10
50 595 17
1050 1366 60
429 1427 1
1100 1153 34
375 636 5
157 1473 8
447 576 8
93 727 17
288 468 50
1216 1269 14
444 1244 21
276 1473 8
46 709 8
452 1362 13
905 923 40
1307 1564 8
494 615 10
824 1419 8
998 1499 14
537 1448 17
309 400 2
380 809 34
0 653 34
1232 1447 22
830 1277 8
850 1198 23
1420 1438 14
97 1111 1
419 894 4
855 1400 37
208 869 21
152 988 17
549 1513 12
588 1545 1
1017 1300 8
781 1077 23
299 1090 10
198 1319 40
502 1433 13
198 865 23
516 693 17
596 1220 24
609 1135 8
262 1074 54
305 905 40
479 1419 8
1071 1326 14
555 574 17
299 450 23
90 629 29
845 957 5
548 634 1
137 1452 23
787 1133 32
564 1502 10
46 813 8
478 520 26
237 1022 0
75 628 33
288 396 8
12 124 13
690 1239 77
137 226 21
16 363 34
931 1253 42
428 608 23
1217 1290 14
914 1247 8
108 209 1
69 614 10
217 400 43
489 495 4
437 1377 5
1220 1554 32
850 1078 23
1085 1468 17
280 288 34
944 1067 53
673 1536 1
457 730 10
152 849 17
1129 1563 1
614 882 43
1220 1521 32
259 788 29
678 1552 1
107 513 52
198 743 8
572 854 17
17 841 23
143 1564 8
458 953 4
262 755 41
654 852 23
695 1545 8
233 1095 17
407 495 4
475 834 24
543 719 30
802 1246 10
730 850 50
477 479 10
646 925 23
646 1147 31
345 1294 29
585 1061 23
1024 1388 62
161 678 17
991 1007 38
901 931 29
600 964 10
1273 1554 8
322 1335 67
693 1473 8
482 1279 34
414 589 10
236 630 62
233 647 19
512 1050 34
108 1422 78
1228 1419 32
849 1211 1
1153 1515 34
157 588 1
69 142 16
685 833 18
441 470 8
734 914 8
508 732 1
833 1222 13
126 904 34
217 565 2
161 1213 5
99 1261 1
219 746 19
341 590 32
675 1296 8
1148 1153 17
938 1505 0
455 495 4
15 1281 24
322 361 31
1061 1261 17
379 1323 46
289 311 23
1071 1465 14
914 1307 8
653 1425 14
846 964 2
1136 1458 14
100 266 32
1054 1244 11
595 1095 17
160 208 21
324 499 5
80 508 8
206 906 17
847 956 4
781 1286 52
219 676 20
289 604 23
1275 1476 17
674 737 39
709 1536 1
230 565 2
488 1024 62
836 1255 28
796 916 8
188 674 32
12 324 0
281 512 17
1125 1131 8
1265 1307 8
104 283 17
340 1232 23
632 922 8
369 497 13
490 719 2
131 163 17
1007 1471 1
69 1203 8
437 1232 23
103 442 17
334 1137 8
276 384 10
468 767 10
993 1480 8
601 764 35
217 672 10
231 442 17
222 727 10
120 209 10
92 93 17
634 1153 45
224 1010 10
566 709 23
890 1269 8
89 311 2
395 693 1
74 126 34
484 904 10
1137 1146 34
118 755 34
424 1534 1
590 1366 60
149 321 1
433 834 42
649 973 23
198 1275 17
510 757 62
99 925 1
229 1247 1
9 1222 13
545 766 10
337 967 21
107 594 26
646 1085 17
9 1035 0
1142 1281 14
407 1401 1
1050 1220 32
4 1093 23
13 545 13
519 970 28
172 676 10
1035 1480 8
615 801 10
208 340 10
1 294 34
219 1261 17
46 337 8
675 1462 8
709 1463 1
225 821 1
942 1468 17
1211 1377 5
182 378 10
897 1408 42
108 317 17
1209 1508 14
806 1468 17
7 930 2
287 767 17
1084 1483 24
631 764 64
850 1095 45
170 1552 0
287 631 10
769 1232 1
570 1295 66
189 843 8
178 249 17
942 1148 17
619 947 64
703 765 13
325 1513 54
775 887 17
217 1037 12
468 679 2
170 217 41
812 907 23
632 921 23
172 297 17
1363 1458 8
46 104 8
13 523 13
419 1512 2
291 951 12
902 954 4
571 1299 6
812 1496 23
1111 1128 1
990 1206 38
767 1230 19
588 1234 1
879 1553 8
182 1067 23
497 993 13
668 1275 8
548 1268 1
537 1283 21
813 1458 8
830 1268 8
395 1347 51
196 1103 14
554 1255 17
314 994 58
566 960 70
142 628 31
338 1425 14
180 1307 8
668 1363 29
80 467 23
647 1547 17
744 878 5
1269 1563 8
810 1499 8
1131 1265 8
13 589 0
216 340 62
564 961 42
280 533 34
672 1407 17
99 1491 1
686 1115 17
913 1333 8
555 821 1
678 1148 17
1035 1239 77
830 1408 42
843 1417 8
440 1090 17
432 554 45
253 1238 8
276 585 23
291 813 15
554 1296 17
1232 1234 1
364 788 29
494 582 10
767 1275 17
734 1220 24
844 988 17
1137 1190 34
196 564 8
561 989 17
46 217 50
636 1466 14
555 648 10
129 282 52
82 1064 23
311 1067 23
766 1216 8
1140 1444 8
615 971 2
47 1369 2
9 615 13
537 678 17
833 1333 23
490 619 10
630 1317 42
9 220 0
548 1451 1
961 1244 42
13 808 13
686 1440 17
890 1564 8
81 632 11
12 1222 13
1409 1540 1
226 927 21
13 1022 0
1018 1163 55
4 701 5
973 1275 17
833 1409 23
77 993 21
855 1039 5
222 1269 8
477 1481 10
1211 1448 8
170 405 0
143 879 8
248 1153 17
107 494 52
1141 1240 14
309 559 2
1131 1288 1
356 478 26
922 1277 8
543 1317 40
433 856 59
400 647 10
782 1481 10
709 1048 23
959 978 7
561 572 17
635 1010 52
775 1146 45
324 563 2
46 1545 8
311 400 10
511 1536 17
408 1058 10
626 1288 1
253 578 33
576 1341 7
338 870 22
879 977 8
131 883 17
635 1113 21
368 493 8
56 629 29
990 1447 38
1063 1326 8
879 921 23
282 1045 23
675 1480 8
458 951 12
364 1326 14
843 1090 8
430 778 71
36 167 17
654 1438 23
12 1118 0
352 1473 23
580 1185 0
49 376 8
890 1216 8
660 1447 49
944 954 4
130 1304 12
1315 1374 34
82 1135 23
659 676 70
647 1468 17
108 753 44
440 1061 17
876 1534 23
278 559 26
668 1060 8
225 1222 0
794 1017 8
178 654 17
589 783 10
578 1213 23
775 1468 17
103 775 17
79 1146 50
576 1140 8
744 1351 51
283 906 17
157 176 35
649 1045 23
4 907 23
376 1135 8
213 792 76
222 769 8
1071 1521 32
321 1095 1
352 567 23
879 973 23
82 104 23
647 779 62
437 676 10
253 494 10
709 906 23
127 809 34
477 576 8
769 1213 28
359 478 26
734 1481 5
1 782 34
104 378 10
1140 1221 1
1128 1508 1
352 1283 23
85 1459 1
57 428 8
440 477 10
942 1483 8
80 922 8
795 808 13
389 1042 17
80 368 11
339 892 10
253 654 23
287 628 17
322 561 20
266 1048 8
361 396 4
1249 1261 17
249 428 8
680 766 17
278 289 26
855 1325 5
1146 1534 1
401 1459 1
216 1136 5
248 1049 10
627 1042 17
188 1563 24
659 850 23
376 1458 8
812 1427 23
294 675 30
401 1234 1
537 681 10
20 1374 34
161 295 17
1296 1547 8
281 503 8
48 437 10
325 1185 23
100 650 32
604 1136 23
1409 1415 1
680 1338 10
75 198 19
295 442 17
268 842 8
281 462 72
70 1496 23
235 499 19
672 1042 17
600 1540 8
311 1205 51
567 582 31
178 1090 17
475 719 24
409 1018 55
414 499 10
47 782 10
186 617 10
319 1050 39
493 846 2
120 1547 10
22 376 8
467 506 57
139 425 32
69 548 1
12 1035 0
337 400 10
276 876 23
429 1222 1
384 630 10
507 693 8
445 1023 11
100 1322 32
863 891 70
675 1393 83
282 467 14
572 1288 1
242 1222 1
775 1547 17
614 973 10
337 433 17
867 1090 10
627 863 10
798 1172 35
1279 1417 34
122 253 17
567 1135 23
266 1553 8
248 383 17
247 578 33
437 1062 23
160 879 8
619 1369 7
617 654 10
82 374 49
890 1131 8
549 733 72
697 740 23
104 578 33
118 795 34
9 1050 0
272 381 10
580 938 13
1017 1111 8
1093 1481 32
767 1316 0
176 777 15
843 1438 14
131 1090 19
152 1440 17
644 1244 11
314 339 10
74 703 34
1271 1529 17
407 971 2
1443 1444 8
152 1483 1
974 1100 34
39 703 34
188 341 32
176 842 8
566 964 21
765 998 0
493 734 23
314 1283 23
849 1133 1
907 971 2
295 869 17
1341 1552 1
519 1152 23
338 922 8
248 322 10
124 563 2
630 1409 7
74 794 34
767 1448 17
604 1409 23
615 767 10
770 1016 32
77 337 37
249 1536 17
807 1388 62
846 849 10
118 636 34
670 1153 11
68 847 4
942 959 1
769 1146 8
538 923 54
732 1401 1
493 701 62
1093 1480 8
479 856 59
537 1542 89
719 944 2
275 862 10
182 428 23
617 742 10
182 275 10
242 877 17
311 672 17
614 1481 10
913 1265 8
46 785 8
167 548 17
1198 1316 0
899 1045 74
375 384 40
580 1464 1
334 1062 23
495 516 1
670 1481 11
163 297 17
390 1322 29
668 1084 24
458 1080 15
276 1547 17
183 288 45
72 680 10
9 1299 13
25 132 0
266 1137 14
629 639 29
670 869 40
1279 1290 14
247 697 19
648 863 10
262 575 41
298 310 8
588 1323 46
92 248 17
409 787 24
141 734 8
690 942 1
46 563 34
85 683 9
81 470 17
644 1499 8
118 380 34
61 1420 37
80 925 23
172 961 42
476 1465 8
1419 1463 1
602 1393 83
615 629 35
537 604 21
1464 1549 1
879 1444 8
124 834 10
834 897 42
886 1136 23
470 678 17
769 796 8
182 608 23
196 1211 8
61 1158 67
196 787 32
1016 1178 32
294 497 13
1258 1465 14
222 844 10
295 297 17
1133 1489 8
288 1549 34
276 855 8
600 906 23
619 1547 10
1452 1474 14
108 892 1
888 1326 14
161 846 2
212 437 11
850 927 23
1168 1476 17
783 848 10
430 629 40
228 1007 30
4 1064 23
337 690 9
276 339 10
313 572 44
476 870 1
553 648 10
794 1146 11
185 602 3
757 1511 62
161 272 11
188 1447 18
1273 1333 8
773 1037 12
1105 1526 71
141 1223 1
107 1323 46
84 104 23
726 1004 7
408 1447 42
242 1035 1
60 1300 17
70 340 23
619 1300 10
172 1049 10
280 631 2
1077 1288 1
390 447 13
188 1425 24
13 1522 13
239 993 13
160 444 21
231 654 17
1047 1084 24
13 900 0
100 1521 32
182 1017 8
852 1048 23
938 1522 13
1290 1552 1
294 631 2
108 1035 1
479 1261 17
343 1512 2
1148 1223 17
106 615 10
582 862 17
180 1093 14
493 681 10
337 595 17
434 597 38
152 960 1
553 1338 10
626 630 17
249 555 17
872 973 10
904 1050 34
408 1362 0
428 973 17
488 646 17
289 1157 51
185 944 10
103 554 17
1118 1564 8
499 1211 23
430 1297 29
497 1540 8
653 1172 35
568 659 53
661 785 29
1 914 34
385 938 13
184 441 8
297 1476 17
576 1111 8
294 490 2
282 1169 8
1301 1512 13
892 1468 74
299 600 23
137 636 23
798 1080 35
22 467 14
368 961 42
198 295 17
602 649 23
70 973 23
242 317 17
149 896 1
45 1506 40
54 297 17
766 1386 17
1213 1554 32
1222 1394 13
785 1135 14
208 566 70
902 927 23
68 732 4
441 467 14
959 1108 7
661 744 29
124 1103 27
523 973 30
297 555 17
334 1063 8
220 863 21
289 608 23
629 1046 29
1449 1480 8
75 322 20
444 973 7
338 769 8
499 1045 74
576 1077 23
484 595 17
668 1351 51
276 297 17
758 1449 8
352 1496 23
208 283 10
408 634 17
219 849 17
60 555 17
206 794 17
295 676 10
408 862 17
198 1206 39
160 1159 21
220 794 21
242 476 1
80 1489 34
379 1481 28
50 830 17
47 384 27
364 901 29
964 1166 66
429 1456 1
93 217 10
1452 1534 23
106 407 10
297 1296 17
973 1230 19
878 1213 28
79 989 10
512 944 2
782 906 34
231 766 17
359 1410 14
1133 1483 8
234 1347 51
248 484 17
462 1108 72
588 639 1
1377 1438 5
589 863 10
574 942 1
740 1221 23
467 609 14
278 565 7
50 1090 17
737 1554 32
862 942 17
499 617 10
733 738 41
578 701 62
109 568 12
79 988 10
133 944 50
1271 1419 8
99 1432 17
363 753 34
400 1387 7
317 554 17
738 946 41
208 216 37
60 548 17
395 1131 1
287 1536 17
1050 1178 32
792 872 2
441 1217 14
580 1127 13
916 921 8
390 963 21
108 457 1
108 636 1
608 1316 0
582 783 10
212 1494 23
142 863 10
139 920 32
601 894 82
1277 1480 8
46 1448 8
176 879 8
266 1268 8
185 1153 17
509 911 12
189 310 8
703 1137 34
81 742 11
289 1133 23
444 1054 21
419 464 2
251 337 42
901 1530 38
149 758 1
262 1008 41
401 1227 22
1042 1064 17
137 499 23
589 1054 11
50 440 17
408 1280 19
131 249 19
282 1438 14
62 1247 8
1142 1245 14
46 445 11
276 1419 23
414 559 10
988 1078 17
845 1064 23
734 1261 8
9 778 13
273 922 8
62 1203 8
247 289 19
337 1128 8
108 224 17
889 1095 17
516 894 1
1100 1523 34
303 809 34
198 770 39
100 756 32
282 659 23
1071 1489 1
1103 1137 14
140 1168 31
170 942 0
325 701 5
462 876 72
364 709 8
1271 1448 17
50 631 10
758 1480 8
911 1529 12
185 1118 3
289 988 17
508 709 1
216 1281 5
137 390 21
108 1494 1
734 1547 8
97 870 1
572 767 17
275 365 10
25 1512 13
104 235 19
559 1300 10
198 1496 23
727 805 10
9 964 13
961 1300 42
493 736 10
339 475 24
299 944 43
830 879 8
890 1017 8
775 1536 17
230 545 10
493 553 10
325 788 29
440 555 17
668 843 1
733 1001 72
198 253 10
295 1353 17
124 374 2
1090 1407 17
968 1458 14
229 999 1
1244 1364 21
266 620 32
82 1198 23
683 1220 24
133 889 17
314 516 17
494 780 52
478 552 26
679 1228 30
433 619 10
395 1086 1
740 1093 23
561 694 62
899 956 4
1316 1394 13
125 1496 53
275 457 10
842 1376 5
883 1432 17
433 869 17
224 883 17
479 806 17
581 1067 21
753 1462 1
537 801 10
4 902 23
769 892 8
22 615 27
502 1211 23
530 1280 19
84 1136 23
675 923 40
1048 1296 8
708 1171 38
334 961 42
401 1552 1
563 850 34
437 1440 17
276 1062 17
20 679 34
22 955 4
133 1409 8
440 499 17
905 1312 8
46 93 17
16 971 34
225 401 1
576 1425 8
352 1185 23
242 369 10
239 925 13
845 906 23
747 879 23
516 570 8
548 922 1
143 1476 17
248 1148 17
266 1269 14
970 1331 51
252 305 3
172 619 10
574 654 17
773 1393 38
460 1279 34
1239 1273 14
564 964 11
118 1232 1
465 771 10
337 627 17
161 310 8
374 1462 8
998 1141 14
13 282 13
288 775 45
669 742 11
782 1417 34
80 1135 23
80 834 42
180 464 10
600 1283 23
149 383 1
314 765 0
600 1449 8
1048 1146 8
376 876 23
224 383 17
892 1534 23
580 608 0
1085 1153 45
711 1304 12
108 675 1
502 1534 23
172 709 23
1090 1419 8
620 854 32
1202 1413 7
510 559 20
62 813 8
184 1480 8
1211 1288 1
163 206 17
222 1419 8
209 234 34
60 288 11
251 589 42
495 538 4
609 1247 8
160 266 8
678 1440 17
180 1169 8
1178 1221 1
639 1131 8
801 1247 8
12 1135 0
671 719 12
1380 1447 38
217 385 12
1128 1462 8
767 1024 62
99 887 17
100 1016 32
79 235 10
629 931 29
636 1017 8
359 738 41
80 742 11
471 513 52
268 1140 35
495 872 31
942 1282 22
734 1093 8
69 99 1
428 869 8
475 887 24
1448 1529 17
242 1216 1
198 875 39
368 565 34
672 767 17
566 1136 23
222 1148 10
720 744 5
563 1269 24
788 1178 29
163 1220 24
78 1128 8
1 1244 34
1049 1158 67
365 548 1
833 999 23
484 1078 23
537 646 17
477 627 10
482 809 34
282 476 8
450 1185 23
855 1427 23
206 511 17
160 850 11
436 983 38
1427 1471 1
499 1085 17
216 1444 8
22 890 8
378 730 10
233 288 17
843 1084 24
753 1220 24
839 1148 10
511 1300 19
921 1481 5
999 1017 8
921 1438 23
1044 1061 19
295 960 10
490 564 10
224 490 10
502 747 23
508 563 1
1217 1499 14
219 698 19
585 1067 23
879 1279 14
325 1046 29
61 299 10
96 324 10
401 693 1
142 899 17
85 497 8
942 1333 1
925 1400 37
627 1269 24
295 681 10
208 337 10
676 1238 8
732 1172 2
740 1439 19
484 806 17
366 647 19
89 1090 10
548 1407 17
457 628 17
465 589 10
782 1374 34
635 1458 8
447 963 0
407 1017 8
376 1244 8
72 93 10
139 620 32
549 1473 14
841 1504 38
172 428 8
185 849 17
12 942 0
1281 1333 23
184 1216 8
314 572 17
442 1095 17
408 1536 17
84 1232 23
1290 1448 14
322 581 2
310 883 8
922 1409 1
92 572 17
1132 1397 62
280 1305 12
467 845 23
133 989 17
322 678 10
983 1506 38
376 395 1
1084 1163 24
405 930 0
766 1085 17
46 409 8
850 1157 51
376 632 23
46 708 45
189 444 21
458 563 12
79 1283 53
235 1085 17
914 1261 8
60 830 11
96 1448 1
298 906 10
782 1190 34
703 923 54
733 841 72
409 1462 8
906 1192 34
419 1213 32
914 1464 1
395 1491 22
1064 1085 17
366 711 20
212 566 23
681 988 10
185 891 45
609 1067 14
297 839 10
9 1185 0
488 771 19
396 1322 39
220 537 66
219 366 19
600 865 23
876 1045 23
112 732 2
69 165 10
437 686 17
627 1432 17
369 433 10
80 1133 23
324 719 2
833 1393 38
727 989 10
12 1433 13
48 283 10
519 921 23
401 1549 1
555 708 17
801 1480 8
432 495 82
902 955 4
295 634 17
436 1536 1
165 209 10
977 1496 53
16 234 34
727 1444 8
596 1271 24
235 1253 42
22 880 12
220 1067 21
272 1228 30
627 628 17
185 276 8
149 305 40
484 488 17
849 1549 1
449 843 8
216 1481 5
9 927 71
239 703 13
141 1316 0
512 789 54
660 703 30
175 1449 8
106 746 89
152 321 1
896 1178 29
148 359 32
972 1420 37
219 494 86
109 559 12
595 1085 17
70 1444 8
150 1465 23
862 1295 17
16 126 34
780 899 52
99 429 1
57 627 17
99 233 17
4 938 0
0 294 34
198 906 10
103 248 17
1269 1458 8
797 1118 12
409 1489 1
172 1481 5
497 1222 13
340 769 8
807 1213 28
288 668 8
236 488 62
892 921 8
615 788 38
561 1095 17
9 1127 13
1102 1317 7
340 484 23
365 433 10
329 875 32
849 1429 1
701 999 62
531 744 77
800 1439 19
369 678 10
239 787 8
219 1090 48
405 808 2
801 933 2
266 1358 7
973 1480 8
852 1473 23
576 889 8
766 771 17
636 1473 23
176 1552 1
381 493 10
271 400 25
341 744 77
455 1443 53
1402 1564 14
25 960 37
565 1118 12
574 1045 17
867 1476 10
125 271 25
493 566 21
730 834 10
767 1058 10
224 1049 10
97 441 1
601 1133 35
99 989 17
900 1222 0
60 1529 42
709 854 32
288 441 8
1093 1152 23
649 1473 23
239 1129 8
276 564 11
679 681 2
631 979 64
368 564 11
907 1186 37
96 225 1
1369 1443 30
559 970 53
429 1140 1
77 846 16
796 1151 8
1118 1238 1
9 127 0
467 567 23
433 1448 17
272 615 10
701 1502 4
870 1009 1
294 632 8
794 848 17
922 1341 8
697 805 10
253 467 23
794 1317 42
108 1246 1
383 1448 17
419 516 1
405 1433 2
131 276 19
1042 1300 17
973 1044 19
1169 1268 8
110 149 40
572 848 17
368 742 11
619 932 53
1045 1161 23
314 1465 23
361 730 4
17 709 23
960 971 2
48 988 10
284 1458 8
340 433 17
1077 1409 23
206 289 17
478 615 26
182 588 10
783 1111 10
186 1043 10
212 589 23
407 408 10
1063 1564 8
976 999 19
563 1458 1
297 561 17
1483 1489 1
1048 1425 8
271 1035 36
690 764 7
1049 1187 38
142 902 31
1271 1275 17
1273 1409 8
1419 1552 1
311 465 10
248 1045 17
841 1133 23
340 849 1
857 933 16
376 845 23
6 875 7
551 777 12
340 846 2
1095 1246 1
252 1008 39
374 476 8
545 564 10
679 1305 12
600 902 23
69 108 1
1206 1489 39
170 973 0
736 795 27
1251 1300 10
150 709 23
1098 1474 34
711 989 10
1050 1474 34
4 927 23
590 1050 32
90 1271 24
732 744 5
103 698 19
579 1316 2
1463 1483 8
736 1462 1
921 1137 14
537 1146 11
477 796 8
319 1131 8
276 295 17
229 1111 1
287 582 17
614 1246 10
889 892 17
1128 1307 1
198 1007 39
104 1386 19
1045 1148 17
537 669 11
497 1369 13
60 595 17
843 1464 8
854 1271 17
131 1115 17
891 954 82
765 1433 13
208 369 28
225 1221 1
690 1448 1
131 530 19
887 989 17
471 570 29
288 961 42
701 1221 5
295 479 17
6 1136 7
61 907 87
121 971 12
48 1045 10
769 1120 8
1086 1489 1
17 364 50
97 328 1
50 771 17
108 1473 1
46 830 11
325 1062 10
22 1425 14
1448 1549 8
777 923 54
121 1118 12
132 1341 0
297 400 10
945 1351 51
468 566 53
501 511 19
470 477 10
9 390 13
707 787 32
57 872 10
490 543 2
500 1026 35
471 1511 20
455 500 15
433 1045 17
906 942 8
572 1432 17
419 548 1
242 272 1
74 1523 34
9 47 13
1169 1554 8
854 1148 17
505 615 10
769 1547 8
240 462 72
185 295 17
1137 1406 14
138 1206 39
1213 1232 5
242 1508 1
198 537 17
676 1158 67
806 899 17
694 976 62
769 809 8
501 744 17
368 904 34
1046 1141 8
324 1380 55
322 846 10
455 777 12
150 833 23
407 902 10
400 1476 10
530 728 62
709 1135 23
170 892 0
1044 1249 19
438 1481 10
182 766 10
563 1529 56
747 1222 13
563 1245 1
442 849 17
600 1419 8
185 266 8
329 341 32
311 1283 23
103 559 20
249 694 62
767 781 23
962 1481 21
373 537 21
170 765 13
660 1167 27
22 559 84
376 1466 8
235 630 19
20 145 85
337 757 62
1265 1545 8
775 989 17
359 1491 14
85 576 8
378 906 10
846 848 10
39 543 34
538 953 4
827 1293 10
282 775 40
291 425 54
1054 1542 21
253 511 19
1061 1275 17
497 693 8
337 1407 17
253 994 58
12 750 0
619 1492 40
1247 1552 1
198 1008 39
1259 1549 34
1 1417 34
46 1247 8
755 809 34
600 1462 8
149 1534 1
225 563 1
999 1439 19
295 1407 17
97 1443 1
82 1396 38
531 1135 14
126 576 34
157 500 35
892 914 23
1341 1540 8
670 794 11
72 537 21
276 1227 8
493 1061 23
1283 1473 23
1281 1465 23
276 494 10
447 1118 0
282 1064 23
104 1296 17
172 775 17
719 1253 12
869 989 17
615 766 10
862 1244 17
441 794 8
99 383 17
419 580 0
795 1474 34
93 457 17
324 675 53
84 1175 21
234 1136 34
239 938 13
375 734 5
9 994 13
271 581 16
896 1131 8
681 1103 27
1246 1269 8
1232 1489 1
1221 1281 23
1009 1077 23
636 1480 8
325 567 23
649 855 23
841 879 23
615 1476 10
567 740 23
133 441 8
62 479 8
626 708 17
297 727 10
1078 1496 23
208 631 43
237 944 0
469 1288 1
168 1381 34
12 944 0
359 1084 24
46 60 11
555 576 8
311 802 10
574 1054 45
685 744 77
13 89 13
1211 1415 8
555 955 10
519 710 11
843 1133 8
520 850 34
72 208 10
212 1281 23
530 1511 19
801 867 10
149 1131 1
565 789 54
385 468 12
168 1462 1
397 580 13
299 322 10
99 235 17
475 1363 24
1474 1515 34
334 855 23
48 736 27
122 869 17
60 669 11
348 590 32
441 660 2
234 309 34
184 1095 1
892 1281 23
292 293 77
688 1282 34
208 944 43
340 1095 17
208 727 10
314 1211 23
338 1444 8
668 913 8
842 1221 23
1131 1169 8
108 442 17
849 1265 1
206 1061 17
185 400 10
998 1463 1
882 1420 37
75 400 20
122 775 17
678 771 17
138 841 18
297 337 17
309 1381 34
104 236 62
365 1511 20
1444 1472 8
317 1547 17
276 1152 23
149 248 1
376 475 24
225 580 0
15 897 24
878 1186 37
70 559 5
329 674 32
82 1492 5
337 545 10
1247 1449 8
1265 1471 8
361 801 4
497 579 0
469 602 3
475 565 24
359 565 12
475 1416 16
375 1078 5
275 484 10
365 892 10
614 844 10
214 1521 32
406 419 16
177 738 94
253 585 23
57 553 10
120 953 4
905 1232 8
572 879 8
419 870 1
785 1084 24
602 1187 38
39 842 34
229 1275 1
54 289 17
437 1042 17
567 1481 5
280 452 2
390 628 11
783 962 2
163 1529 17
237 1271 24
1095 1545 1
1128 1401 1
1232 1341 1
401 1508 22
1084 1211 24
531 709 64
590 1016 32
590 833 18
288 511 17
693 781 8
96 576 1
295 339 10
660 1050 34
90 744 29
844 877 17
152 850 17
4 1547 23
338 1271 24
91 222 10
107 821 1
993 1159 21
968 1129 1
433 988 17
441 880 44
1265 1269 8
843 1480 8
51 89 2
763 1420 17
555 646 31
161 1449 8
82 137 23
20 1523 34
879 896 8
253 396 23
79 726 12
821 1245 1
1402 1534 1
9 998 0
647 1118 3
444 783 16
663 1146 34
563 1261 1
425 571 41
1067 1133 23
582 630 17
742 962 66
188 1203 24
639 1351 51
276 1220 1
683 782 10
299 701 37
17 1133 23
872 1213 28
596 906 8
261 674 32
222 988 10
1463 1480 1
46 80 8
161 701 62
96 702 1
118 313 44
1 278 7
787 897 24
1095 1268 1
278 1279 7
100 733 32
648 904 10
299 756 37
189 1238 1
1333 1540 8
476 578 8
564 767 17
845 1333 23
234 1190 34
409 1048 14
137 1039 5
359 1304 12
561 1547 17
381 476 8
1186 1483 8
167 582 17
352 519 23
131 287 17
470 887 17
732 1048 3
216 475 24
440 511 17
400 1397 20
970 1054 21
259 1445 14
299 1419 23
230 1120 14
570 788 29
1464 1553 1
75 767 19
309 374 30
499 659 23
275 1111 10
13 608 0
494 1286 52
479 1295 17
152 548 17
589 596 8
325 1481 32
1419 1458 8
1088 1275 8
247 1024 62
311 1288 1
787 1103 24
196 1288 1
756 863 37
143 1296 8
183 1085 17
765 1185 0
131 1300 19
568 867 10
196 229 1
82 1152 23
176 711 15
82 740 23
631 773 61
1137 1279 34
548 1271 1
59 1222 13
845 907 23
288 1440 17
809 841 34
654 1067 23
693 862 17
46 70 8
639 1211 29
1045 1536 17
340 632 11
137 352 23
502 566 23
178 1300 17
183 428 8
237 1341 0
974 1362 13
22 681 27
636 1564 14
202 1448 1
889 1067 21
747 886 23
626 1171 20
374 830 8
744 1407 17
390 398 21
659 1494 23
889 901 21
75 371 41
234 1234 34
160 269 21
54 988 17
150 576 23
520 896 8
1288 1326 1
753 801 2
262 828 41
268 734 35
646 899 33
508 608 21
339 795 27
259 801 8
531 1480 8
408 1295 17
93 1547 17
321 1552 1
999 1136 23
257 738 64
161 468 10
235 477 10
555 883 17
96 648 10
126 1007 34
1062 1093 23
614 766 10
337 746 19
900 938 0
537 863 10
222 582 10
9 971 13
276 501 19
672 1232 1
100 1178 32
1203 1465 14
863 1246 10
275 719 2
636 1303 5
571 1433 13
516 1115 17
57 548 17
274 777 12
9 253 0
1100 1369 34
669 710 40
572 626 17
988 1448 17
1128 1553 1
266 1192 32
108 1409 1
470 927 23
138 620 32
352 1350 5
973 1223 17
122 1042 17
314 325 23
627 1295 17
400 1443 2
142 856 59
208 882 10
436 734 8
198 1213 5
108 953 1
1213 1534 5
440 1045 17
1137 1258 14
281 1393 38
553 627 10
744 1338 5
282 1499 8
732 1093 14
163 1476 17
337 988 17
380 1192 34
104 1448 17
289 297 17
152 1529 17
734 1468 17
707 931 29
82 376 23
143 1269 8
149 1457 1
266 1178 29
1007 1403 1
414 1440 17
942 1465 22
242 429 1
449 484 5
299 1246 10
635 1128 21
634 964 17
1146 1192 34
401 1409 1
54 869 17
299 1275 7
152 441 1
548 1457 1
511 1095 17
189 962 21
216 732 37
636 1129 1
75 249 19
1100 1315 34
698 1386 19
588 1407 17
176 674 15
1025 1474 34
212 669 11
916 1480 8
248 297 17
644 1118 3
1095 1395 45
77 226 21
1140 1265 8
233 242 17
72 730 10
405 1366 60
922 1443 8
457 906 17
1118 1444 8
217 1061 10
585 1534 23
47 464 27
476 977 8
142 867 10
225 734 8
414 680 10
619 672 10
334 745 18
548 639 1
872 878 10
334 1419 23
104 925 23
242 283 17
161 576 23
252 1366 60
143 626 17
855 863 8
390 1362 13
675 1362 2
635 1286 52
566 632 23
1281 1452 23
297 1042 17
711 878 43
378 654 10
239 368 13
457 960 10
104 740 23
580 742 13
0 794 34
493 876 23
217 390 10
137 519 23
709 922 8
62 216 5
365 1088 8
62 1317 5
108 479 17
805 834 10
198 519 23
675 927 53
519 1049 28
668 1234 29
964 967 21
376 452 8
222 1399 10
476 785 8
430 475 24
112 1245 38
1090 1269 8
632 1325 5
287 630 17
225 1534 1
636 827 6
1133 1288 1
143 310 8
733 1228 32
275 848 10
182 771 10
310 1300 8
944 1500 55
732 1017 8
239 397 13
1 520 34
1169 1227 8
499 914 23
198 600 23
233 1042 17
1048 1135 23
9 767 0
1062 1492 5
495 847 4
90 1203 14
72 1049 10
11 208 0
47 1045 10
1045 1465 23
988 1064 17
549 1491 14
567 783 10
1063 1088 8
675 695 40
870 922 1
198 1409 23
150 902 23
235 588 17
442 854 17
589 648 10
510 1024 62
1178 1465 14
634 1085 17
796 1078 8
701 879 5
61 468 43
366 433 33
638 1232 1
9 604 0
1206 1417 39
467 1425 14
202 476 8
198 779 62
471 999 20
288 450 8
476 852 14
133 1150 21
690 1540 8
45 809 34
440 631 10
434 1477 38
545 1090 10
401 1275 1
375 850 5
245 566 21
12 225 0
338 923 29
785 1296 8
408 450 23
476 1471 8
1232 1496 23
242 428 8
342 999 62
632 973 23
216 834 42
294 1339 8
519 794 11
742 902 40
1499 1556 8
805 1246 10
9 390 13
161 841 23
566 1166 21
661 1046 29
771 1511 19
253 1317 42
314 1049 10
219 555 17
141 145 77
112 281 38
182 747 23
222 437 10
325 1084 24
212 1547 11
231 428 8
231 834 45
208 1476 10
338 1499 14
295 567 17
1136 1465 23
667 1458 14
237 334 13
1300 1316 0
46 230 8
376 1169 8
561 944 20
429 1228 1
161 649 23
572 730 10
1062 1476 10
104 744 17
490 1300 10
1035 1203 14
280 405 30
287 365 10
104 672 17
9 783 13
287 437 17
559 1045 10
280 1049 2
531 1016 32
891 1253 42
134 809 85
92 646 17
168 1203 8
531 1459 14
230 878 87
230 830 8
180 953 4
340 414 10
273 1409 1
844 962 66
1093 1461 14
172 841 23
690 1057 7
291 1351 51
92 464 67
177 475 24
206 295 17
470 568 17
108 922 1
471 1297 29
78 944 15
553 904 10
469 1480 8
334 1039 5
631 719 2
765 783 13
809 949 34
508 1245 1
319 1464 1
468 512 2
1261 1468 17
189 670 40
180 196 8
494 1111 10
744 1481 32
291 303 12
177 1084 24
338 1213 32
80 224 17
808 922 0
167 1408 42
564 1223 17
224 340 17
118 482 34
767 1343 10
771 779 62
742 973 17
437 944 10
1448 1463 1
600 736 10
843 1247 8
827 867 10
679 1304 12
6 709 7
314 1205 51
863 1250 38
767 1085 17
176 291 15
614 1045 10
378 849 10
149 1464 1
334 679 17
429 1077 1
184 1489 1
365 1058 87
1120 1129 1
149 229 1
384 1039 40
234 278 7
124 1118 67
92 122 17
675 944 53
339 1443 2
638 1499 8
654 1161 23
219 365 20
734 1120 8
1111 1463 1
830 1103 8
103 1230 19
219 333 62
280 545 2
734 1277 8
180 660 2
84 276 21
15 163 24
921 1271 8
632 644 11
887 964 17
51 1432 21
46 424 8
646 855 23
340 1420 11
100 563 32
283 1042 17
499 1377 5
322 933 2
180 1228 8
1046 1366 60
99 1489 1
60 396 42
294 580 13
79 314 5
61 182 10
305 396 40
787 1022 24
555 1249 17
988 991 33
785 1458 14
242 775 17
497 794 13
899 1397 62
56 364 29
401 1086 1
1100 1480 34
80 82 23
516 955 1
348 1366 60
161 876 23
1269 1547 8
60 701 42
185 899 8
274 847 12
352 1494 23
921 1483 8
709 1133 23
455 1037 12
1050 1198 32
553 626 10
280 1137 34
9 436 0
390 1166 66
1473 1480 8
608 1009 23
295 1386 17
886 1017 8
694 698 62
906 960 10
107 901 29
537 697 19
821 1146 34
337 635 21
13 202 0
930 938 13
278 1043 7
602 719 12
442 1296 17
726 990 38
280 777 12
288 636 8
62 830 8
271 962 16
649 769 35
340 783 10
1024 1044 62
565 660 30
56 923 29
131 242 17
126 1374 34
92 1061 17
441 1465 8
585 1529 23
70 311 23
736 830 10
1232 1363 1
142 1044 33
272 337 11
46 711 50
368 635 21
567 876 23
626 889 17
374 1305 12
1444 1471 8
1078 1420 17
794 808 13
170 614 81
395 1234 1
295 369 10
322 719 2
182 1232 23
942 1120 1
60 636 23
733 747 72
1016 1050 32
216 511 62
90 1506 40
99 834 1
589 1010 10
345 1009 29
80 1277 8
679 1192 34
626 1211 8
22 141 3
737 1466 14
245 767 58
901 968 29
242 1146 1
253 730 10
419 1090 1
217 287 10
447 675 0
249 988 17
693 1552 1
152 1061 17
84 767 23
450 563 1
1282 1474 34
654 867 10
396 1269 8
862 1085 17
530 976 19
907 1009 23
79 813 15
248 1010 10
615 730 10
84 999 23
299 964 10
120 1186 37
248 887 17
800 1420 17
957 1015 40
626 862 17
381 1564 8
334 503 8
273 870 1
1282 1458 14
289 734 23
902 1232 23
719 1417 34
379 1417 35
429 1269 1
295 1125 10
778 1245 71
419 863 2
60 1152 23
133 220 21
833 1161 23
219 1115 17
483 726 7
763 1007 8
753 1232 1
1049 1326 8
100 709 32
830 1157 51
118 1244 34
592 745 32
821 1401 8
842 1333 23
913 1057 1
389 484 17
314 519 23
374 675 30
1136 1137 34
233 248 17
753 1129 8
97 1128 1
288 457 17
157 1141 8
99 184 1
488 1275 17
275 1295 10
519 701 5
765 1032 6
248 545 10
425 1369 54
883 1131 8
47 1547 10
693 989 17
434 1245 38
465 537 10
812 1275 8
373 938 13
502 589 23
237 1447 13
108 161 8
727 1401 1
476 672 8
152 1247 1
26 961 42
368 566 21
944 1350 40
229 1417 1
22 787 32
48 384 27
433 839 10
1060 1273 8
890 1540 8
506 531 57
671 813 15
1046 1294 29
563 1427 1
340 554 17
47 428 10
922 1151 8
407 565 2
26 359 24
505 1146 50
1409 1496 23
132 970 46
345 674 29
239 690 0
850 1420 11
1008 1269 39
97 1103 1
845 1045 23
339 787 24
359 545 24
60 1432 17
636 1071 8
769 1129 1
249 457 17
565 787 24
740 1468 23
670 844 66
384 1350 40
6 329 7
428 627 17
1448 1491 1
60 247 33
497 512 13
519 730 5
597 1303 12
82 745 18
168 339 2
208 631 43
942 1234 1
872 1496 70
727 1295 10
280 914 34
395 1490 78
495 559 4
99 627 17
289 927 23
324 631 65
183 555 17
237 778 13
217 289 10
628 1300 17
157 441 8
337 444 21
281 852 18
484 989 17
82 719 17
15 830 24
134 734 8
865 1427 23
406 580 13
217 970 53
897 1269 24
877 1114 59
769 1234 8
261 1228 32
96 1090 1
455 671 12
137 1376 5
701 1213 28
654 989 17
870 1403 1
69 1007 8
253 428 17
785 1459 1
437 617 10
317 834 8
108 1534 1
732 1273 14
847 1037 12
617 867 10
198 999 23
150 337 23
294 703 30
149 1540 1
647 1280 19
471 561 20
765 1301 13
766 794 17
324 1376 40
1427 1447 14
80 636 23
477 646 10
297 794 17
499 1010 10
1401 1462 1
322 964 10
208 563 2
802 848 10
834 1448 1
841 1530 38
1101 1396 38
405 609 8
99 125 1
959 1472 7
219 220 21
600 1216 8
442 744 17
405 703 30
1275 1300 17
475 1203 24
1333 1473 23
324 608 53
892 1128 1
1071 1463 1
90 914 8
636 1350 5
328 1221 1
596 988 8
34 1376 84
311 337 8
787 830 24
678 892 17
118 1146 34
161 581 21
653 1221 1
182 1458 8
1190 1268 34
846 1090 10
400 519 28
80 289 23
60 1153 11
1133 1213 32
653 842 34
253 678 17
442 869 17
18 424 40
283 1064 17
644 1146 11
409 475 24
646 1009 23
22 830 8
589 693 17
632 842 23
742 1043 10
479 961 42
68 730 4
1064 1261 17
433 1146 11
198 1420 17
47 630 10
396 1363 29
1050 1489 34
429 1452 1
180 1234 8
396 973 23
82 1310 6
131 595 17
9 225 0
389 647 17
1009 1045 23
90 653 8
161 1168 10
732 734 8
242 1085 17
1060 1499 8
434 1504 84
1216 1239 14
1007 1232 8
476 830 8
447 809 44
9 80 13
922 1458 8
348 745 32
359 981 71
383 892 17
167 437 17
1054 1350 42
228 1074 12
54 614 10
249 767 19
626 1203 8
545 767 10
12 25 0
0 1118 34
222 1213 28
631 971 7
554 570 17
397 968 29
17 196 50
879 1333 8
131 767 19
46 499 17
170 827 81
1206 1464 78
198 502 39
172 366 33
505 961 12
1238 1547 8
389 1275 17
679 1118 12
1228 1444 8
432 572 45
46 1415 8
698 740 19
374 944 2
1275 1448 17
396 1468 23
185 484 17
1046 1269 8
465 672 10
167 337 17
1035 1512 2
1211 1338 37
92 626 17
104 365 10
615 654 10
219 734 35
1238 1458 1
359 1228 32
833 906 23
964 1444 8
374 1458 8
1307 1536 1
1168 1448 31
248 493 17
60 1296 8
543 1253 12
79 130 61
1230 1511 19
390 444 21
877 1386 17
1064 1536 17
280 533 34
630 938 0
80 239 13
60 833 42
68 434 4
172 376 23
993 1067 21
248 872 10
1317 1472 7
468 614 65
726 1510 38
291 1502 4
142 437 17
56 661 29
340 619 10
497 922 0
626 1310 20
1189 1409 14
92 99 17
363 1369 34
1271 1565 24
732 892 10
588 834 1
566 1481 5
775 1271 17
311 1062 23
149 588 1
1136 1554 34
497 827 0
787 1221 24
564 680 17
482 900 40
236 366 62
1136 1489 1
1403 1427 14
1118 1141 8
580 675 0
842 1118 3
508 693 1
266 854 32
317 1432 17
365 595 10
464 827 10
1220 1513 32
555 1462 8
494 564 10
325 787 32
998 1213 32
131 646 17
490 795 27
209 533 34
493 614 10
182 1049 10
1299 1353 30
22 68 4
337 1534 23
54 1261 17
309 1049 2
679 795 34
1206 1394 38
45 56 29
563 564 1
103 333 62
17 1062 23
297 942 17
57 272 17
47 553 10
82 1213 5
449 1064 5
659 921 23
726 1269 24
9 1300 0
497 565 13
785 1508 14
247 479 33
68 180 4
297 711 10
22 334 8
1186 1512 13
229 476 1
771 869 17
479 626 31
870 998 22
906 1035 9
79 794 50
157 1458 14
680 1043 10
794 1064 17
157 1129 1
208 1296 8
693 921 8
152 675 1
108 834 1
567 906 10
478 808 26
740 855 23
736 1547 10
275 711 10
849 1146 1
231 311 17
104 805 10
104 648 10
808 938 13
381 843 8
212 852 23
384 844 10
198 1067 23
364 1566 32
779 1511 62
490 629 35
160 769 8
276 502 23
617 904 10
104 276 23
902 1067 23
387 863 67
364 430 29
359 364 32
396 567 23
678 960 10
769 1203 8
322 964 10
46 384 50
317 886 8
15 808 0
1152 1468 23
1007 1169 8
690 747 38
626 783 10
440 830 17
369 646 10
976 1353 19
295 1095 17
561 646 17
89 220 2
1217 1326 14
810 1552 1
563 1545 1
100 1425 14
15 26 24
408 444 7
1151 1552 1
846 944 10
208 565 2
143 1131 8
542 961 12
56 1009 29
329 737 32
1131 1211 8
419 663 30
208 1062 10
727 872 10
287 1061 17
1084 1103 24
660 1381 34
1223 1448 17
104 429 1
339 738 41
167 670 17
334 1443 69
601 765 35
636 1552 1
1238 1415 1
262 542 41
452 743 8
371 1253 12
96 1045 17
268 674 15
269 288 21
17 198 23
476 1545 8
275 441 10
390 906 11
82 620 18
198 564 17
100 371 7
609 852 14
17 636 23
96 970 1
1427 1448 1
520 660 34
20 1137 34
231 389 17
1213 1268 32
1009 1169 8
441 846 10
185 511 17
679 1137 34
938 1035 0
592 1206 39
97 1483 8
734 998 14
242 452 1
45 90 29
60 1100 20
1508 1534 1
396 401 1
709 737 32
1409 1549 1
93 561 17
1491 1556 14
9 568 0
1141 1444 8
109 1084 24
93 572 17
635 1350 42
850 1042 17
972 1408 73
12 994 13
1129 1417 1
133 582 17
397 1178 29
553 882 10
675 1035 36
289 1044 19
99 1415 1
69 805 10
777 947 12
883 1407 17
381 419 2
198 634 17
295 901 17
408 899 74
875 1008 39
160 1175 21
561 1319 40
922 1415 8
646 1448 17
1362 1528 13
566 879 23
283 849 17
428 693 8
295 617 10
464 1111 10
172 490 10
675 1362 0
1131 1534 8
681 938 13
22 1216 14
614 1511 20
1161 1547 23
152 283 17
9 549 13
359 675 32
70 449 5
428 1481 5
548 1481 1
275 933 2
636 808 13
381 933 2
922 977 8
727 973 10
132 226 0
737 920 32
149 1084 24
734 1545 8
1221 1419 23
1206 1211 39
75 167 33
508 1540 1
47 1118 67
747 991 38
632 1244 11
727 734 8
366 559 20
314 1299 30
93 1115 17
608 855 23
299 512 2
1320 1473 14
561 697 19
329 1459 1
405 409 16
385 695 63
1203 1563 8
37 559 55
401 476 8
133 493 11
340 867 10
424 1203 14
72 559 10
103 457 17
660 736 2
188 338 24
229 1508 1
208 235 10
253 1054 11
9 134 0
176 809 8
48 1517 10
364 576 8
553 863 10
167 988 17
930 1118 0
22 85 8
180 894 4
22 894 4
240 257 79
314 582 17
196 830 14
499 567 23
1269 1553 8
248 862 17
208 614 43
510 862 33
732 872 87
1044 1547 33
229 758 1
886 1547 23
808 1221 8
564 1042 17
876 925 23
15 1220 32
457 564 17
121 1335 12
732 1129 1
85 568 0
103 523 20
54 889 17
660 841 49
59 444 21
72 962 2
694 1213 28
311 553 10
69 1128 1
168 923 54
369 479 10
295 407 10
649 1438 23
4 833 23
781 865 23
1146 1211 8
317 1061 17
1153 1468 17
610 679 40
475 1007 24
833 1529 23
1128 1547 1
108 1086 1
282 1217 14
92 442 17
80 1062 23
659 769 8
257 809 8
685 1213 32
1333 1377 5
921 1185 23
322 955 31
433 1090 17
794 795 34
80 572 17
266 292 32
973 1213 5
702 1464 1
1067 1481 5
365 1397 20
769 1128 8
13 490 13
602 1521 32
185 783 10
182 352 23
999 1449 8
488 1095 17
687 1491 14
231 697 17
1277 1463 1
1296 1417 8
15 259 24
97 1409 1
338 968 29
548 1540 1
112 571 38
572 1347 51
118 1347 51
1131 1536 1
381 727 10
383 1054 45
299 1156 67
72 186 10
634 800 17
30 51 35
753 1244 34
305 1071 32
634 887 17
22 476 8
297 775 17
649 1093 23
287 1444 8
9 857 13
282 508 1
469 843 8
508 988 1
488 779 62
339 600 10
973 1386 19
1078 1463 1
530 767 19
732 1213 28
561 1386 19
231 1232 1
842 1232 23
503 1088 8
968 1216 8
1007 1211 1
567 709 23
1129 1554 1
431 849 45
299 1338 10
311 805 10
189 322 21
96 1136 1
1043 1061 10
711 766 10
921 1456 8
555 680 17
1220 1247 24
709 925 23
133 710 11
555 1481 17
295 742 21
299 311 23
1061 1317 42
455 1048 5
314 1473 23
944 1536 50
1120 1474 14
125 927 53
554 631 10
433 744 17
1136 1564 8
830 1234 8
576 865 23
130 168 30
334 1307 8
82 419 69
324 375 40
99 1508 1
149 1221 1
311 578 33
62 604 23
118 753 34
897 1084 24
259 1101 14
512 627 30
794 938 13
490 901 10
797 1317 7
608 614 53
709 902 23
602 635 3
85 490 13
1027 1417 34
567 1093 23
76 704 26
97 1552 1
74 368 34
594 695 26
311 842 23
259 1129 1
249 892 19
229 809 1
870 1564 22
269 844 66
12 580 13
468 1536 50
457 1223 17
781 1452 23
48 1399 10
196 1363 29
9 867 13
477 1540 8
465 1529 10
626 730 10
1220 1282 24
470 595 17
287 646 17
901 1209 29
247 530 19
224 806 17
133 734 8
1221 1564 14
1007 1118 12
709 1281 23
755 809 34
46 447 13
634 869 17
108 877 17
425 542 41
1419 1489 8
744 1220 32
428 1494 23
185 213 8
405 497 0
80 334 23
120 1473 8
152 317 17
289 887 17
1125 1246 10
659 1232 23
381 1499 8
516 561 17
305 745 32
796 1125 8
450 1458 14
9 1035 0
672 1058 10
172 185 17
242 1168 31
224 839 10
470 925 23
106 499 17
133 796 8
896 1211 8
740 1024 62
361 726 4
889 1244 21
933 1325 53
433 1295 17
208 1158 67
680 1271 17
702 1552 1
375 907 5
180 242 1
1105 1527 71
654 1261 17
846 892 10
632 1427 23
614 1396 55
212 1185 23
508 1415 1
561 1132 62
224 317 17
608 938 0
609 907 8
268 1234 35
337 693 17
901 999 20
653 1451 34
334 663 49
545 600 10
765 964 13
22 1444 8
84 269 21
292 1228 32
15 239 0
288 507 8
428 865 23
149 1549 1
771 1448 17
470 872 10
707 1322 29
132 787 24
602 653 22
530 1353 19
299 636 23
968 1459 14
324 1303 12
839 964 10
266 462 72
879 1039 5
516 574 1
325 428 23
654 694 62
317 1288 1
12 778 13
245 844 21
548 964 17
493 1273 8
548 988 17
1048 1216 8
272 892 17
45 196 29
317 830 11
242 872 10
107 165 52
133 626 17
48 629 35
21 1152 7
133 442 17
614 846 10
478 767 26
419 1332 83
767 1299 30
703 1381 34
9 225 0
124 892 10
245 942 8
904 1549 34
905 1009 8
609 1035 8
376 1425 8
361 740 4
231 1386 17
484 1249 17
395 564 1
62 1003 23
1226 1391 40
433 510 33
925 999 23
16 563 34
242 805 10
49 84 53
268 1026 35
184 668 8
906 1549 34
574 887 17
846 1399 10
595 1058 10
849 1491 22
1268 1534 1
809 1080 8
74 288 34
988 1223 17
533 688 34
85 408 0
571 971 49
726 733 72
855 914 23
124 964 10
130 631 61
4 449 5
810 830 8
766 1049 10
390 465 10
339 732 10
311 1095 1
1261 1440 17
883 989 17
311 734 23
122 906 17
433 617 10
1007 1464 78
698 779 62
104 152 17
653 690 79
1136 1409 23
1063 1271 24
398 938 0
1045 1326 8
202 879 8
59 742 21
686 849 17
383 1395 45
679 906 34
163 883 17
188 627 24
852 875 32
70 730 5
408 1468 74
338 1294 29
92 396 45
628 794 11
47 646 10
209 365 10
217 1317 40
455 1502 4
942 1146 1
222 878 87
198 844 39
1120 1557 14
747 990 38
449 1135 5
1061 1433 2
46 1419 8
202 1007 1
470 1045 23
122 554 17
544 872 67
112 230 2
1071 1473 14
688 1100 34
251 289 42
407 1045 10
85 841 13
69 960 10
317 883 17
475 1127 24
631 654 10
131 548 17
1103 1234 14
523 647 30
9 281 13
450 1462 8
505 1304 12
1273 1489 8
1 80 34
96 896 1
0 719 34
913 1273 8
428 1093 23
196 1473 8
688 770 51
389 457 17
854 1118 3
85 743 13
1222 1534 1
452 703 2
680 775 17
212 1078 23
589 600 23
103 555 17
401 1425 1
879 1451 14
727 1419 8
1063 1444 8
701 1185 5
196 661 29
1065 1206 39
120 1449 8
79 1476 10
266 765 44
1234 1366 60
276 295 17
70 137 23
104 559 5
219 289 48
160 801 8
85 730 0
124 297 10
801 1471 8
50 235 17
441 1009 8
141 395 1
46 1300 17
697 892 19
189 801 8
142 686 17
581 1362 0
107 129 52
161 433 17
580 1050 0
37 96 1
118 1522 34
1408 1529 42
383 1128 1
363 719 34
359 467 32
38 217 7
850 1115 17
182 844 10
338 1007 8
9 742 13
850 1271 17
122 630 17
161 450 23
778 1222 13
408 1039 5
9 900 0
545 989 10
686 1547 17
325 671 54
56 879 8
46 559 50
93 400 10
938 1118 0
216 408 62
4 744 5
324 654 5
906 1095 17
753 1409 30
519 676 28
229 1136 1
368 670 11
841 855 23
400 614 43
234 1415 34
295 676 10
742 1100 8
1050 1449 32
564 1473 8
130 280 30
80 619 50
792 1397 76
1261 1444 8
359 1140 24
310 801 8
180 1563 8
54 738 9
921 1178 8
554 589 17
961 1090 42
92 1146 45
1141 1457 8
695 1461 63
50 276 17
493 833 23
208 659 70
72 878 10
124 295 10
57 1547 17
92 1090 17
54 1275 17
458 945 12
310 1449 8
656 927 21
794 1417 34
93 122 17
464 1310 35
636 833 23
108 469 1
576 1137 34
1198 1473 23
334 576 23
1178 1499 8
938 944 0
322 727 10
646 747 23
287 614 10
225 942 1
311 834 8
983 1341 38
225 548 1
359 1163 24
519 649 23
568 1188 6
364 508 1
809 849 1
647 1095 17
429 1425 1
137 1269 24
97 801 1
636 1228 37
283 627 17
407 1473 8
80 595 17
305 1506 40
497 1214 0
100 333 32
180 248 8
914 1489 8
681 697 10
839 1399 10
1465 1468 17
133 904 34
1126 1171 71
1077 1473 23
711 1536 50
906 1419 23
672 1466 1
834 1476 45
1071 1131 8
97 1126 1
510 694 62
442 628 17
224 862 17
711 892 10
930 1459 0
685 1481 32
276 283 17
60 213 42
54 646 17
317 582 17
801 988 10
1443 1512 2
208 960 10
202 938 0
576 1403 8
785 1322 29
248 1058 10
614 646 10
833 1064 23
571 1332 38
229 1268 1
450 1128 1
337 554 17
143 476 8
479 632 11
744 879 5
70 654 23
600 1064 23
852 1221 23
295 867 10
469 508 1
482 1100 34
694 771 62
253 1171 46
1061 1468 74
209 631 10
455 619 53
317 636 8
1084 1247 24
75 1511 19
842 1554 34
299 564 10
363 1374 34
220 846 2
189 1458 8
361 827 4
46 1146 11
152 157 1
609 1271 8
385 619 12
580 668 0
499 1213 5
615 703 2
862 990 33
765 983 38
266 467 32
409 1141 14
797 1351 51
220 1481 66
395 702 1
133 1045 23
51 1273 8
216 684 8
142 288 17
390 1399 10
419 1128 1
96 1234 1
319 1232 1
685 745 32
548 1137 22
9 750 0
299 891 70
376 469 8
97 1048 1
609 635 8
50 1049 10
299 1152 23
1103 1265 8
1095 1333 1
47 998 67
843 906 8
1169 1552 1
142 801 10
163 276 17
401 1540 22
198 1376 5
845 999 23
281 590 18
565 580 13
295 468 10
62 268 8
867 1528 27
519 1161 23
963 964 21
468 880 64
198 444 7
639 870 1
384 1103 27
401 407 1
152 1269 1
106 973 17
84 208 70
454 1211 37
582 631 10
833 1078 23
325 604 23
289 317 8
368 1268 34
690 876 38
116 497 13
26 261 32
434 956 4
850 1061 23
810 1216 8
585 973 23
545 1369 2
46 1045 17
889 1271 17
143 441 8
248 843 8
797 953 4
363 1025 34
1128 1300 1
428 708 17
282 845 23
834 994 42
734 977 8
97 810 1
180 782 10
988 1044 33
324 1126 55
1136 1232 1
282 493 23
433 567 31
185 508 8
219 1476 17
196 922 8
108 1476 1
578 1216 14
566 812 23
366 701 62
69 339 10
160 1221 1
576 589 23
921 1319 8
1489 1491 1
294 559 2
441 555 8
565 614 2
381 849 10
168 324 2
667 1366 60
288 379 35
1259 1463 1
484 511 17
1220 1458 24
693 1499 8
730 1317 40
365 508 8
565 1037 12
849 906 1
493 596 8
373 627 17
561 582 17
901 1046 29
458 978 12
801 971 2
571 891 8
124 932 2
297 907 10
1048 1078 23
595 708 17
1190 1279 34
13 998 0
441 457 8
56 1178 29
314 701 62
766 1255 17
93 299 10
632 1061 23
180 690 8
326 1293 52
441 971 2
25 149 40
99 1448 1
769 778 71
913 962 21
311 1564 8
1261 1471 8
634 646 17
167 736 10
91 742 40
220 1283 21
289 589 19
390 615 10
1136 1492 5
150 841 23
363 679 34
781 1293 52
581 1049 2
337 634 17
340 1176 6
239 668 0
85 653 0
273 1129 1
157 1273 8
51 314 58
245 850 9
80 268 8
396 1350 42
99 988 17
1077 1198 23
1211 1458 8
1419 1564 8
679 773 30
567 701 23
501 1085 17
18 374 12
564 830 8
34 1466 7
842 1017 8
537 1511 19
337 765 13
711 1049 43
208 767 8
468 1443 53
116 475 24
231 1169 8
830 1341 8
543 1464 1
1249 1407 17
104 178 17
51 479 11
789 1074 54
821 1277 1
163 433 17
675 972 62
99 484 17
604 1512 2
314 1407 17
79 433 10
400 495 31
365 396 8
707 1129 29
636 870 1
1230 1386 19
614 767 10
787 1515 24
563 841 49
501 697 19
742 1146 11
62 185 8
272 906 11
619 1283 53
564 1249 17
783 933 2
564 567 31
261 852 32
1464 1554 1
906 1253 42
1146 1420 11
361 568 4
674 1080 15
933 1050 32
409 1463 1
1039 1281 5
614 1146 50
15 592 24
886 1419 23
139 455 12
970 1296 8
168 368 34
26 348 32
1350 1427 5
1320 1464 22
566 892 23
433 1078 17
675 703 30
184 548 8
701 1283 5
572 862 17
46 999 8
1290 1438 14
596 1458 8
671 674 12
730 933 53
849 1195 90
224 582 17
97 133 1
212 1473 23
450 973 23
602 1131 8
779 1148 62
632 999 23
4 352 23
787 854 32
681 892 10
925 1427 23
483 1351 51
493 604 21
373 906 21
339 647 10
295 564 17
149 1417 1
452 565 2
850 1534 23
659 1062 23
196 390 29
801 1489 1
1129 1277 1
209 494 10
588 1244 45
444 589 7
97 988 1
1136 1269 24
638 942 1
97 1402 1
137 408 23
198 1363 39
1209 1273 14
329 1409 1
747 1333 23
424 905 40
247 1388 19
45 896 29
1265 1277 8
545 736 27
289 1419 8
1281 1496 23
134 1216 8
477 1232 1
120 615 10
701 1152 5
249 1045 17
1216 1464 8
602 1135 23
81 1128 1
311 1093 23
449 734 8
278 447 26
13 933 0
376 1281 23
322 660 2
737 1363 32
236 289 62
663 841 49
906 1185 23
172 670 17
57 477 10
202 1296 8
17 449 5
447 753 13
139 531 32
926 1077 14
15 497 0
488 889 17
108 1146 1
631 1054 50
163 1542 89
800 849 17
180 409 8
180 576 8
1043 1399 10
1009 1377 5
163 233 17
502 1347 51
46 259 8
554 1432 17
280 671 12
602 632 23
310 1016 8
328 796 8
646 1476 17
226 782 10
253 973 19
424 1095 1
1281 1451 14
742 964 11
342 1211 37
462 764 72
1008 1363 39
298 737 32
1141 1451 14
216 1409 5
734 865 23
139 188 32
149 1228 32
458 847 12
9 523 13
276 1386 19
460 842 34
447 794 13
999 1135 23
242 442 17
1125 1128 1
108 1363 1
407 1396 2
298 876 18
608 1492 5
45 292 40
133 198 23
295 970 10
1169 1275 8
13 675 0
1017 1118 8
261 1084 24
276 457 17
794 927 21
1400 1481 28
289 925 23
719 787 24
337 681 10
559 1338 43
305 419 40
660 907 2
168 821 34
62 476 8
50 501 17
72 554 10
571 1369 49
364 424 29
50 801 10
401 1211 1
384 600 10
1377 1427 5
84 1221 23
104 1232 23
253 375 5
124 276 10
638 1269 8
450 1481 5
672 686 17
767 927 23
167 272 17
609 1554 8
572 964 17
876 1283 23
390 438 10
248 628 17
846 1045 10
475 1513 24
852 1458 14
202 1132 71
340 574 17
80 167 17
631 1037 12
424 627 24
872 1515 2
1136 1261 8
337 1133 23
892 1045 74
1151 1401 1
419 1141 8
843 1111 8
572 1473 8
1259 1374 34
872 990 38
9 368 13
283 468 10
291 434 4
601 1481 28
242 440 17
385 827 12
1184 1316 2
685 854 32
609 1473 8
12 681 13
276 1407 17
104 1397 19
630 844 17
118 813 8
872 1090 10
62 1039 5
1275 1480 8
364 1178 29
224 766 17
843 1131 8
568 1222 0
602 869 8
321 395 1
475 877 59
108 329 1
242 548 17
185 767 8
38 108 25
292 1258 14
303 959 7
653 782 34
100 139 32
419 959 36
563 1381 34
1245 1337 14
824 998 8
81 1017 8
708 1148 17
769 1268 8
608 711 53
668 1553 8
870 1457 1
291 961 12
314 1353 19
51 1227 8
449 488 62
834 1447 42
188 875 24
54 693 17
208 927 70
299 1221 23
288 572 17
366 614 20
863 973 10
865 1129 1
619 726 12
626 1128 1
847 1317 7
1007 1277 1
62 646 8
198 850 23
918 930 2
345 1417 8
531 1464 1
60 1253 42
124 1399 10
901 1239 29
196 1419 8
470 1425 8
80 283 17
365 1295 10
208 675 2
22 1563 8
507 1118 3
631 1476 10
208 1481 28
340 582 17
385 568 12
998 1232 1
942 1216 1
325 1016 32
124 646 10
126 533 34
77 1326 8
172 1492 5
855 1017 8
226 337 21
400 407 87
233 440 17
62 352 23
249 1148 19
366 960 20
299 927 70
690 1477 38
475 925 24
242 1118 1
585 1547 23
212 632 23
39 795 34
1261 1288 1
398 927 21
85 110 0
68 601 82
1039 1136 5
108 1216 1
942 1277 1
429 1290 1
408 1161 23
91 567 31
931 968 29
226 1153 21
127 1500 38
961 1074 12
50 140 40
627 788 24
374 904 34
409 1220 24
781 1198 23
50 72 10
212 519 23
137 1078 23
765 879 44
960 962 70
37 152 1
441 1553 8
276 1118 3
747 1465 23
999 1299 30
208 1326 8
636 676 8
400 1511 20
137 1419 23
892 1238 8
89 1157 51
198 578 33
4 845 23
126 688 34
206 693 17
805 1512 2
125 879 8
429 1046 1
291 309 12
563 1128 1
449 1281 5
911 1118 12
374 743 8
676 990 38
172 1458 14
120 408 10
206 340 17
272 295 17
635 846 21
595 672 17
433 1432 17
1042 1062 17
75 988 33
375 568 40
226 630 58
844 960 10
123 631 12
143 668 8
852 973 23
1178 1420 14
103 1042 17
78 769 35
889 1502 4
993 1432 21
747 1527 38
242 697 17
441 1300 8
1203 1481 14
69 863 10
580 1146 13
127 1159 16
602 1296 8
62 1111 8
59 555 11
334 938 13
555 1147 31
235 324 10
401 758 1
1133 1464 1
962 1542 21
905 1362 13
925 1463 1
208 1338 10
337 962 21
1238 1417 1
137 578 23
1085 1448 17
1046 1463 1
60 848 17
1004 1172 35
821 1261 1
400 956 31
80 185 17
1062 1085 17
442 892 17
1448 1480 8
239 742 13
1288 1449 1
1239 1322 29
390 497 13
1017 1178 8
619 1325 40
428 1362 13
46 1115 17
9 589 0
225 1221 1
376 1140 8
96 494 10
457 468 10
891 932 53
222 1141 14
771 942 17
305 597 40
478 833 26
781 876 23
794 1067 21
1172 1406 35
288 1554 34
1010 1529 10
813 1296 8
1220 1271 24
1341 1557 79
889 1448 17
141 879 8
554 582 17
1423 1474 14
163 848 17
572 1118 3
686 850 17
288 877 17
1172 1234 35
80 1427 23
479 1042 17
4 930 0
84 994 21
1277 1547 8
555 922 8
1211 1549 8
80 294 8
142 555 31
631 777 12
499 530 19
468 813 15
563 1374 34
844 1353 17
808 827 0
727 1221 1
161 1017 8
502 1376 5
862 1547 17
441 1216 8
206 1223 17
157 345 8
833 1316 13
282 1449 8
806 1296 17
767 1366 60
62 470 23
189 1265 8
930 1035 0
97 273 1
295 681 10
1180 1250 38
56 1216 8
408 976 19
280 363 34
408 993 58
334 1031 6
385 1032 6
709 1521 32
131 337 19
648 1062 10
648 872 10
59 428 11
168 184 8
381 848 10
887 942 17
109 389 1
437 1409 23
543 1529 56
288 309 34
827 938 0
396 845 23
80 497 13
234 850 34
545 753 2
142 800 17
93 763 17
653 959 79
149 1245 1
364 734 14
1018 1117 55
763 1473 8
62 1449 8
1310 1422 35
545 1517 10
314 1296 17
107 780 52
176 468 15
709 1169 8
505 1502 4
477 582 10
183 433 17
248 334 8
635 1496 21
309 368 34
291 468 12
520 1282 34
883 1172 20
863 1296 8
531 791 32
242 276 1
821 1508 1
176 1526 35
449 1227 8
636 849 1
690 755 7
796 1419 8
216 1388 62
968 1268 14
433 520 20
845 1377 5
295 1042 17
283 1444 8
90 870 1
1249 1280 19
1169 1203 8
405 1325 53
352 999 23
680 782 10
314 1496 23
281 660 49
373 844 21
249 317 17
614 678 10
262 455 54
848 1280 19
299 1496 70
401 1268 1
91 894 4
1440 1547 17
892 1090 19
801 922 8
149 1268 1
1153 1350 42
469 1261 8
1078 1128 1
220 1153 21
167 1296 17
381 904 10
899 1090 74
855 1326 8
127 1527 38
1131 1151 8
137 157 8
441 1564 14
104 1419 23
198 438 10
212 604 23
283 561 17
311 352 23
801 1172 2
744 889 17
294 1300 8
990 1461 38
176 944 15
1452 1545 14
282 600 23
383 921 8
433 711 10
827 845 5
339 595 10
178 1476 17
833 907 23
484 1039 5
237 1220 24
693 1129 1
47 904 10
337 800 19
17 337 23
821 1417 34
590 852 32
475 778 24
679 1019 27
341 791 32
334 1396 38
1103 1290 14
295 771 17
208 849 1
962 1362 0
325 660 54
942 1071 1
157 1269 24
490 1171 35
198 680 17
668 1317 7
149 184 1
376 447 8
468 753 2
259 1120 14
1054 1408 42
508 1046 1
120 589 10
72 567 10
796 810 8
120 1489 1
206 1049 10
185 681 10
46 588 45
1217 1540 8
548 636 1
310 425 41
520 974 34
216 1425 8
226 253 58
588 1090 1
407 519 28
711 983 38
938 1035 0
82 1221 23
149 1362 13
424 1046 29
70 437 23
488 1300 19
508 1554 1
646 942 1
104 1043 10
68 222 4
263 1433 2
628 961 42
345 1449 8
384 433 10
208 220 21
152 178 17
414 630 10
126 1153 34
740 757 62
4 133 23
226 251 42
668 768 1
703 1474 34
309 1100 34
830 988 17
104 914 23
994 1362 13
407 1419 8
720 757 73
257 425 41
842 927 23
588 1223 17
678 887 17
239 581 0
138 198 39
733 828 72
821 896 1
127 525 7
401 1277 1
233 830 17
345 1333 8
249 794 17
765 1169 1
62 519 23
457 634 17
94 129 52
962 1032 6
920 1213 32
85 783 13
520 1273 8
419 1203 14
359 753 12
338 901 29
104 395 1
161 886 23
464 589 10
282 499 23
132 619 0
701 1420 37
106 863 10
674 707 29
1095 1232 1
79 224 10
693 1462 8
738 755 41
896 1540 8
703 1554 34
998 1521 32
235 1317 42
80 775 45
253 1299 30
884 1444 8
646 1536 17
500 1004 35
511 1366 60
630 767 19
631 867 10
133 168 34
60 887 17
9 653 0
196 1048 14
589 801 10
46 1277 8
1161 1492 5
999 1007 8
999 1281 23
287 314 17
314 976 19
62 1457 8
788 1464 1
922 1136 8
259 968 40
595 849 17
863 1420 37
962 1399 10
104 1049 10
783 1399 10
519 1061 23
736 848 10
84 794 21
322 703 2
310 477 8
82 744 29
921 1563 8
476 942 1
239 738 13
160 963 21
1078 1288 1
339 1362 13
537 1095 17
734 1172 35
1135 1433 2
309 795 34
830 999 8
711 1502 4
477 1564 8
400 701 37
683 1271 24
813 1140 35
870 1269 1
455 1080 15
275 499 10
457 1120 8
230 339 10
133 678 17
1332 1443 83
767 883 17
654 883 17
1126 1552 1
479 1007 8
468 901 10
1407 1476 17
222 1500 2
744 1133 77
590 770 32
390 767 17
150 1376 5
565 911 12
334 1310 6
571 1497 38
150 999 23
68 449 4
92 163 17
602 678 3
744 852 77
333 999 62
576 1374 34
501 1420 17
627 1547 17
970 1228 37
405 734 8
13 905 13
564 1273 8
441 1148 10
62 1529 23
1077 1135 23
107 401 1
626 1448 17
452 892 10
589 999 23
767 1064 23
548 896 1
779 1388 62
172 806 17
311 440 17
588 1035 1
247 433 33
384 742 10
167 475 59
94 780 52
168 1299 27
488 1081 7
48 198 10
744 1438 5
222 777 12
855 1232 23
168 374 30
475 1065 24
544 878 67
60 142 17
602 1213 32
1010 1148 10
289 501 19
202 1534 1
438 1310 6
390 967 21
899 1293 52
381 464 10
46 81 11
216 1058 37
60 366 33
340 848 19
168 1303 12
830 1319 8
182 1492 5
310 732 8
674 1366 60
437 1115 17
289 1333 23
563 922 1
922 1141 8
278 543 7
149 430 40
1169 1290 8
80 877 17
805 933 2
46 884 8
69 322 10
209 553 10
178 564 17
450 484 23
442 767 17
425 1074 54
646 889 17
56 1046 29
89 369 28
1258 1416 14
253 841 23
401 1417 1
20 1050 34
4 311 23
376 381 8
1103 1540 8
742 1023 11
251 972 42
295 1295 17
566 1339 21
619 845 5
988 1271 17
118 1129 8
879 1552 1
291 949 12
167 1350 42
46 479 11
850 1377 5
589 852 23
407 663 2
314 863 10
89 253 2
510 779 62
80 1534 23
234 1027 34
447 833 13
369 654 10
108 894 1
465 1111 10
1049 1221 8
568 600 10
176 374 8
1279 1480 34
1275 1540 8
470 730 10
150 198 23
469 1420 11
1362 1421 0
766 1547 17
470 982 10
808 974 13
433 1407 17
1042 1529 17
39 565 34
103 892 48
253 887 17
470 1185 23
103 1353 19
62 1146 8
142 1465 14
108 1407 17
54 1010 10
401 1443 1
671 733 72
361 671 4
732 767 10
905 1319 14
646 1095 17
262 374 54
548 1395 45
590 1566 32
497 636 13
457 489 17
69 278 7
93 537 17
531 875 32
523 1148 30
570 674 29
348 1220 32
867 1167 27
216 632 5
1118 1133 8
96 1048 1
93 287 17
636 1545 14
565 960 2
121 309 12
96 619 10
1007 1547 1
314 1093 23
235 1529 17
877 1064 17
907 922 8
609 999 8
843 890 8
182 654 23
1035 1216 8
384 703 2
843 1471 8
575 738 41
92 297 17
198 745 39
1085 1249 17
20 378 67
1326 1536 1
149 732 1
396 449 5
172 516 17
152 1151 1
862 887 17
449 870 1
338 747 18
48 280 2
61 1481 28
1120 1524 8
50 1386 17
449 876 5
233 457 17
26 1209 29
288 1090 17
442 672 17
54 686 17
89 440 10
867 892 10
180 206 10
771 1353 19
262 281 41
80 340 11
150 608 23
81 1448 8
801 1387 7
646 1419 23
288 1227 8
172 1198 23
139 266 32
429 709 1
289 484 58
489 635 52
62 475 24
1131 1135 8
1037 1513 12
13 149 13
802 988 10
92 206 17
883 1536 17
62 118 8
37 768 55
494 727 10
96 1223 17
678 944 10
444 742 21
920 1016 32
272 548 1
464 629 35
89 1148 10
176 850 8
390 927 21
229 1169 1
0 1234 34
788 1120 14
13 1421 0
90 796 8
184 543 8
428 442 8
231 1564 8
222 340 10
902 956 4
369 574 17
441 1071 8
72 678 10
294 428 8
299 631 43
236 973 62
122 989 17
1427 1492 5
727 1169 8
104 846 10
230 867 10
578 1268 14
746 771 19
46 1268 34
548 1025 7
490 523 27
22 100 32
7 938 2
1273 1425 8
99 311 1
131 906 19
390 589 17
56 1008 39
1103 1425 14
571 844 18
46 944 50
280 490 2
62 450 23
626 854 17
602 1316 0
169 570 29
253 659 23
1061 1227 8
1018 1565 55
879 1277 8
468 930 0
72 944 10
1420 1556 14
596 1464 1
582 1148 17
467 906 23
59 581 21
224 973 17
184 843 8
48 1515 2
1046 1521 32
16 809 34
440 493 17
125 495 82
400 963 2
60 219 17
51 1153 21
9 1515 13
629 1004 35
654 1409 23
182 299 23
275 1293 10
235 730 10
441 1481 28
468 773 61
1185 1213 5
345 497 8
9 1163 13
224 428 8
9 116 13
295 365 10
734 1456 8
719 821 34
56 1131 8
447 601 35
107 424 29
694 1386 62
647 1153 11
340 630 3
830 1415 8
229 1449 1
495 891 82
75 863 20
428 734 23
118 229 1
185 206 17
581 1496 21
628 887 17
801 1148 10
319 1203 14
805 1481 10
1045 1133 23
56 1063 8
80 450 23
222 548 1
632 852 23
280 703 30
648 964 10
217 553 10
295 529 10
680 1440 17
449 767 62
927 1136 23
9 1222 13
608 963 21
90 661 29
769 907 8
730 808 0
121 797 12
571 1362 13
688 1146 34
841 1250 38
843 1009 8
1206 1396 38
338 830 14
405 1362 0
615 617 10
1093 1438 23
50 648 10
1178 1288 1
678 1223 17
597 1376 38
500 631 15
470 901 17
242 1141 1
253 736 10
248 867 10
507 1129 1
137 1473 23
130 679 30
133 488 17
644 843 8
1347 1353 7
730 844 10
408 1376 5
152 206 17
499 852 23
208 220 21
216 921 5
469 1296 8
810 974 13
801 1417 8
25 407 37
501 698 19
239 1146 13
502 907 23
742 1459 1
865 1377 5
253 1468 74
742 1058 10
737 1220 32
182 850 23
208 217 43
525 1347 51
531 1220 32
17 314 23
161 635 21
116 1317 7
872 1529 10
142 672 17
249 366 19
719 765 13
50 627 17
104 708 17
930 1044 20
142 554 17
429 892 1
488 766 17
497 663 13
1198 1427 23
1045 1093 23
877 1044 33
133 1141 8
1061 1333 23
9 568 0
1133 1564 8
467 1534 23
600 1409 1
126 288 34
182 1148 10
877 1085 17
892 1152 23
260 896 8
305 325 32
70 567 23
1078 1198 23
12 998 0
317 595 17
311 437 23
282 636 23
260 1451 14
845 1003 23
432 1476 45
289 994 58
172 993 11
150 1078 23
108 758 1
892 1213 5
488 1511 19
46 225 8
571 1253 42
74 280 34
398 400 2
428 1061 8
904 1554 34
340 1439 19
668 991 71
289 1054 11
697 869 17
309 365 2
727 1061 10
519 1185 23
626 1419 8
291 1515 12
449 1185 5
108 921 22
334 1415 8
1178 1269 40
106 1095 1
746 999 19
96 564 1
189 1175 21
668 968 29
57 231 17
93 479 31
324 766 10
219 314 48
1007 1448 1
409 419 16
369 1536 17
99 1141 1
452 1499 8
1095 1425 1
1333 1457 8
736 1111 10
1120 1465 14
1416 1463 1
821 1307 1
1118 1466 1
675 1449 8
549 1271 24
973 1536 17
830 1151 8
767 846 2
133 561 17
922 1135 8
242 1064 17
760 959 7
167 276 17
636 744 5
212 375 5
242 1269 1
9 444 0
494 553 10
672 889 17
278 460 7
340 628 17
1136 1198 23
322 863 10
405 1316 2
497 796 8
17 576 23
272 1044 33
339 468 10
565 850 34
905 938 13
299 433 10
276 846 2
235 555 17
106 711 10
408 848 19
184 600 8
765 795 13
366 555 33
278 1063 26
433 1249 17
168 384 2
429 1216 1
543 1381 34
564 922 8
638 1390 84
766 1448 17
582 1010 10
499 812 23
142 407 10
830 1043 10
1133 1271 24
133 1300 17
282 1534 23
120 508 1
310 850 8
1077 1211 23
424 1216 8
1103 1128 1
888 1290 14
288 1191 8
1007 1103 1
276 1077 23
79 905 8
228 1513 12
152 628 17
22 291 12
253 1198 23
310 389 71
299 619 43
235 877 17
1227 1273 8
1048 1064 23
602 796 8
182 882 10
808 1552 0
311 1273 14
872 933 2
1135 1489 1
167 1275 17
567 632 23
108 554 1
580 1214 0
11 208 0
564 1114 59
172 1564 8
22 1305 12
585 1481 5
442 1476 17
508 1290 1
163 488 17
142 494 10
104 1152 23
436 849 1
202 563 1
118 787 8
638 1480 8
12 765 13
182 906 23
160 1458 8
580 857 13
783 1476 10
484 899 58
289 709 23
631 1376 40
50 1529 17
224 1090 17
901 1178 29
228 797 12
548 1363 1
904 906 34
82 1433 13
842 1529 23
305 1084 24
294 1443 30
520 942 8
167 1300 17
74 460 34
844 1407 21
167 554 17
289 1319 40
178 1432 17
338 931 29
674 709 32
549 808 13
122 1085 17
408 523 30
288 914 34
499 879 23
222 303 12
600 855 23
511 1153 17
46 231 17
225 1048 14
395 1452 1
118 1088 85
266 788 29
222 1458 14
145 293 77
80 122 45
22 1508 14
769 879 8
225 588 1
907 1380 2
447 1512 13
183 317 17
493 887 17
72 771 10
47 892 10
709 1483 32
631 1481 10
841 875 18
708 1042 17
282 649 23
701 1511 62
275 1443 2
614 672 10
608 1198 23
176 1125 8
120 914 8
561 676 20
182 767 10
212 1003 23
233 449 62
198 292 39
812 914 23
872 970 37
248 1095 1
375 841 5
208 1564 8
1061 1325 5
99 877 17
329 497 13
248 614 10
1172 1422 35
1273 1547 8
1007 1136 1
647 1064 17
216 230 37
922 1140 8
104 216 62
184 284 8
60 81 11
1146 1417 34
96 628 17
563 1457 1
376 1277 8
196 397 29
1147 1502 4
1288 1452 1
131 1299 30
968 1508 14
209 663 34
100 1206 39
26 923 29
708 1095 17
563 1048 1
141 242 1
334 991 38
555 1095 1
309 904 34
1211 1496 23
441 1277 8
62 1221 23
231 964 17
54 849 17
109 970 72
840 907 2
490 767 10
100 1277 39
614 955 4
742 1448 1
108 668 8
242 1452 1
378 1148 10
242 328 1
800 1061 19
9 579 0
247 1439 19
324 1018 55
97 338 1
654 736 10
152 235 17
208 544 67
582 767 17
600 842 23
578 1300 33
165 834 10
167 390 17
589 906 3
60 1481 11
964 1058 10
1448 1452 14
869 1129 1
471 1044 20
1474 1480 34
1048 1279 14
531 571 18
100 390 32
890 914 8
9 226 0
830 1549 8
973 1473 23
289 1115 17
72 600 10
206 1153 17
615 630 10
334 555 8
849 1269 22
340 499 19
907 1273 8
46 1440 17
86 170 2
938 971 13
630 1386 19
1100 1522 34
325 1050 32
281 1351 51
229 602 1
79 821 8
131 499 19
4 636 23
161 1198 23
208 990 38
470 1300 17
531 942 1
1300 1468 74
1061 1153 17
289 850 23
1416 1540 8
1148 1353 19
99 103 17
697 1062 17
311 964 17
646 876 23
96 802 10
879 1452 8
107 738 41
478 850 26
801 1515 2
311 1152 23
428 1185 23
276 1048 23
740 1547 23
314 914 23
477 767 10
182 845 23
142 208 10
242 310 71
843 977 8
280 863 2
50 634 17
869 1203 14
375 740 5
81 106 40
338 609 14
118 198 44
167 493 17
660 1269 24
548 572 17
1078 1221 23
872 1148 10
708 1062 17
516 889 17
602 914 23
647 1464 1
152 1341 1
183 206 17
18 719 12
229 1554 1
905 1464 78
1064 1067 23
1277 1403 8
118 294 3
580 964 13
287 1010 10
295 322 10
226 398 21
57 1058 10
576 1451 14
530 578 33
288 505 50
1178 1458 8
96 545 10
46 1129 8
734 1464 8
879 1259 8
160 1480 8
80 1061 23
140 537 40
597 1297 32
251 1447 42
510 630 19
94 1351 51
430 1211 29
711 1039 40
471 1009 29
104 239 0
428 709 23
122 887 17
833 973 23
196 334 18
248 408 17
428 441 10
253 938 0
914 1100 34
378 932 2
72 1443 2
608 632 23
891 1007 8
476 900 8
576 1417 8
701 886 5
516 555 17
576 1296 8
1277 1536 1
796 1067 8
1269 1472 8
476 1333 8
533 914 34
516 744 17
694 906 62
600 1552 1
259 1403 14
288 1259 34
993 1238 8
1277 1465 8
4 925 23
299 753 2
310 744 5
309 1299 27
709 1290 14
501 862 17
628 630 17
477 672 10
450 1137 14
449 1529 5
281 592 18
121 568 12
337 1547 17
548 913 1
770 852 32
46 775 45
198 1228 39
133 1153 11
118 674 44
299 1136 23
904 1234 34
266 516 8
1180 1269 24
385 956 4
788 1310 35
694 1481 28
609 900 8
120 878 87
654 1003 23
963 1362 0
843 1232 1
462 538 72
457 1168 31
850 1007 34
209 543 34
217 850 50
844 1175 21
849 998 22
802 1399 10
602 961 12
253 516 17
850 1499 8
212 390 11
671 1304 12
89 497 13
368 1496 21
12 1506 13
188 1271 24
933 1351 51
80 373 21
1216 1271 8
408 1440 17
283 428 8
601 1420 37
385 944 12
1423 1480 8
1025 1035 7
812 999 8
805 932 2
25 322 37
444 1090 7
907 1152 23
921 1448 8
340 1010 10
425 797 54
708 848 17
580 805 0
767 848 19
769 855 28
272 988 17
299 1171 38
504 1433 2
317 626 17
397 1220 24
149 1472 40
175 668 8
440 628 17
419 1540 8
615 1529 56
663 1554 34
437 1244 11
849 1249 17
143 1265 8
89 1246 10
738 1134 41
1464 1474 22
138 281 18
872 1228 37
574 800 17
183 678 17
295 693 17
271 497 0
441 850 8
224 1223 17
842 914 34
794 1169 8
15 596 24
1046 1203 14
615 844 10
635 830 8
508 1494 1
693 855 8
1007 1540 1
283 1529 17
626 1444 8
440 1547 17
844 1283 21
266 1449 8
636 1419 23
266 1457 8
1003 1494 23
208 1156 67
161 802 10
126 660 34
396 956 4
280 850 34
142 1078 17
1249 1409 7
821 1471 1
596 1459 1
927 1481 5
268 520 8
324 892 10
198 1473 39
149 1178 1
142 578 33
62 849 8
442 989 17
134 497 0
588 999 1
22 1101 14
1217 1232 22
57 219 17
1057 1078 1
13 263 0
511 630 19
120 769 8
736 938 13
971 1443 30
744 1035 77
441 1067 8
46 782 34
914 1152 23
843 896 8
172 233 17
608 1067 21
808 932 0
288 294 8
85 405 0
656 742 66
13 1369 13
325 892 23
653 1549 34
634 1536 17
288 944 50
288 1042 17
196 745 32
294 378 2
129 1343 52
452 1169 1
93 1062 10
38 1536 25
235 862 17
51 80 21
553 1547 10
849 1289 1
1110 1416 16
116 1269 24
98 1362 2
217 973 10
9 282 13
337 863 10
821 1523 34
152 242 17
125 734 71
923 1529 54
1136 1350 5
572 1049 10
1288 1512 2
125 566 53
1281 1438 23
93 365 10
13 571 13
60 845 23
131 172 17
500 1128 8
288 1515 34
12 579 0
383 609 8
182 589 23
438 1299 6
668 850 8
334 1245 8
554 708 17
364 1425 14
342 1388 62
253 842 23
704 767 26
732 742 10
1166 1481 66
188 660 24
272 1397 33
99 1401 1
502 998 12
225 476 8
906 967 21
383 1232 1
442 708 17
69 944 10
901 1511 20
62 649 23
675 953 4
359 1047 24
57 80 17
198 1353 19
809 815 8
766 1233 71
636 1280 19
883 1233 71
516 564 17
216 1198 5
400 437 10
157 429 1
125 933 53
188 1400 24
249 1409 7
672 734 8
272 441 10
1090 1409 1
892 1054 11
121 291 12
711 834 10
1211 1554 8
850 1279 34
161 235 19
70 428 23
617 844 10
755 1347 51
108 1480 1
237 475 24
709 1009 23
433 887 17
18 690 7
1232 1540 1
709 850 23
857 1084 24
295 493 17
230 537 10
794 1464 1
476 602 8
734 900 8
458 1502 4
385 505 12
160 617 2
744 1198 5
458 543 12
1026 1080 35
337 1054 11
602 1239 14
220 808 0
732 843 8
849 933 1
230 390 10
407 1288 1
709 1129 1
9 225 0
160 628 11
324 419 53
401 1247 1
219 235 48
709 1521 32
830 1060 8
1269 1491 14
1277 1499 8
15 795 34
184 429 1
79 1496 53
659 1529 23
107 108 1
572 627 17
168 405 30
125 1350 42
46 176 8
843 1474 14
80 1281 23
562 809 85
70 1077 23
198 707 39
208 507 9
206 217 10
806 1090 17
478 801 26
678 1232 1
845 1136 23
85 1473 8
400 1335 67
479 1017 8
142 180 10
103 1275 17
765 814 0
62 1120 8
1057 1425 1
235 686 17
561 701 62
821 1452 1
680 681 10
253 1049 10
104 566 23
766 1536 17
450 649 23
16 974 34
878 1502 31
574 634 17
224 1448 17
636 830 8
317 869 17
47 478 26
444 635 21
278 1100 7
904 1293 10
396 429 1
1048 1483 8
47 339 27
449 646 5
178 1448 17
46 1253 42
57 1476 17
248 850 17
138 139 32
340 852 23
62 869 8
340 564 11
477 1419 8
272 310 8
576 781 23
791 1366 60
340 1054 11
973 1063 8
337 976 19
1141 1288 1
309 736 2
176 458 15
340 568 6
46 311 8
16 850 34
222 753 2
478 906 26
787 1203 24
142 440 17
1186 1316 0
168 847 12
366 589 19
455 954 4
188 198 39
769 1403 14
892 1397 19
563 1226 40
208 271 25
567 855 23
698 999 19
251 767 42
442 493 17
90 475 24
280 1024 62
253 632 23
906 1090 19
297 545 10
600 1061 23
447 502 0
375 921 5
484 852 23
1397 1511 19
222 1481 28
1046 1540 8
379 1140 35
659 1499 8
1023 1420 11
907 1198 23
1307 1540 8
568 766 7
51 172 11
230 988 10
600 867 10
74 278 7
1146 1234 34
676 927 70
400 907 87
441 1135 8
69 602 3
104 1462 8
674 876 18
13 412 0
1133 1459 14
889 962 21
313 765 44
253 862 17
219 877 17
396 870 1
37 324 55
533 904 34
737 1269 40
259 1448 8
1365 1554 8
595 1061 17
163 1275 17
736 1300 10
833 1438 23
559 1090 10
364 745 32
733 891 44
701 973 62
1007 1246 1
69 230 10
314 1492 5
450 1161 23
511 1481 17
22 1303 12
1129 1547 1
429 1480 1
369 766 17
375 502 5
1246 1425 14
471 1239 29
576 1064 23
578 1440 17
1140 1141 8
1489 1499 8
46 419 8
297 614 10
239 1009 13
572 647 17
212 1133 23
999 1045 23
408 647 19
571 674 18
9 742 13
168 299 2
519 1238 8
493 959 9
499 1077 23
152 830 17
636 1230 19
576 833 23
720 1511 62
902 925 23
374 789 54
1277 1452 8
134 1444 8
565 1459 1
408 1300 19
870 1239 22
436 1473 8
368 520 34
578 781 23
93 630 17
452 901 10
1082 1529 40
90 364 29
508 1222 1
334 1131 8
281 1332 38
142 1114 59
516 537 17
89 771 10
523 563 27
519 578 23
1452 1491 14
420 765 13
1048 1217 14
104 494 10
604 1048 23
167 233 17
787 879 24
46 883 8
516 964 17
134 292 77
676 744 5
80 206 17
508 1268 1
396 708 45
132 281 13
555 1540 8
482 688 34
627 809 34
242 564 1
626 1085 17
401 1007 8
973 1511 19
702 959 7
465 564 10
627 849 17
644 1007 8
161 1223 17
444 1222 0
732 1499 8
54 846 10
224 384 10
253 501 19
281 791 18
69 904 10
447 1433 13
632 1062 10
458 998 12
914 1080 35
841 1077 23
275 801 10
206 516 17
870 1245 1
25 1563 8
340 766 21
311 1148 19
460 1136 34
1425 1447 14
1227 1480 8
582 1407 17
502 709 23
855 907 23
733 833 72
103 161 19
1050 1490 32
46 235 17
365 544 67
865 1338 87
475 516 24
494 1529 10
801 882 87
133 649 23
468 1222 0
921 1039 5
46 1007 34
324 553 10
493 1153 11
311 1136 23
1417 1449 8
441 1017 8
185 1407 17
172 796 8
1129 1457 1
678 708 17
852 892 23
644 844 11
261 1206 39
1269 1463 1
632 1409 1
383 1131 8
74 1171 35
630 863 10
627 1468 17
374 441 8
133 993 21
337 488 19
295 408 17
1281 1481 5
85 504 0
999 1261 8
879 1035 8
141 921 8
262 755 41
726 1321 38
26 1046 29
520 576 34
176 1131 8
922 1265 3
80 585 23
454 519 28
1093 1206 39
89 248 10
160 220 21
671 959 7
178 678 17
747 1377 5
137 1283 21
9 1198 0
906 925 23
1084 1506 24
160 656 21
1463 1553 1
889 1462 8
733 949 72
340 488 19
841 1481 5
1481 1521 32
78 1232 22
467 1350 5
365 449 37
653 1171 35
234 660 34
1473 1534 23
374 1449 8
133 1288 1
225 447 0
742 1111 10
69 1141 8
852 1508 14
378 1250 35
488 887 17
150 375 5
738 971 94
810 1129 1
12 922 0
709 1269 8
479 554 31
335 400 67
549 563 12
198 563 39
222 291 12
703 1447 17
182 697 10
770 1239 29
833 845 23
378 697 10
249 800 19
1133 1136 23
364 1462 8
1290 1444 8
1084 1419 24
85 1009 13
653 1268 34
614 956 4
1118 1203 8
90 1261 8
253 907 23
369 1085 17
242 299 10
531 1458 14
572 805 10
266 516 8
457 570 17
876 1494 23
1131 1178 8
375 842 5
59 85 13
9 944 0
497 581 0
219 561 19
1211 1473 23
137 475 24
74 653 34
555 588 17
497 900 0
1289 1466 1
180 1271 8
272 470 17
127 398 16
188 266 32
338 1463 1
1007 1100 34
1448 1483 1
123 468 12
477 1476 10
253 408 19
276 1185 23
125 872 70
766 1300 17
268 631 15
765 767 0
537 631 10
209 452 10
441 1307 8
224 1061 17
60 99 17
69 1463 1
45 1046 29
973 1296 8
157 1552 1
727 1057 1
104 449 62
597 991 38
122 827 81
1351 1472 7
879 1261 8
545 679 2
408 654 23
310 646 8
1064 1432 17
266 341 32
56 198 39
93 619 10
161 390 11
368 850 11
202 1409 1
104 1444 8
217 1246 10
34 99 1
634 680 17
511 806 17
46 1203 8
126 719 34
891 960 70
276 1058 10
217 602 27
1058 1476 10
282 1494 23
914 1458 8
0 234 34
160 1261 8
208 742 10
60 479 17
380 1417 34
681 844 10
163 844 21
22 176 15
537 844 21
253 566 23
576 1350 5
276 736 10
512 961 12
1114 1232 22
646 1152 23
769 1490 47
1406 1564 14
679 923 54
247 1044 19
505 1039 40
1161 1481 23
206 872 10
537 765 13
297 964 17
127 849 1
1246 1534 1
870 999 1
365 680 10
198 709 39
1128 1258 14
849 942 1
733 1187 38
436 921 8
730 1362 0
414 678 10
876 1062 23
1213 1438 5
559 726 12
408 449 62
208 381 10
69 152 1
482 795 34
295 988 17
283 400 10
827 894 4
4 1062 23
75 792 76
251 1547 42
960 1443 2
82 959 38
283 572 17
802 1481 10
732 894 4
131 311 19
617 1090 10
12 405 0
672 1273 8
54 767 17
96 1491 1
1206 1549 39
108 129 52
1050 1192 34
782 830 10
47 1111 10
332 738 41
172 925 23
464 801 10
80 1492 5
324 904 10
746 1061 19
396 1427 23
1136 1481 23
758 870 1
1401 1448 1
253 1044 19
96 1135 1
310 407 8
141 870 1
1296 1552 1
251 1153 42
80 554 17
493 1244 11
390 656 66
414 906 10
220 469 21
855 1265 8
133 619 50
183 1536 17
1209 1445 14
48 964 10
646 1213 5
104 1440 17
260 1008 41
1438 1481 5
209 220 10
563 1137 34
600 711 10
168 711 2
133 1244 11
1240 1420 14
289 632 23
172 242 1
163 242 17
1304 1513 12
922 1512 2
1211 1416 14
311 646 23
796 1464 8
124 697 10
364 791 8
268 921 35
131 437 17
57 337 17
359 787 24
366 1024 62
283 654 17
1071 1462 8
1409 1423 1
639 674 29
259 1128 1
694 767 62
231 883 17
769 886 8
565 1279 34
922 1563 8
84 872 70
396 1095 45
420 580 13
495 740 4
549 787 32
447 1506 13
104 1244 11
13 86 0
225 1462 8
271 676 25
690 983 38
977 1269 8
77 1048 8
582 907 10
1337 1466 14
231 1440 17
719 782 34
730 1054 50
559 892 10
225 930 0
260 942 8
876 1133 23
1137 1290 14
401 1462 22
93 1300 17
783 801 10
1209 1294 29
589 1067 23
124 615 27
570 653 66
217 892 10
906 999 19
883 1250 20
31 865 6
9 127 0
133 740 23
133 217 50
46 1221 8
15 753 34
294 1304 12
165 771 10
48 730 10
469 1128 1
245 906 9
340 647 11
235 646 17
185 1547 17
740 1305 5
681 904 10
272 1114 59
48 276 10
738 833 41
697 1085 17
161 844 11
276 436 9
369 973 10
580 636 13
407 1061 10
801 1552 1
237 963 0
1536 1547 1
317 775 17
79 406 8
329 1206 39
103 1049 20
233 1044 19
470 1536 17
670 913 40
1093 1459 14
245 659 21
237 1050 0
575 1171 38
1261 1277 8
896 1046 29
317 771 17
781 925 23
82 834 42
462 1366 60
999 1386 19
636 1290 14
1129 1322 29
276 555 17
592 1521 32
234 1279 34
976 1249 19
133 1444 8
1131 1269 8
470 842 23
630 1296 17
15 288 24
516 879 1
239 974 13
502 654 23
299 672 10
479 1463 1
753 1054 34
124 1481 10
17 1054 50
224 249 17
419 857 16
850 988 17
901 1300 17
311 839 10
340 626 17
479 627 17
172 914 23
178 988 17
428 1480 8
48 224 10
872 1058 87
690 808 0
600 907 23
206 867 10
795 974 34
121 597 12
70 1288 1
511 794 17
92 678 17
309 1253 12
450 1547 23
513 617 52
1018 1126 55
545 1084 24
663 842 34
848 1261 17
57 1115 17
627 1084 24
161 339 10
126 653 34
431 942 45
1227 1238 8
80 1444 8
79 845 5
617 646 10
1042 1407 17
324 808 0
96 634 17
92 161 17
964 1542 89
231 1473 8
1271 1458 24
276 767 3
494 782 10
328 1258 14
80 1480 8
120 419 2
180 663 34
843 1564 14
133 883 17
660 1100 34
531 1232 22
220 1316 0
519 604 23
165 672 10
1136 1152 23
523 1353 30
1161 1211 23
441 1279 14
863 991 38
109 755 7
678 821 1
1071 1564 8
789 847 54
904 1027 34
96 883 17
62 1234 8
226 289 58
1288 1553 1
46 283 17
383 1009 45
796 977 8
225 1433 2
96 490 10
283 339 10
248 736 10
506 960 67
389 442 17
1189 1425 14
283 1288 1
1320 1466 14
380 533 34
139 590 32
1016 1133 32
464 493 10
450 508 1
1321 1477 38
160 869 40
1035 1564 8
470 944 10
168 736 2
479 922 8
283 805 10
132 1522 13
667 1103 14
697 757 62
457 554 17
182 973 23
118 921 8
376 1317 5
653 1141 14
209 520 34
471 707 29
531 922 8
287 555 17
636 1120 8
172 229 1
294 1459 1
883 1468 17
253 783 10
37 1504 84
794 944 50
564 1333 8
400 906 10
588 1395 45
806 1009 45
694 744 5
441 1203 8
810 1048 8
46 1515 34
783 1362 13
126 1050 34
242 869 17
18 420 40
709 914 23
808 1323 46
429 1457 1
914 1192 34
11 168 25
60 1273 8
233 1230 19
1080 1458 8
602 744 5
566 977 53
1464 1466 1
253 744 17
1457 1466 1
604 1159 21
294 408 8
178 589 17
168 288 34
488 572 17
960 1186 37
1017 1129 8
1080 1246 35
520 1146 34
892 1480 8
869 1432 17
882 1058 87
123 291 12
163 1468 17
93 1045 17
812 1227 8
180 1273 14
109 938 13
314 561 48
554 827 7
80 1216 8
502 906 23
766 1061 17
942 1245 1
242 576 1
69 401 1
801 1449 8
1244 1515 34
688 1259 34
69 802 10
913 1296 8
601 953 82
499 559 5
22 1556 14
60 993 42
742 872 10
188 1282 24
17 438 21
120 973 10
484 845 23
160 1466 1
56 345 29
906 1448 17
381 769 8
1141 1536 1
653 1250 35
993 1157 51
59 993 40
93 142 17
913 914 8
668 1415 8
253 555 17
61 335 67
69 742 10
709 1221 23
332 1526 38
209 867 10
50 561 17
659 1547 23
647 730 10
680 1125 10
216 600 5
9 747 13
796 1423 8
614 1090 10
581 808 0
291 1351 51
368 679 34
322 381 10
401 690 1
234 1315 34
62 1401 8
280 867 2
789 1206 39
262 777 54
1206 1480 39
470 669 17
542 602 12
1221 1403 1
133 877 17
103 1249 19
771 1024 62
631 1293 10
313 457 44
634 1169 8
340 757 62
791 1521 32
282 922 8
257 944 67
469 548 1
292 1035 77
220 1113 21
865 1186 37
806 1153 45
942 1268 1
734 1483 8
896 1297 29
440 484 17
703 1226 40
788 1536 78
374 1463 1
242 709 1
1153 1296 17
98 239 2
653 1464 1
499 1062 10
266 1118 8
282 1077 23
9 769 0
1058 1213 28
709 1118 3
172 1169 8
365 927 70
1062 1067 23
447 545 13
183 646 17
830 982 10
457 1552 1
245 1067 21
709 1093 23
1326 1465 14
445 794 11
125 649 8
667 1347 51
365 369 28
275 600 10
468 1338 43
15 406 24
133 1279 34
504 765 2
921 1350 5
92 185 17
365 855 8
964 1283 21
565 1220 24
567 1317 5
13 963 0
1115 1407 17
219 537 19
390 727 10
142 678 17
516 809 1
198 237 0
22 1415 8
1063 1296 8
630 1230 19
90 1540 8
400 753 2
340 1136 23
26 1322 29
90 1239 29
744 942 17
1100 1474 34
679 1259 34
108 883 1
922 1216 7
60 697 17
188 1499 24
890 1265 8
1114 1547 59
209 653 34
261 745 32
672 843 8
120 1128 1
614 783 10
103 720 62
891 1088 8
185 690 1
441 1227 8
865 1078 23
843 942 1
170 373 13
767 1062 10
149 1223 1
757 973 62
615 989 10
97 1463 1
1090 1512 2
271 1433 2
777 1515 12
54 288 17
635 1157 51
769 1118 1
132 932 0
1118 1220 32
502 1468 17
75 1353 19
490 801 10
289 553 10
133 183 45
407 564 10
1261 1403 8
9 263 0
844 1338 10
295 708 17
508 1403 1
125 955 82
26 896 29
70 796 8
495 797 4
801 1288 1
180 361 4
842 1536 8
383 408 17
225 1463 1
1093 1228 32
314 848 19
555 863 10
198 627 17
812 998 8
1213 1427 5
497 571 13
886 1221 23
452 672 10
437 742 11
61 89 10
444 1407 66
266 1090 8
650 1016 32
78 1246 35
281 1253 42
604 925 23
93 1407 17
170 619 81
419 1269 8
161 217 10
865 1310 6
77 872 37
94 635 52
382 1408 42
1086 1141 14
288 563 34
185 617 10
1131 1416 8
169 788 29
428 676 10
273 1081 7
160 334 8
847 911 12
742 938 13
1443 1449 8
104 999 23
188 876 18
676 1331 51
97 1268 1
959 1477 38
314 693 17
60 475 59
484 1064 17
703 773 30
12 109 13
230 600 10
938 1061 0
440 627 17
1 1554 34
437 1221 23
311 488 19
314 812 23
276 1452 23
1140 1271 24
852 1423 14
1058 1443 2
137 771 8
531 602 3
100 875 32
942 1401 1
249 1397 19
319 921 8
104 709 23
80 1481 11
1265 1457 8
942 1228 1
172 921 23
537 767 17
249 437 17
222 458 12
340 604 21
236 954 82
1211 1401 1
168 842 34
704 1071 26
288 1295 17
508 769 8
263 938 2
165 766 10
850 886 23
383 627 17
124 198 10
424 1261 8
1227 1564 14
812 896 8
520 1136 34
614 1048 5
376 727 8
564 899 33
693 1333 1
469 1216 8
365 619 43
925 1129 1
50 152 17
1211 1468 23
1227 1452 14
551 894 4
478 1033 26
419 604 53
1090 1511 19
993 994 40
280 1136 34
470 1042 17
185 1049 10
630 1512 2
428 886 23
561 792 76
198 252 39
334 467 23
376 499 23
631 1049 43
127 930 0
389 964 17
305 744 32
120 960 87
47 849 10
862 1448 17
282 841 23
914 1045 23
160 1146 11
0 688 34
636 1221 23
368 660 34
314 408 19
519 1427 23
168 222 2
81 1409 1
1269 1564 14
508 1449 1
60 152 17
213 1048 8
914 1169 8
630 1049 10
359 592 32
262 703 54
449 1090 62
1064 1376 5
334 1408 42
925 1564 8
944 1496 53
224 989 17
96 295 17
283 630 17
634 654 17
368 537 11
152 1203 1
872 1420 37
78 631 15
956 1049 31
104 973 23
567 781 23
676 1148 10
808 1369 13
183 626 17
225 1480 8
97 134 1
15 719 34
458 1007 12
182 1419 8
297 1064 17
108 1016 1
62 452 8
510 561 19
782 1244 34
602 913 3
178 572 17
70 830 8
311 479 17
48 904 10
844 862 17
834 907 10
510 1249 19
137 1481 21
84 1494 23
230 289 10
1438 1534 23
589 1433 2
668 890 8
70 922 8
375 1333 5
289 833 23
566 907 23
168 452 2
767 1420 17
738 876 41
22 1480 8
630 1058 10
396 852 23
737 1131 14
337 381 10
464 1090 10
1209 1239 29
1078 1534 23
0 118 34
734 1007 8
126 133 34
57 297 17
680 1295 17
184 395 1
1458 1556 14
734 1549 8
1135 1473 23
142 488 17
627 1397 17
660 961 12
576 1458 8
346 787 24
726 1497 38
79 242 10
1071 1133 8
60 1283 23
1095 1407 17
597 1206 39
314 470 17
229 1427 1
407 484 10
170 767 0
182 322 10
863 1293 10
681 938 13
237 1269 24
913 921 8
507 1333 1
22 1464 1
467 519 23
122 1238 90
93 629 20
50 708 17
1078 1494 23
441 894 4
383 1536 17
771 806 17
338 788 29
785 870 1
118 549 44
75 800 19
1077 1161 23
283 508 1
1465 1473 23
59 628 11
563 719 30
338 921 14
549 660 12
576 1046 8
1178 1564 8
46 1192 34
50 287 17
311 944 5
419 807 62
12 1050 0
430 1084 24
977 1269 8
383 1462 8
82 1250 38
545 787 24
365 901 10
266 348 32
408 465 10
1419 1465 23
589 1432 17
242 1326 1
235 973 19
647 1536 17
730 999 20
149 690 1
511 589 19
479 572 31
839 1443 2
1035 1203 14
284 376 8
120 646 10
121 1347 51
576 693 8
47 248 10
988 1238 8
294 1118 12
442 1529 17
337 839 10
242 970 1
85 1184 0
437 440 17
47 628 10
400 654 10
48 619 10
566 933 53
118 1128 8
107 968 29
488 654 19
9 1222 13
809 946 34
1161 1529 23
457 494 10
1286 1343 52
879 942 1
1279 1409 22
124 844 10
899 1326 8
508 1086 1
137 596 8
493 499 19
295 732 10
1128 1137 1
412 1433 2
497 795 13
202 1489 1
842 1540 8
93 944 10
9 545 13
892 964 17
1101 1526 38
843 849 1
977 1296 8
309 468 2
251 630 42
913 1261 8
283 564 17
208 944 43
395 1222 22
747 1566 18
537 1468 21
385 711 12
879 1221 23
430 1129 29
157 1556 14
678 1564 8
732 1380 2
340 1085 17
72 235 10
311 1407 17
329 531 32
294 681 2
309 1350 40
681 1090 10
493 1128 8
565 1253 12
669 1153 11
905 1131 8
675 1419 8
563 863 2
1108 1317 7
239 589 0
484 493 23
4 1077 23
224 1432 17
104 334 23
904 1474 34
1198 1362 0
242 494 10
376 1078 8
61 1238 8
455 495 4
676 971 2
441 1273 14
161 198 10
925 1464 1
12 827 0
719 809 34
295 1399 10
182 711 10
961 1513 12
183 219 17
276 450 23
328 1171 35
80 1192 34
595 892 17
533 974 34
369 1443 2
452 1464 1
680 846 10
927 1175 21
531 1213 32
70 476 8
921 1128 8
554 1058 10
282 1269 8
626 827 7
769 896 8
904 1517 10
757 976 62
163 581 66
553 1517 10
1317 1465 5
85 1135 0
57 1061 17
51 742 21
103 794 17
778 923 71
608 914 23
337 708 17
276 779 62
595 1049 10
143 401 1
675 1222 0
237 932 0
47 50 10
1433 1459 0
580 1203 8
262 372 41
771 883 17
46 96 17
827 1536 50
999 1319 40
1494 1536 1
231 401 1
104 1064 23
479 501 17
769 1491 14
325 340 23
283 414 10
469 1010 2
13 85 13
408 834 8
906 1054 11
852 1161 23
237 900 0
237 494 40
408 779 62
1010 1300 10
531 1483 32
464 719 2
470 1133 23
500 1369 35
15 409 24
142 1536 17
310 436 9
9 59 13
280 944 2
149 1547 1
365 555 10
719 1244 34
132 1323 46
229 1135 1
490 654 10
709 1409 23
80 843 8
638 1466 7
727 1131 8
189 812 8
480 1271 24
407 508 1
384 1325 40
170 444 0
879 1131 8
328 704 26
36 80 11
196 198 39
70 1185 23
1128 1269 8
727 1246 10
525 1220 24
561 1476 17
217 340 10
401 1563 1
627 690 9
574 1440 17
31 213 6
433 862 17
922 1491 8
1128 1536 1
54 167 17
275 1338 10
222 589 10
753 809 34
108 907 1
79 572 10
827 938 0
813 847 15
644 1131 8
97 1473 8
580 841 13
340 1058 10
26 854 32
470 1473 8
680 1115 17
1050 1269 40
999 1540 8
663 813 35
309 789 54
289 378 10
328 1310 35
502 812 23
787 1140 24
673 742 8
510 944 20
767 867 10
275 676 10
732 1090 10
4 1211 23
444 1283 21
104 488 19
470 1084 24
299 310 8
118 548 1
1136 1185 23
468 923 54
1007 1333 1
519 907 23
132 767 0
589 833 23
931 1178 29
74 1474 34
564 1061 17
870 1307 1
1035 1462 8
217 1481 10
927 944 53
428 697 8
127 1357 38
519 850 11
1152 1221 23
615 1295 10
338 1290 14
22 899 20
646 1077 23
782 962 10
79 132 0
180 882 87
283 548 17
555 766 17
325 1452 23
756 878 37
137 470 23
1211 1297 29
1086 1545 14
396 674 29
16 118 34
576 892 23
137 841 23
653 1401 1
314 775 17
17 338 50
390 962 21
305 531 32
228 291 61
1458 1547 8
1007 1296 8
708 1250 38
1187 1447 38
172 1232 1
161 545 10
494 510 86
219 883 17
1534 1545 1
212 1023 11
178 634 17
543 787 24
137 161 21
294 376 8
92 283 17
503 1473 8
180 531 8
938 994 13
16 753 34
842 1377 5
671 773 61
795 809 34
122 1407 17
960 1275 7
906 1386 19
602 922 8
138 1016 32
186 209 10
299 839 10
719 1464 1
477 766 10
376 1245 8
436 1489 1
20 1522 34
39 660 34
576 675 8
703 863 2
572 1499 8
20 543 34
70 1118 3
497 719 13
170 436 0
177 1351 51
253 704 26
1128 1473 8
383 899 17
242 1062 10
447 778 13
1178 1444 8
428 766 8
709 1093 23
794 1362 13
337 340 19
602 833 23
619 867 10
697 1061 19
186 783 10
217 384 27
239 502 0
165 1399 10
249 1271 17
133 744 17
609 1146 8
283 1300 17
15 1101 24
324 381 10
646 1261 17
433 1386 17
142 990 33
129 489 52
596 654 8
262 483 41
602 855 23
80 1448 17
842 922 8
127 962 16
734 1511 35
383 693 17
167 1468 17
580 905 13
1050 1483 32
667 1268 14
999 1489 1
262 841 41
429 1141 1
85 253 0
231 242 1
314 523 30
892 1439 19
299 325 23
291 798 12
100 1443 32
478 653 26
801 914 8
213 1120 8
990 1049 38
212 1283 23
288 787 24
576 1468 23
242 891 1
182 812 23
233 1280 19
17 1045 23
639 1265 3
60 582 17
644 1269 8
745 1481 32
184 588 1
530 561 19
152 1035 1
701 1465 5
412 821 94
543 1228 30
339 1084 24
46 669 11
60 1325 5
168 1136 34
876 1526 38
516 1146 45
50 686 17
282 1067 23
499 887 17
628 892 17
800 1261 17
530 1386 19
408 1529 17
767 1280 19
493 559 10
311 775 17
877 1448 17
235 869 17
33 993 35
311 1462 8
495 568 4
537 993 21
580 1316 13
530 771 19
272 289 17
500 798 35
913 1466 1
452 727 10
59 589 58
122 1261 17
289 783 10
854 1265 3
180 1268 8
185 1536 17
62 1489 8
13 1118 0
237 1459 1
947 1317 7
1135 1540 8
1067 1540 8
36 470 17
845 925 23
595 1090 17
139 325 32
122 224 17
242 470 17
93 634 17
168 867 2
108 452 1
338 639 29
152 891 1
236 956 82
708 1223 17
1111 1448 1
719 904 34
801 1265 3
810 922 8
478 500 26
475 1499 24
675 1172 35
401 1203 1
161 1280 19
501 757 62
168 1253 12
251 449 42
233 883 17
310 964 8
365 697 10
1046 1221 1
419 775 40
378 1362 13
843 1017 8
578 1326 14
827 1253 12
512 876 17
883 922 8
266 1134 7
96 758 1
54 989 17
510 701 62
54 60 17
77 1113 21
85 314 0
914 1366 60
740 999 23
646 854 17
567 849 31
800 1045 17
957 1250 38
104 627 17
494 834 10
208 1111 10
161 1054 11
734 1245 8
376 1271 8
933 1220 32
12 1214 0
272 1148 17
188 1451 24
289 400 10
537 1042 17
16 1515 34
1399 1465 14
338 1211 8
299 904 10
334 338 18
1220 1332 83
56 169 29
118 1134 34
17 709 23
533 795 34
294 549 12
1353 1432 17
62 364 8
821 1151 1
261 787 32
303 847 12
249 999 19
121 324 12
122 1300 17
588 922 1
79 565 2
84 419 53
973 1093 23
1427 1499 14
883 1064 17
339 384 27
795 914 34
636 1492 5
324 988 10
81 1540 8
576 855 23
773 1390 38
808 870 1
572 872 10
150 740 23
340 839 10
604 1054 21
248 1042 17
576 1185 23
841 850 23
185 693 17
511 1085 17
198 1397 19
1171 1208 35
79 419 53
872 1283 70
845 850 23
287 654 17
365 407 87
93 1233 71
479 1564 8
477 537 10
650 737 32
728 1397 62
126 679 34
883 1480 8
479 686 17
572 1010 10
152 769 1
960 1211 37
364 1273 14
769 1169 8
964 1496 21
628 1432 17
876 902 23
311 1419 23
886 1203 8
85 938 13
659 808 0
107 576 8
385 559 12
400 543 2
493 693 17
596 1063 8
196 744 77
1185 1325 5
833 1093 23
968 1128 1
457 1432 17
224 235 17
172 1048 23
653 1564 22
235 1223 17
148 685 32
846 1246 10
235 1448 17
72 314 10
543 681 2
796 801 8
80 1496 23
282 914 23
198 294 8
441 1471 8
408 596 8
564 602 3
51 589 58
339 1061 10
206 877 17
125 1333 1
959 979 7
180 1545 8
317 457 17
15 1400 24
224 1148 17
222 553 10
380 1474 34
180 189 8
626 907 10
225 497 0
688 1268 34
289 561 48
46 690 8
510 728 62
701 872 37
465 844 10
854 1440 17
248 457 17
1185 1333 23
675 1473 8
1042 1448 17
437 794 11
276 1465 23
850 1128 8
62 273 8
450 845 23
737 1333 32
1432 1547 17
1220 1549 32
1268 1545 14
80 1440 17
857 1018 55
122 1249 17
311 999 23
738 1369 94
1103 1447 14
81 1463 1
397 707 29
549 1037 12
239 1552 0
727 844 10
49 879 8
882 1496 70
679 998 12
543 914 34
142 222 10
601 1250 35
266 1403 8
944 1481 10
17 253 23
185 614 10
564 796 8
1271 1489 1
869 1489 1
458 773 61
163 1547 17
150 1350 5
242 771 17
395 1307 1
157 796 8
185 738 9
324 703 2
78 1449 8
742 1067 21
248 1141 8
628 1476 17
172 600 23
295 906 17
767 1347 51
82 1045 23
408 659 23
334 543 17
85 974 13
120 767 10
359 1563 24
212 833 23
237 608 0
96 1432 17
563 769 1
1017 1071 8
879 1554 8
198 649 23
233 470 17
80 226 21
283 1253 42
549 1019 7
342 972 73
674 809 44
295 1111 10
72 398 2
51 428 11
1042 1148 17
11 400 0
1103 1131 8
125 457 45
183 242 17
678 800 17
468 1323 46
15 679 34
230 1515 2
142 771 17
281 938 13
796 1129 8
74 543 34
533 1234 34
212 337 11
378 742 10
781 886 23
1131 1549 8
334 850 23
374 570 8
22 1016 32
143 1473 8
172 1281 23
401 913 1
559 1399 10
1220 1239 32
1535 1564 14
311 1161 23
208 954 31
234 1153 34
726 1351 51
84 1128 21
646 1534 23
465 782 10
800 989 17
13 743 13
441 578 14
231 794 17
78 1004 35
668 1333 8
462 755 72
744 844 77
594 619 26
533 703 34
340 1529 12
160 322 21
690 755 7
12 1127 13
133 668 8
426 1347 51
99 1269 1
567 1333 23
1064 1232 23
150 182 23
225 1169 8
9 458 71
409 922 8
266 620 32
559 849 10
97 143 1
433 794 11
276 844 11
508 766 1
236 636 62
395 1494 1
280 738 40
340 1280 19
237 993 13
216 1185 5
334 1136 23
149 180 1
646 1135 23
548 1141 1
57 1275 17
365 1300 10
310 1553 8
237 1522 13
184 1269 8
827 1188 6
122 442 17
902 1468 17
846 1443 2
794 1499 8
276 488 19
213 516 1
468 671 12
407 703 2
1296 1499 8
365 1333 1
507 1049 9
1007 1244 34
4 314 23
585 589 23
429 1239 1
340 572 17
608 794 21
222 322 87
172 499 23
791 1016 32
337 465 10
938 1035 0
314 1536 17
989 1440 17
142 944 10
289 1283 23
548 1409 1
548 862 17
62 1067 23
654 1376 5
188 1084 24
338 791 3
563 1471 1
90 639 29
850 862 17
169 1317 7
502 585 23
889 964 17
368 663 34
770 1269 40
499 701 62
338 1462 8
578 907 14
709 1496 23
570 668 89
79 704 26
395 1268 1
99 1045 17
769 1244 8
339 1148 10
576 1307 8
1135 1228 32
500 1527 35
266 923 29
693 767 17
843 1409 1
288 363 34
1016 1234 32
464 1300 10
378 1171 35
629 1234 29
325 1232 23
493 585 23
82 289 23
219 730 20
188 1221 24
396 424 29
852 1483 32
1133 1449 8
683 742 66
1090 1148 19
455 854 12
364 1366 60
50 883 17
396 576 23
653 1448 1
576 1556 8
401 1499 8
516 1440 17
142 711 10
45 785 29
46 276 8
1300 1540 8
272 654 17
369 419 2
1307 1480 8
376 884 8
775 899 17
110 744 77
870 1111 1
57 1271 17
570 1221 8
190 1351 51
288 988 17
734 906 23
1148 1261 17
499 1316 0
291 1369 12
1128 1448 1
142 170 41
338 1326 14
747 973 23
740 911 5
365 954 31
767 845 23
321 870 1
585 921 23
235 297 17
886 1481 23
827 970 53
962 1176 6
1169 1499 8
172 325 23
294 310 8
578 843 14
219 1448 17
206 863 10
468 1146 50
555 973 17
60 1227 8
280 1489 34
711 1054 50
237 260 8
484 805 10
297 944 10
216 499 62
830 1552 1
488 892 19
141 1564 8
366 771 19
375 1409 5
366 1440 17
647 1299 30
733 1341 7
497 703 13
740 1283 23
1085 1148 17
634 775 17
570 1046 29
1050 1433 2
839 1111 10
107 229 1
266 516 8
266 555 8
310 554 8
457 680 17
60 93 17
938 974 13
291 971 12
396 484 23
376 1009 23
340 808 13
734 1064 23
576 1247 8
479 628 31
20 653 34
133 855 23
476 900 8
120 901 10
479 1420 11
253 1039 5
1146 1153 11
462 1187 38
90 1131 8
850 964 11
13 1394 13
152 914 1
184 1128 1
233 877 17
441 867 10
253 1325 5
51 767 58
1131 1465 8
149 672 1
548 1490 78
428 1326 8
198 1316 0
646 1350 42
85 1341 0
266 1471 8
131 1064 17
1035 1512 2
340 636 8
384 760 71
142 1253 42
450 602 23
216 333 73
217 630 10
602 1444 8
222 1129 1
867 1416 14
334 1403 8
272 1288 1
104 185 17
441 1268 8
572 1232 1
170 324 81
1093 1281 23
455 955 4
580 1184 0
1477 1530 38
140 627 17
309 923 54
251 281 42
1067 1465 23
288 519 11
675 1216 8
580 821 9
283 960 10
202 1401 1
172 1010 10
973 1529 17
1369 1474 34
781 1063 8
253 369 10
1035 1222 0
12 614 0
530 694 62
81 437 11
899 1386 17
294 660 30
588 709 1
294 743 8
125 208 70
769 1425 8
520 565 34
1462 1491 14
781 1377 5
46 1296 8
442 647 17
97 1133 1
484 1547 17
222 400 87
359 737 32
585 1213 5
309 523 27
1017 1131 8
225 938 0
314 478 26
314 872 10
340 765 13
46 993 21
1178 1322 29
70 1464 1
635 1017 8
865 973 23
80 1203 8
1217 1406 14
266 1065 32
883 1153 17
1269 1275 8
97 1444 8
80 253 23
253 1148 19
123 458 12
944 1172 55
157 476 8
576 1071 8
519 841 23
1320 1427 14
340 914 23
1265 1417 8
566 1419 23
734 1273 8
9 778 13
615 653 38
198 789 39
184 824 8
82 704 26
340 368 8
543 1447 17
149 237 13
141 983 38
68 882 31
93 559 10
22 1341 3
519 559 5
57 1448 17
636 1246 8
96 1058 10
1265 1425 8
322 891 70
148 592 32
437 468 10
161 1536 17
84 282 23
610 830 8
247 654 19
295 490 10
247 734 35
549 1293 52
81 1244 11
854 1253 12
490 679 2
325 1048 23
405 1127 16
160 964 11
502 1198 23
646 1211 23
383 442 17
409 1265 3
675 1049 2
282 740 23
434 847 4
407 1273 14
141 462 7
1131 1244 8
72 253 10
432 659 53
90 1084 24
548 1269 1
863 988 10
168 533 34
46 1063 8
340 907 23
292 1425 14
17 567 23
219 694 62
80 383 45
314 494 10
85 1185 0
766 1473 8
693 821 1
383 988 17
659 1552 1
79 973 10
464 736 27
148 1458 14
209 962 10
253 450 23
22 1067 14
499 1452 23
842 1093 23
548 1136 1
470 1058 10
467 484 23
142 850 17
231 1536 1
282 907 23
172 365 10
61 295 10
499 921 23
395 896 1
720 728 73
709 830 8
309 842 34
841 1369 49
576 1125 8
185 314 17
121 740 5
508 1275 1
196 849 22
511 628 17
493 1198 23
849 1451 22
675 1050 32
1417 1463 1
295 730 10
77 469 21
1268 1374 34
449 654 62
289 889 17
70 1468 23
849 1326 1
1521 1554 32
97 1136 1
381 944 10
1282 1326 14
180 1090 8
196 879 14
143 555 8
376 1046 8
291 947 12
62 1232 23
283 582 17
206 681 10
747 875 18
150 1427 23
635 1128 21
401 580 1
359 1305 12
572 960 10
802 1443 2
133 484 23
1095 1249 17
262 798 41
567 678 31
638 879 8
299 1515 2
365 566 70
276 973 3
299 1048 23
138 1050 32
57 400 10
914 1471 8
589 1253 42
531 1420 14
82 1061 23
196 876 18
614 1497 55
12 743 13
646 794 17
80 589 23
470 1296 17
620 841 18
17 855 23
619 945 64
619 794 50
213 834 42
1136 1283 23
69 477 10
450 925 23
92 867 67
609 1178 8
567 973 23
84 505 53
654 740 23
104 407 10
507 1016 8
806 1300 17
1088 1296 8
773 1459 40
574 1420 17
127 548 1
299 855 23
93 465 10
401 419 1
892 1333 23
291 374 12
322 1400 37
152 964 17
80 709 23
131 1476 17
340 596 8
339 627 10
812 1377 5
833 865 23
37 242 1
830 1017 8
475 1269 24
295 1043 10
821 1549 34
289 337 3
747 1438 23
519 1244 11
379 1258 35
580 1421 0
932 1163 16
224 727 10
601 1140 35
565 1167 27
379 1100 35
747 1003 23
697 1420 17
295 697 17
806 1054 45
50 1547 17
1438 1468 23
961 1118 12
69 120 10
395 1540 22
365 563 2
365 743 8
412 424 40
79 727 10
22 48 27
870 1399 1
519 734 23
381 744 5
143 276 3
338 788 29
437 1325 5
137 1296 8
877 1319 40
555 1062 10
711 1376 40
449 1547 5
608 1362 0
594 1400 26
280 711 2
152 680 17
870 1549 1
564 914 8
152 709 1
161 1093 23
47 235 10
378 901 10
208 247 20
566 963 21
681 1111 10
470 632 23
378 998 67
12 602 0
589 1564 8
478 1477 26
338 1464 1
736 1167 27
209 477 10
576 808 8
808 1022 0
321 1232 1
100 467 32
510 1547 33
209 679 34
219 1049 20
511 516 17
1100 1137 34
468 882 43
262 462 41
143 1444 8
581 765 0
59 317 11
834 1300 8
1269 1473 8
899 973 74
505 1376 40
13 690 0
690 1025 7
631 1134 64
125 548 1
855 1444 8
488 1085 17
7 85 2
988 1295 17
1048 1128 1
34 1095 1
54 1090 17
259 325 29
1060 1216 8
157 1451 14
80 1077 23
1054 1259 34
39 280 34
1319 1556 14
842 1415 34
1169 1245 8
630 1347 51
104 289 23
580 900 0
198 479 17
1320 1535 14
854 906 17
365 559 43
163 408 17
149 1203 1
667 1445 14
505 782 10
1198 1376 5
668 808 0
775 1045 17
1058 1399 10
801 1420 37
120 1409 1
361 434 4
257 559 67
237 631 0
365 614 43
183 457 17
767 854 17
303 777 12
867 1517 10
419 676 2
374 559 2
408 781 23
572 693 17
249 630 19
548 1459 1
22 396 14
334 425 41
567 1213 23
787 1084 24
13 742 13
54 1448 17
922 998 14
103 877 17
973 1253 42
998 1393 83
588 1547 1
4 1213 5
1080 1406 35
142 669 17
1039 1198 5
22 1419 8
292 690 77
1186 1222 0
109 840 38
4 1061 23
578 1353 33
614 1350 40
239 586 0
1415 1536 1
325 1363 29
276 709 23
549 690 7
627 1249 17
627 1220 24
597 787 32
602 709 23
202 1564 8
80 447 13
314 1408 42
500 508 8
25 1049 37
359 683 24
78 476 35
80 886 23
1222 1452 14
493 1227 8
170 368 13
209 1192 34
72 614 10
1203 1451 14
287 299 10
376 973 23
13 580 13
311 746 19
230 283 10
783 1159 2
743 809 44
242 1432 17
22 971 12
794 843 8
299 314 23
276 452 10
847 923 54
896 1545 8
745 770 32
180 508 1
672 867 10
842 876 23
278 1472 26
1299 1388 30
620 674 32
248 365 10
736 1299 27
602 907 23
375 1438 5
168 280 30
229 1211 1
82 1171 38
99 328 1
401 769 8
504 938 2
253 892 23
396 578 23
77 1221 8
216 325 5
711 844 10
794 842 34
907 1325 5
208 398 2
216 578 62
765 833 13
505 727 10
110 906 9
794 850 11
479 1296 17
419 1296 8
1223 1407 17
470 627 17
500 981 15
1078 1432 17
397 1317 7
530 863 20
602 1508 8
809 1506 44
229 727 1
339 1220 24
280 614 2
157 379 35
501 589 19
672 681 10
477 555 10
708 1261 17
582 647 17
672 1062 10
262 773 54
437 769 8
675 1376 53
1007 1090 8
337 887 17
329 954 4
150 646 23
942 1140 1
901 1250 35
630 805 10
324 938 0
930 973 0
604 1009 23
1244 1273 8
359 419 32
409 1128 1
206 400 10
16 1374 34
809 1129 8
131 433 17
600 783 10
0 1146 34
1062 1211 23
609 886 8
654 1250 46
160 916 8
339 1299 27
647 1444 8
149 1137 1
9 675 0
830 1129 8
538 1304 12
809 850 34
744 1153 17
80 142 17
672 1078 17
870 1129 1
506 852 57
9 1186 0
239 983 38
428 1161 23
311 1227 8
80 1463 1
9 805 0
878 1048 8
57 172 17
126 482 34
189 469 40
769 1549 8
813 1100 35
1007 1261 1
152 493 1
22 108 1
1 1100 34
4 938 0
80 519 11
867 1310 35
185 365 10
288 1409 8
1552 1554 1
740 1048 23
305 455 39
578 1319 40
462 1535 72
314 617 10
1238 1545 1
654 1420 17
266 1220 29
1142 1211 14
131 390 17
365 1044 20
709 1131 8
272 834 42
322 369 28
240 1461 7
800 887 17
368 703 34
1444 1489 8
266 580 44
1046 1050 32
698 767 19
142 596 8
1220 1457 32
170 627 13
433 1397 33
359 1136 24
1141 1279 14
80 1078 23
1185 1222 0
150 659 23
373 1067 21
361 1049 31
45 475 24
125 849 1
744 1432 17
588 907 10
220 1283 21
441 548 1
765 1118 0
629 1178 29
767 869 17
747 770 18
325 348 32
840 880 40
467 1141 14
104 841 23
161 470 17
237 730 0
289 502 23
888 1425 14
366 1148 19
280 1153 34
674 1046 29
488 548 17
1221 1239 8
654 1343 10
80 314 23
7 1362 2
674 1008 39
981 1080 15
281 1527 38
225 242 1
272 1540 8
96 266 8
9 198 0
6 1277 7
471 780 52
499 1043 10
414 834 10
253 1085 17
13 124 13
519 619 5
229 646 1
185 680 17
787 1046 32
408 440 17
120 1213 28
537 614 10
366 676 20
765 1129 8
132 1220 24
493 672 17
103 889 17
99 182 10
222 955 4
499 1148 19
337 398 21
1416 1458 14
99 675 1
479 844 17
711 845 5
1211 1317 5
294 1447 17
288 963 21
79 932 53
428 747 23
767 1205 51
90 769 8
383 470 17
283 989 17
62 1140 8
152 1326 1
17 374 50
74 684 8
131 183 17
359 1513 24
1259 1474 34
441 1239 14
999 1277 8
168 1118 12
70 744 5
968 1131 8
54 1061 17
280 1269 24
257 760 79
79 268 15
126 565 34
252 737 32
208 834 8
765 1369 13
365 1045 10
464 933 2
441 709 51
276 1168 10
434 1226 40
46 734 8
236 1044 62
233 1409 7
142 152 17
235 989 17
579 938 2
9 104 0
50 314 17
70 508 1
275 543 2
141 170 0
523 938 13
13 1512 13
408 580 0
47 1443 2
1152 1427 23
259 905 40
222 679 2
239 602 0
921 1275 8
287 499 17
291 543 12
1045 1376 5
1471 1564 8
196 1273 14
663 827 44
1275 1425 8
619 964 10
374 1540 8
561 883 17
4 450 23
602 1071 14
734 870 1
852 1232 23
1339 1480 8
548 769 1
257 447 56
841 1152 23
709 1290 14
220 676 21
217 989 10
676 877 10
1078 1216 8
1010 1399 10
168 944 2
674 744 77
272 494 10
758 1269 8
1423 1499 8
1084 1363 24
942 1489 1
973 993 58
295 389 17
1153 1476 17
274 425 41
249 1261 17
1216 1333 8
97 225 1
231 630 17
17 282 23
862 991 33
821 1221 1
56 1463 1
188 596 24
242 899 17
843 1261 8
497 1184 0
744 769 5
276 1238 8
81 1216 8
224 468 10
906 1481 11
548 1129 1
96 1326 1
808 1301 13
282 326 52
468 1300 10
268 1458 14
93 627 17
26 1271 24
1445 1447 69
559 627 10
442 537 17
561 680 17
82 172 23
512 730 2
604 649 23
467 592 32
708 1536 17
281 745 18
248 589 17
436 1239 77
84 600 23
511 1024 62
438 589 10
383 1148 17
390 770 29
273 1118 3
960 964 10
494 672 10
310 809 8
405 679 30
108 239 0
152 189 1
499 678 17
9 994 13
468 951 64
124 294 2
82 563 49
45 674 29
690 1063 8
476 879 8
324 830 10
226 1054 21
231 248 17
444 1067 21
120 1061 10
1269 1462 14
1016 1444 8
572 634 17
497 545 13
464 830 10
222 322 87
747 844 18
69 849 1
767 988 17
1133 1140 8
168 447 13
222 499 10
84 208 70
163 708 17
89 801 10
337 844 11
921 1125 8
782 1050 34
378 630 10
561 1249 19
747 1061 23
563 1178 1
1007 1220 24
708 1090 17
47 564 10
441 1534 8
801 1547 10
239 309 13
374 785 8
176 1140 35
120 1203 8
1296 1491 8
654 1448 17
48 54 10
310 734 35
281 425 41
317 630 17
488 1061 19
531 1452 14
47 242 10
1271 1563 24
1093 1427 23
690 849 1
914 1118 8
216 961 42
99 1326 1
120 1049 87
172 999 23
999 1452 23
85 1232 1
734 812 23
425 952 41
9 973 0
844 1058 10
184 1536 1
781 1221 23
660 753 30
278 1120 26
537 962 66
564 1017 8
390 788 29
294 1232 1
437 1333 23
576 1465 23
82 906 23
994 1316 13
271 588 1
288 437 11
592 747 18
108 225 1
812 1547 23
266 745 32
740 1133 23
1443 1464 1
224 678 17
737 747 18
865 1120 8
322 1090 10
0 1 34
589 659 23
566 1062 23
81 508 1
728 1511 62
149 479 1
931 1322 29
17 470 23
830 1247 8
352 1221 23
740 1003 23
1062 1427 23
239 653 0
476 1060 8
639 1464 1
670 988 17
788 923 40
292 1271 24
434 773 38
216 501 62
376 1048 8
507 1463 1
338 896 29
769 1463 1
795 1347 51
231 289 17
400 544 67
1234 1552 1
247 1148 19
848 877 17
225 1552 1
163 809 8
1223 1468 17
77 970 28
108 964 17
176 808 8
251 701 42
325 753 54
408 709 23
564 839 10
737 1277 32
229 1465 1
508 1307 1
299 407 87
17 1333 23
601 921 35
208 855 8
639 1239 29
619 1362 0
91 361 4
222 1007 8
295 1343 10
47 1362 13
317 678 17
137 1281 23
149 328 1
449 1061 5
123 425 41
70 944 5
333 530 62
913 1409 1
921 1443 8
280 747 17
248 1203 8
519 1496 23
384 555 10
497 586 0
455 549 12
440 1153 17
310 1471 8
671 1007 12
709 1534 23
883 1458 8
407 767 10
848 1230 19
676 839 10
374 508 1
180 365 87
198 801 10
337 1353 19
796 1307 8
180 1427 14
615 830 10
499 1440 17
478 711 26
309 1474 34
781 1409 23
907 988 10
578 601 14
709 855 23
108 431 45
576 1492 5
1131 1300 8
93 548 17
339 742 10
844 927 21
441 767 10
167 627 17
401 519 1
289 537 17
875 1521 32
636 1213 23
510 589 19
163 869 17
124 1317 40
278 726 26
437 647 11
97 1508 1
22 419 3
887 1261 17
51 927 21
249 854 17
288 794 11
844 967 21
99 1148 17
922 1009 8
842 1417 34
1057 1459 1
169 196 29
499 1044 19
75 1090 19
726 1525 38
39 753 34
109 711 12
609 1261 8
50 872 10
253 683 10
237 376 8
364 376 14
695 1269 24
627 1115 17
283 314 17
844 846 2
450 843 8
47 253 10
107 743 8
12 747 13
672 830 8
291 1080 15
0 520 34
385 434 38
329 364 32
239 337 13
288 962 21
609 1483 8
582 708 17
843 999 8
719 747 17
93 615 10
160 821 1
450 1084 24
932 1366 60
283 574 17
369 537 10
468 470 10
131 630 19
222 879 8
589 1496 23
385 483 7
571 737 18
124 906 10
465 493 10
419 942 1
757 1300 62
12 59 13
208 711 43
376 765 8
60 1447 42
844 1468 21
711 1244 50
253 1024 62
619 1443 53
222 914 8
636 807 62
644 870 1
680 1010 10
708 989 17
84 334 23
46 634 45
843 1333 8
519 1419 23
1 906 34
490 827 10
921 1247 8
216 1044 62
614 930 0
178 297 17
1161 1468 23
844 1440 17
152 428 8
654 742 17
1050 1133 32
339 499 10
634 1118 3
182 209 10
408 1419 23
1061 1386 19
216 1084 24
681 849 10
82 765 13
1489 1545 1
396 520 8
152 180 1
680 882 10
576 1169 8
862 1153 17
512 1409 30
477 636 8
575 1317 7
1220 1322 32
843 1552 1
364 1118 3
85 703 13
322 954 31
1220 1425 24
182 833 23
458 1074 12
468 766 10
608 744 5
1103 1288 1
235 414 10
408 1211 23
690 1221 1
359 1473 14
97 879 1
325 668 29
84 850 23
582 806 17
57 224 17
0 1523 34
310 1171 35
1007 1035 8
1048 1129 1
363 1244 34
180 916 8
141 1216 1
131 253 19
219 564 17
419 843 8
163 440 17
82 600 23
79 555 10
869 1295 17
198 375 5
340 1494 23
464 1103 27
654 1009 23
563 1277 1
738 883 9
276 792 76
54 907 10
683 1529 40
449 875 8
282 1377 5
365 659 70
381 680 10
745 1008 39
852 1281 23
842 1007 34
1221 1317 5
22 1220 32
659 906 21
428 1238 8
276 1136 23
769 1499 8
219 389 17
1320 1425 14
635 962 21
75 561 19
433 442 17
1137 1296 8
1137 1461 14
942 1300 1
280 801 2
437 842 23
1141 1142 14
862 889 17
711 1303 12
445 1547 17
437 1064 23
185 1090 17
9 930 13
75 862 33
222 1128 1
127 220 16
571 938 13
340 1409 7
366 1044 19
740 1135 23
132 1301 13
788 1425 14
81 1261 8
531 639 29
334 1527 38
419 956 4
149 1220 32
359 745 32
464 732 10
663 795 34
907 1093 23
1228 1234 32
519 845 23
614 1044 20
272 1168 31
654 1496 23
259 627 24
84 226 21
428 993 11
428 467 23
104 865 23
914 1061 23
419 839 2
582 944 10
619 961 12
383 942 1
779 1280 62
1072 1293 52
1288 1554 1
103 848 19
1035 1444 8
56 1169 8
297 1045 17
84 125 53
220 390 66
906 1547 17
376 921 23
614 808 0
1050 1093 32
389 1090 17
744 869 17
282 352 23
283 942 17
927 1364 21
680 1251 10
208 295 10
548 1464 1
630 775 17
877 1228 30
601 891 8
376 467 23
479 921 8
862 999 33
85 675 0
502 709 23
161 983 71
167 872 10
914 1492 5
167 488 17
896 1016 32
328 1232 1
437 989 17
646 902 23
1128 1146 1
180 231 8
369 834 10
152 1090 1
830 1554 8
609 610 8
1131 1290 8
239 619 0
600 846 10
46 555 11
589 744 17
224 287 17
1067 1128 21
1129 1265 8
973 1492 5
70 833 23
80 180 8
1206 1419 39
79 675 53
742 1481 66
368 993 40
339 848 10
25 1491 8
9 406 13
161 892 23
619 863 43
830 890 8
103 167 17
999 1129 1
133 663 34
1213 1496 23
595 1448 17
672 1401 1
208 581 2
234 971 34
242 964 17
281 971 49
675 744 77
365 869 21
1062 1420 17
462 1323 46
208 676 10
600 872 10
46 1227 8
849 1007 78
275 1148 10
896 1009 29
563 1449 1
299 337 23
120 378 10
449 769 37
734 830 8
295 529 10
646 1273 8
79 785 8
1465 1492 5
1249 1536 17
511 869 17
48 441 10
565 841 49
100 1008 32
676 907 87
668 1549 8
973 1283 23
999 1093 23
283 440 17
830 1427 14
549 777 12
25 1268 8
531 1288 1
1401 1540 1
266 1423 8
533 906 34
322 680 10
69 537 10
12 892 0
757 1353 62
1273 1277 8
639 1363 29
9 499 0
233 1081 7
409 870 1
46 1228 8
684 1419 8
169 1209 29
564 1499 8
1416 1465 14
921 1203 8
222 870 1
876 938 13
455 1008 12
363 795 34
9 1135 0
295 619 10
345 743 8
317 437 11
695 1221 8
21 1198 7
340 1299 30
60 849 17
437 1093 23
694 1388 62
126 703 34
311 877 17
239 1299 6
1296 1416 8
259 1084 24
876 1213 5
161 428 17
668 1209 29
581 960 2
46 827 50
74 679 34
288 1474 34
892 907 23
380 688 34
548 1211 1
132 1084 24
433 693 17
311 812 23
310 476 35
180 942 8
942 1275 1
176 1232 1
109 1187 38
973 1325 5
765 1316 13
425 787 32
709 1333 23
96 248 17
366 720 62
25 1513 51
188 1209 24
1080 1208 35
478 743 26
282 1547 23
400 869 21
796 1549 8
260 516 8
921 1416 8
889 1496 21
122 1090 17
276 849 1
384 782 10
234 1554 34
120 1387 7
1227 1448 8
892 973 23
396 841 23
464 767 10
595 766 17
259 475 24
663 876 49
913 1211 8
470 626 17
30 993 35
311 648 10
82 733 72
914 1064 23
441 449 37
488 1064 17
429 1261 1
964 1244 11
132 654 0
1494 1496 23
452 1017 8
96 1140 1
80 574 45
501 746 19
283 369 17
141 796 8
711 964 10
867 998 67
559 678 10
108 896 1
1220 1427 14
26 198 39
93 805 10
376 736 8
501 1045 17
973 1064 23
548 960 1
9 397 13
780 838 52
437 654 23
80 1153 11
1409 1449 1
683 1061 10
690 1444 8
806 1275 17
54 242 17
447 1369 13
563 1279 34
220 537 21
572 1129 8
62 906 8
551 847 12
628 907 10
1211 1227 8
1007 1247 1
141 588 1
906 1374 34
376 916 8
834 872 10
437 709 23
75 647 19
930 1198 0
240 268 35
708 767 17
1095 1491 1
59 77 21
233 311 19
137 1547 23
892 1198 23
54 1058 10
465 582 10
334 843 8
484 1271 17
600 1296 8
84 568 53
352 449 5
600 617 10
608 747 23
1048 1141 8
9 289 0
574 899 17
565 1540 8
548 1296 1
1007 1553 1
405 1216 8
97 1131 1
178 554 17
131 142 17
596 676 8
278 1523 7
15 734 24
850 1062 23
445 672 17
690 1480 8
176 580 8
280 1549 34
384 646 10
189 1133 8
907 927 23
973 1397 19
502 865 23
1090 1128 1
508 1228 1
993 1299 6
46 1564 8
576 1186 8
80 217 50
93 314 17
747 1198 23
659 1153 21
938 1067 0
220 878 21
25 1465 8
206 275 10
282 927 23
90 1385 71
139 709 32
1363 1366 60
389 636 1
96 1247 1
931 1209 29
425 538 54
1217 1452 14
1035 1462 8
206 324 10
70 892 23
737 1513 32
152 1153 17
242 1471 1
483 1347 51
1386 1481 17
325 767 23
97 925 1
79 104 5
150 842 23
325 475 24
75 734 35
828 1461 7
288 512 34
592 841 18
50 231 17
973 1534 23
178 766 17
397 674 29
419 1369 30
879 1415 8
212 1427 23
565 1259 34
493 567 10
1048 1549 8
548 1401 1
437 1136 23
663 1310 6
1489 1534 1
938 964 13
554 1536 17
182 842 23
266 791 32
553 944 10
121 660 12
62 231 8
62 531 8
74 834 8
282 709 23
870 1438 22
311 511 19
208 844 10
4 470 23
636 1420 14
1295 1476 17
325 1198 23
108 338 22
125 141 9
1228 1525 83
127 906 16
369 440 10
309 475 24
383 1288 1
121 998 12
508 604 21
242 1271 17
9 334 13
375 376 5
329 580 13
70 80 23
576 659 23
1131 1473 8
356 594 26
470 537 17
450 1427 23
142 572 17
582 629 20
132 1391 13
104 1325 5
437 1227 8
310 1140 35
849 1409 1
126 309 34
276 678 17
750 1362 2
646 771 17
287 629 20
1268 1465 14
654 1494 23
921 1534 8
1 168 34
484 744 17
297 572 17
132 922 0
1126 1464 1
904 1111 10
90 176 57
160 914 8
737 745 32
361 538 4
519 1078 23
231 1540 8
636 1169 8
48 1103 27
363 1315 34
401 1221 1
284 1444 8
476 1473 8
75 906 19
614 954 4
161 1176 6
701 747 5
499 634 17
368 988 17
359 1363 24
231 235 17
619 1350 40
234 925 34
225 930 0
96 775 17
310 1406 35
477 848 10
93 802 10
121 168 12
299 988 10
70 636 23
582 690 78
938 1163 13
195 260 7
283 1115 17
188 922 24
131 647 19
141 237 0
1216 1448 8
973 1316 0
375 711 40
276 845 23
48 311 10
1376 1547 5
913 1471 1
1141 1333 8
324 1362 0
1064 1090 17
1128 1341 1
510 906 19
1232 1536 1
564 1468 17
902 1529 23
602 1545 14
602 1198 23
659 1362 0
968 1406 14
964 1296 17
512 571 17
104 167 17
747 812 23
1245 1332 38
334 659 23
921 1146 8
91 988 31
989 1061 17
460 1474 34
758 1401 1
450 1279 14
122 1244 45
428 493 17
390 1159 21
222 1463 1
842 1268 34
408 1326 8
276 437 11
294 904 34
305 1554 32
180 467 14
120 564 10
648 988 10
567 902 31
79 455 53
319 1552 1
80 854 17
96 165 10
196 923 29
352 812 23
892 1350 42
334 1128 8
999 1232 1
508 1118 1
647 960 10
93 1223 17
278 1477 26
608 1281 23
572 1286 17
161 465 10
408 962 58
600 801 10
180 1448 8
734 1444 8
493 1077 23
425 590 32
568 1037 12
580 814 0
787 1525 83
457 631 10
178 1468 17
70 1017 8
81 97 1
26 1129 29
400 933 2
833 925 23
742 830 11
46 167 17
189 588 1
376 1443 8
376 1077 23
846 1159 2
745 1447 18
118 1153 34
309 961 12
90 1552 1
876 927 23
845 1468 23
60 1090 17
743 808 13
272 340 11
588 1449 1
1007 1399 8
180 1443 8
96 282 1
152 647 17
805 906 10
152 1536 17
428 849 8
253 295 17
271 525 7
1064 1093 23
507 602 3
180 553 10
9 15 0
266 397 29
9 397 13
56 1296 8
727 1547 10
222 1552 1
9 668 0
1120 1449 8
384 964 10
437 839 10
833 1062 23
471 1293 52
1536 1540 1
464 904 10
275 867 10
445 669 40
849 1118 1
47 311 10
408 863 10
361 882 31
855 1465 23
213 693 8
744 1185 5
137 567 23
283 869 17
644 1420 11
1415 1499 8
1153 1440 17
185 1045 8
571 719 17
60 449 42
317 1227 8
242 1151 1
499 1198 23
272 1115 17
108 678 1
390 765 13
230 1552 1
1232 1268 1
54 690 78
198 887 17
1184 1512 2
619 1222 0
371 1118 12
62 608 23
84 1045 23
870 1221 1
47 600 10
1067 1166 21
659 709 23
609 1489 8
537 1253 42
801 1369 2
338 744 77
366 1511 19
740 1232 23
555 561 17
478 1063 26
12 15 0
339 1118 67
400 766 10
141 1540 8
224 1261 17
654 850 23
206 381 10
455 1443 53
711 1037 12
297 479 17
656 1283 21
879 1227 8
728 1439 62
441 1452 8
412 787 24
769 1452 8
317 742 11
249 337 19
608 1350 5
295 646 17
305 502 12
217 523 27
103 287 17
9 46 13
589 914 23
619 663 7
753 787 24
9 180 0
1126 1444 8
12 116 13
80 251 42
79 1473 8
93 272 17
559 676 43
703 850 34
12 343 0
437 488 17
229 709 1
921 1277 8
845 1161 23
213 1161 8
470 555 17
46 1136 34
118 303 34
56 325 29
444 808 0
295 805 10
142 520 20
659 882 70
240 359 41
224 1407 17
767 1261 17
1329 1535 14
54 217 10
329 1447 18
579 1362 2
15 490 24
185 490 10
13 127 0
325 931 29
697 1440 17
281 364 18
62 1071 8
1508 1545 14
131 208 8
198 781 39
944 1246 10
99 1247 1
12 263 0
1280 1319 40
746 1310 6
663 809 34
79 872 43
747 1351 51
742 1409 1
289 1465 23
428 1323 46
1447 1525 38
17 62 23
233 771 19
1511 1547 33
206 548 17
1343 1481 10
253 988 17
648 672 10
103 172 17
441 1545 8
632 649 23
697 1319 40
180 1049 87
1169 1403 8
157 1007 8
468 777 12
251 433 42
904 1010 10
907 1399 10
663 736 2
771 805 10
56 1459 1
854 1045 17
602 753 12
60 1001 42
338 1269 8
182 185 10
1064 1283 23
291 777 12
237 962 0
131 216 62
390 846 2
149 801 1
634 1232 1
1 1415 34
906 1319 40
634 843 8
566 1150 21
609 766 8
170 1185 0
1064 1350 5
278 619 26
163 1115 17
727 1090 10
72 470 10
744 845 5
340 646 17
847 1007 12
408 960 10
686 988 17
1039 1419 5
720 1211 37
727 922 8
949 1317 7
1259 1417 34
850 1275 17
433 1319 40
1273 1452 8
1220 1506 24
702 1050 32
1178 1239 29
580 1222 13
34 96 1
511 1353 19
60 678 17
178 288 17
92 680 17
311 1281 23
163 1269 24
172 249 17
993 1176 6
297 899 17
497 1186 0
574 646 17
99 913 1
167 1153 17
850 1458 8
1062 1399 10
163 766 17
441 1338 87
217 703 2
46 869 8
488 510 19
787 942 24
212 1496 23
213 1136 8
376 1401 8
663 1049 2
862 1049 10
233 757 62
170 1184 0
449 747 5
821 1140 1
709 1017 8
766 854 17
46 806 45
212 644 11
167 990 33
870 1333 1
82 170 13
471 1363 29
224 869 17
359 679 12
80 1271 17
470 800 17
1452 1481 32
542 911 12
450 1118 3
374 1350 40
108 848 17
305 1521 32
479 1464 1
229 1129 1
48 359 24
120 1502 4
17 352 23
408 1317 42
548 709 1
376 913 8
180 1369 2
284 401 1
324 782 10
75 104 19
79 946 64
571 663 49
753 1304 12
70 352 23
130 565 30
62 222 8
848 1148 19
339 1528 27
47 589 10
1481 1549 32
548 1466 1
1377 1409 5
368 635 21
734 842 8
311 1386 19
600 1458 8
580 1443 0
216 744 5
180 1534 8
12 108 0
374 1253 12
432 566 53
22 1502 4
1129 1211 8
103 122 17
1296 1300 8
127 857 16
1238 1443 90
626 849 17
230 1481 28
408 964 17
273 1552 1
645 1502 4
444 1283 21
973 1133 23
727 867 10
711 1246 10
107 781 52
638 870 1
971 1080 35
420 785 40
97 1480 1
484 883 17
1046 1481 32
224 297 17
1249 1511 19
222 1420 37
1269 1427 8
711 1500 55
324 457 10
465 1295 10
80 234 34
59 963 21
99 891 1
604 879 23
563 1350 40
449 834 8
697 1448 17
13 499 0
497 805 0
731 809 85
368 1221 8
79 390 10
295 775 17
458 500 15
51 161 21
59 938 13
470 852 23
311 855 23
520 1129 8
1468 1547 17
548 925 1
1049 1148 10
48 50 10
447 1198 0
395 1417 1
588 1222 1
470 827 17
674 1228 32
310 942 8
520 862 20
1247 1462 8
283 626 17
294 767 8
225 1512 2
390 1045 21
239 1300 0
1339 1564 8
865 882 87
499 867 10
711 1350 40
295 339 10
865 922 8
75 654 19
510 1353 19
81 576 8
69 124 10
329 743 8
72 278 7
382 1350 42
1317 1438 5
364 1095 1
813 971 35
311 1128 1
734 1221 23
118 309 34
437 1211 23
389 1062 17
989 1271 17
800 1353 19
224 322 10
564 627 17
89 1443 2
364 1363 29
60 437 11
165 988 10
501 1386 19
794 1448 17
141 376 8
230 1396 2
276 701 62
150 334 23
104 1465 23
17 973 23
276 1564 8
294 476 8
139 747 18
160 1536 1
849 1090 1
163 537 21
172 1552 1
80 830 11
436 830 8
693 1420 17
163 317 17
299 782 10
263 1222 2
212 1244 11
419 1445 69
291 671 12
77 1067 21
519 944 5
1101 1271 24
628 1148 17
198 1552 1
747 854 18
281 1497 38
889 1547 17
334 709 23
364 1269 8
771 999 19
175 1296 8
314 1009 23
409 1084 24
104 170 0
766 1432 17
813 1232 1
374 1007 12
484 553 10
467 1496 23
653 1120 1
271 615 38
94 787 24
208 869 21
445 469 40
325 925 23
340 537 11
1265 1444 8
596 1419 8
1185 1221 23
62 1350 5
376 654 23
468 726 12
984 1286 52
743 1131 8
46 636 8
374 1169 1
520 653 34
178 1529 17
701 833 5
323 704 26
1008 1192 39
512 676 2
428 659 23
1067 1261 14
328 1128 1
922 1288 1
420 938 13
359 1271 24
441 1415 8
212 314 23
634 1419 8
236 1439 62
266 1458 8
701 1198 5
231 1062 17
1473 1491 14
231 850 17
106 1499 8
489 1286 52
876 921 23
172 883 17
470 1220 24
226 493 21
149 678 1
289 862 17
72 676 10
85 738 13
149 172 1
150 911 5
133 574 45
178 295 17
753 1443 30
636 1496 23
1227 1232 1
892 1481 5
973 1362 0
242 1223 1
476 1146 8
224 730 10
226 783 2
458 602 12
1086 1464 1
476 999 8
1061 1198 23
419 559 53
938 973 0
1244 1259 34
337 877 17
180 1071 8
595 1148 17
553 1062 10
118 429 1
289 499 19
455 796 7
566 1093 23
1444 1549 8
132 225 0
108 157 1
92 198 17
1090 1277 8
272 744 17
697 801 10
499 1253 42
595 1045 17
744 1077 5
310 1090 8
671 956 4
381 863 10
183 1064 17
363 1050 34
337 792 76
582 899 17
50 381 10
468 1325 40
314 444 7
235 408 19
334 930 13
228 719 30
70 1253 5
1211 1417 8
17 646 23
384 1090 10
437 747 23
383 1468 17
374 765 13
185 872 10
85 198 0
1131 1471 8
1064 1095 17
484 1049 10
964 1061 17
1077 1269 24
104 400 10
447 589 0
631 944 65
887 1220 24
309 787 24
100 364 32
449 1078 5
432 1496 53
82 590 18
1232 1350 42
50 553 10
92 1064 17
848 1090 19
84 325 23
441 933 2
833 990 38
235 805 10
412 1512 2
141 602 3
359 397 24
681 782 10
693 794 17
769 863 28
321 429 1
80 242 17
801 1443 2
276 614 10
499 708 17
45 707 29
376 1403 8
18 1506 40
239 263 0
319 1129 1
659 1512 2
767 1067 23
149 562 40
441 1464 14
553 767 10
960 1111 10
396 470 23
359 627 24
441 1186 37
89 299 10
100 198 39
543 1007 12
767 800 19
796 1556 8
373 794 21
988 1129 1
131 889 17
1129 1246 1
278 1474 7
188 374 24
740 927 23
899 964 21
672 1228 30
627 1153 17
519 914 23
96 892 1
740 886 23
727 1269 8
381 678 10
465 630 10
875 1213 32
131 1081 7
62 902 23
217 408 10
182 867 10
470 747 23
47 545 27
167 1476 17
1131 1480 8
849 1021 7
408 1085 17
843 1217 14
428 567 31
566 581 21
904 1192 34
60 1135 23
364 968 29
680 686 17
106 180 10
464 475 24
1299 1511 30
288 561 17
867 1062 10
291 303 12
1307 1458 8
17 845 23
694 1148 62
273 796 8
295 647 17
827 904 10
99 120 1
424 743 40
778 1126 88
788 1211 29
1024 1439 62
280 378 2
110 170 0
103 236 62
282 870 1
630 930 0
582 869 17
289 944 5
450 870 1
679 904 34
74 660 34
545 568 10
172 595 17
9 765 13
581 994 21
647 654 19
680 1168 17
659 1216 8
1232 1494 1
137 600 23
522 959 7
276 654 23
601 1208 35
512 1305 12
374 464 2
959 1025 7
17 212 23
209 464 10
9 47 13
738 945 41
152 922 1
198 921 23
401 988 1
543 1019 27
1283 1481 5
405 1273 8
726 1032 6
679 1374 34
124 742 10
561 850 17
727 1540 8
639 1220 29
46 595 17
450 1135 23
608 1185 23
9 977 71
549 1269 24
632 812 23
1238 1540 1
444 892 7
198 968 39
419 452 2
124 1427 14
365 962 70
1007 1133 8
161 400 10
507 1444 8
9 1394 13
222 365 87
1118 1304 12
1282 1463 1
47 654 10
709 849 1
512 679 30
79 608 53
99 1452 1
297 501 17
843 1444 8
920 1206 39
161 1062 17
92 1386 17
219 1153 17
97 1137 1
563 1211 1
359 867 24
493 830 11
484 1090 17
839 1045 10
849 1131 1
788 1508 14
602 896 3
777 952 12
235 794 17
571 930 13
17 852 23
45 1129 29
484 608 23
1111 1536 1
62 968 8
104 1161 23
805 808 0
1061 1534 23
630 1251 10
208 886 8
3 1316 2
208 387 67
376 900 8
163 555 17
334 1227 8
1203 1273 8
297 477 10
626 834 45
208 1161 8
519 1058 28
462 1228 32
366 972 62
311 1213 5
172 1283 23
732 1534 1
768 1095 1
808 1522 13
490 568 10
160 322 21
711 863 43
484 1300 58
998 1362 0
96 944 10
656 846 16
479 602 3
225 765 0
494 973 10
322 894 31
1009 1211 23
450 833 23
944 1126 55
84 833 23
89 208 10
476 850 8
157 1480 8
1464 1536 1
994 1317 42
654 863 10
567 1419 23
419 1317 53
182 862 10
378 988 10
196 1521 32
380 1234 34
582 1547 17
363 1381 34
311 1061 23
921 977 8
449 1228 37
365 663 2
1178 1234 29
1129 1423 1
103 314 48
1186 1491 8
84 137 21
971 1304 12
376 626 8
122 247 17
930 994 13
468 961 12
46 219 17
654 672 17
433 801 10
291 342 4
589 927 23
855 1067 23
4 17 23
630 647 19
167 253 17
68 432 82
182 1111 10
295 317 17
311 1408 42
184 1129 8
289 914 23
609 900 8
198 1090 10
408 554 17
821 1554 34
841 1380 38
82 734 23
1085 1300 17
219 906 19
964 1420 11
122 428 8
921 1564 14
765 794 13
726 1187 38
434 841 38
511 973 19
636 1499 23
582 634 17
549 602 12
882 907 87
268 1462 1
1048 1245 8
636 1427 23
458 894 4
766 1552 1
574 988 17
545 648 10
97 1289 1
9 1316 13
385 1269 24
601 1026 35
97 376 1
693 1232 1
89 944 10
907 1452 23
1017 1499 8
457 1347 51
188 1050 32
62 141 8
537 775 17
428 477 8
709 842 23
148 620 32
180 1338 87
604 962 21
310 447 35
13 339 13
245 390 21
500 769 35
272 942 1
182 595 10
225 1545 14
235 1042 17
629 1447 38
110 609 8
142 1058 10
253 869 17
247 365 20
516 1090 17
60 167 17
12 1552 0
626 960 10
843 850 8
767 1408 42
570 968 29
746 1008 41
81 1118 3
325 920 32
1221 1545 1
157 601 35
75 976 19
632 672 17
248 287 17
1165 1462 8
172 375 5
615 1103 27
329 1050 32
107 305 32
497 1458 8
22 1213 32
127 629 38
288 865 8
675 891 53
437 849 17
902 1350 5
1065 1141 14
1067 1458 14
1269 1448 8
172 548 1
660 904 34
855 925 23
899 1317 42
627 660 30
291 495 4
80 1408 42
125 1288 1
771 844 17
433 849 17
328 1273 8
125 1338 70
626 680 17
876 1408 42
659 1481 5
276 1323 46
184 736 8
217 512 2
118 280 34
182 852 23
516 734 1
339 614 10
405 580 0
79 1492 40
457 1211 8
46 564 11
322 1331 51
229 1483 1
879 1246 14
337 365 10
373 1362 13
13 1050 0
1090 1131 8
217 1300 10
222 647 10
1127 1220 24
239 324 0
564 993 11
433 490 10
537 887 17
794 1473 8
957 1061 5
230 1463 1
865 927 23
1118 1393 83
522 961 42
248 428 8
219 1148 19
458 947 12
1281 1317 5
452 1552 1
96 450 1
234 1118 34
436 447 0
870 1246 1
769 1420 37
231 1141 8
317 1148 17
956 1338 31
675 1220 32
537 1353 17
630 757 62
334 364 18
442 457 17
609 925 8
988 1476 17
549 938 13
887 1061 17
734 801 8
452 697 10
133 1221 23
849 1045 17
428 626 8
420 516 44
1007 1008 39
609 1403 8
433 626 17
51 628 11
107 1293 52
175 830 8
440 1223 17
79 870 1
340 1253 42
82 875 18
1048 1325 5
892 1251 10
559 930 0
160 1564 8
326 1343 52
632 1133 23
334 602 12
775 1009 40
233 1319 40
1 1007 34
1129 1137 1
813 1417 35
806 887 17
484 1211 23
322 432 70
138 674 32
701 1136 5
226 659 21
428 1232 23
1077 1333 23
378 703 2
289 1232 23
188 412 24
497 905 8
295 634 17
328 1534 1
131 779 62
46 732 8
933 959 36
925 1206 39
433 1536 17
150 1419 23
1103 1221 1
198 869 17
121 455 12
365 727 10
944 1293 10
740 1280 19
484 800 17
100 1101 14
167 490 10
564 619 10
400 646 10
208 408 10
248 892 17
79 281 41
942 1118 1
479 609 8
1080 1369 35
62 709 8
554 1062 10
519 999 23
132 343 0
588 690 1
178 493 17
879 998 14
69 494 10
276 1085 17
679 821 34
638 730 55
1131 1216 8
631 844 10
297 654 17
108 602 1
588 1054 45
93 988 17
1211 1553 8
447 549 13
180 283 10
74 1007 34
1141 1232 1
131 678 17
92 479 17
555 1419 8
100 419 32
830 1417 8
237 602 0
855 921 23
224 289 17
512 1100 34
653 1222 0
896 1363 29
294 475 24
484 567 17
733 876 72
384 1476 10
130 719 30
182 365 10
299 886 23
79 437 10
812 1448 8
198 1198 23
398 1496 21
629 896 29
719 1137 34
1090 1216 8
133 1554 34
334 493 23
317 383 17
4 1221 23
792 906 76
555 844 17
769 1534 8
578 921 14
719 1268 34
142 906 17
973 999 23
345 769 8
182 904 10
806 1440 17
444 863 2
479 1168 31
488 1044 19
467 649 23
85 586 0
733 1250 35
1399 1449 8
977 1499 8
732 1203 14
70 563 1
253 801 10
395 436 1
544 1334 12
744 841 29
450 771 8
309 765 13
1118 1499 1
398 964 21
104 324 5
233 295 17
588 889 17
604 656 21
289 867 10
133 647 11
631 848 10
96 998 1
470 615 10
352 502 23
833 991 38
548 1452 1
216 608 5
69 812 8
470 499 17
449 1464 1
9 405 0
787 1131 8
12 406 13
333 1206 39
62 709 8
84 977 53
589 1095 17
97 1419 1
287 672 17
649 1136 23
452 679 2
222 1387 7
74 380 34
295 1547 17
78 1515 35
9 49 71
183 479 17
233 1061 19
186 782 10
634 1269 8
676 962 70
501 1439 19
479 1317 42
433 1300 17
627 901 17
628 1253 42
555 564 31
59 930 13
322 495 31
883 1090 17
262 947 41
322 1156 67
628 681 10
314 1152 23
247 1300 19
879 1529 23
627 693 17
222 1120 14
738 951 41
773 991 38
160 1338 21
235 676 10
90 196 29
289 1043 10
777 949 12
9 1280 71
242 441 1
149 766 1
1221 1552 1
634 1468 17
452 493 10
272 767 17
809 905 44
428 1438 23
333 1408 73
1315 1549 34
409 1131 8
1234 1244 34
548 1227 1
1048 1452 23
469 476 8
225 395 1
582 1058 10
765 963 0
103 108 17
927 1542 21
339 1171 35
122 408 17
160 180 8
742 904 10
555 1547 31
711 783 10
106 630 17
843 1141 8
782 842 34
1447 1452 14
110 1222 0
13 925 13
15 1221 24
632 1009 23
588 1126 1
646 686 17
160 1048 8
287 1420 17
855 1135 23
703 1220 24
292 475 24
280 730 2
921 1268 8
702 1035 7
471 901 29
719 777 12
282 1444 8
56 390 29
672 1300 17
467 1483 32
808 1172 35
533 971 34
564 626 17
288 989 17
719 1234 34
425 663 54
231 440 17
396 1198 23
132 602 0
464 711 10
129 494 52
385 755 7
841 1161 23
311 771 48
484 850 23
1465 1481 5
848 1536 17
654 886 23
22 916 8
324 1325 40
578 1409 23
113 1350 42
1458 1474 14
619 1529 56
585 1003 23
297 744 17
182 1481 5
610 1480 8
99 310 71
314 1157 51
1146 1464 1
468 1492 40
428 1386 8
152 1168 31
615 1062 10
563 1086 1
519 1077 23
16 663 34
906 1473 23
589 730 10
13 504 0
1190 1554 34
253 646 17
390 960 10
208 801 87
208 322 10
390 923 29
96 925 1
414 901 10
808 971 13
196 833 18
138 1366 60
1281 1468 17
441 1016 8
282 401 1
319 576 8
468 564 10
261 1271 24
659 1045 23
137 1093 23
289 781 23
9 905 13
631 1512 2
70 631 5
602 1016 32
988 1114 59
226 913 21
161 1440 17
434 747 38
281 1504 38
523 681 27
409 1018 55
769 890 8
542 1118 12
295 872 10
324 680 10
395 1232 1
460 1259 34
614 627 10
177 1220 24
690 891 9
647 1128 1
182 1129 1
849 1293 52
395 1363 1
1211 1245 8
167 1386 17
311 883 17
80 1269 8
60 1295 17
369 1386 17
1016 1093 32
96 922 1
50 488 17
276 596 8
4 600 23
1057 1448 1
564 877 17
467 841 23
339 1103 27
198 1234 39
133 821 34
610 1273 8
681 1529 56
609 1457 8
646 1481 5
769 1341 8
217 727 10
1281 1419 23
326 1072 52
82 543 49
93 1468 17
841 844 18
671 1305 12
636 701 62
847 998 12
334 499 23
97 1222 1
141 1409 1
805 944 43
92 499 17
13 1505 0
787 968 29
328 1268 14
202 669 56
614 1443 53
185 906 8
1136 1529 23
465 678 10
295 438 10
17 1481 5
433 964 17
483 959 7
172 1463 1
447 601 35
97 107 1
22 512 12
271 580 0
80 516 45
493 877 17
667 879 14
988 1288 1
16 1190 34
469 913 40
224 615 10
310 1250 35
359 409 24
647 1221 8
122 289 17
563 1234 34
564 1464 1
100 1535 14
295 1529 17
869 1564 8
266 850 8
242 1547 1
6 1050 7
160 469 40
131 288 17
239 663 13
132 608 0
649 902 23
325 502 54
152 476 1
595 676 10
89 994 2
103 766 17
329 787 32
322 907 87
567 1115 17
849 960 1
649 843 35
555 1007 1
133 766 17
479 484 17
614 1188 6
520 734 8
325 1136 23
693 800 17
711 961 12
149 695 40
161 775 17
172 311 23
932 1035 36
444 630 7
54 224 17
1039 1211 5
548 998 1
916 1169 8
272 314 17
1146 1458 8
9 109 13
132 993 13
293 983 38
744 896 77
198 525 40
570 883 17
493 1152 23
709 1228 32
479 766 31
795 1279 34
775 1432 17
79 1134 64
1317 1427 5
470 646 17
365 1481 28
916 1265 8
361 847 4
932 1016 32
109 462 72
800 1366 60
369 493 2
841 1093 23
48 1300 10
537 808 13
564 1432 17
766 1168 31
757 1400 37
850 1407 17
94 425 41
1118 1316 0
647 869 17
224 376 8
175 1216 8
182 734 8
92 736 67
137 842 23
268 1246 35
765 918 0
795 1098 34
125 1049 70
134 1512 2
152 889 17
311 709 23
142 1510 33
216 879 5
1296 1423 8
116 478 26
654 927 23
69 1246 10
288 1054 11
565 1100 34
142 1275 17
314 1251 10
1419 1471 8
1009 1496 23
272 1420 11
757 1280 62
142 1100 20
988 1062 10
659 932 53
490 834 10
744 1046 29
769 1060 8
1 1268 34
384 830 10
497 918 0
425 1220 32
178 800 17
646 766 17
478 660 26
168 1350 40
9 468 0
944 1325 40
161 914 23
291 1118 12
72 337 10
79 278 26
1295 1300 17
441 609 8
80 311 23
500 879 8
224 400 10
149 469 1
4 1161 23
149 189 1
543 863 2
1065 1420 14
834 1468 8
22 78 15
841 1396 38
537 742 11
325 449 5
202 395 1
69 209 10
311 548 1
1039 1064 5
631 964 10
167 892 17
833 1492 5
188 321 24
1244 1554 34
79 85 0
1198 1534 23
925 1039 5
134 922 8
283 1169 1
338 441 44
1058 1387 7
523 1249 30
672 942 1
96 848 17
325 1211 23
507 891 8
217 1293 10
291 1007 12
220 635 21
848 1420 17
848 1042 17
368 1417 34
272 1295 17
782 846 10
295 901 17
559 704 26
548 1420 17
13 654 0
149 1129 1
968 1103 14
348 1206 39
479 796 8
198 275 10
879 1234 8
253 1136 23
442 1042 17
680 901 17
310 1048 8
89 470 10
130 309 30
189 1449 8
96 340 1
773 961 12
60 1409 23
359 471 24
619 938 0
769 1433 2
428 844 11
242 744 17
93 440 17
334 604 23
13 604 0
259 1209 29
596 1232 1
595 1153 17
892 1141 8
239 615 13
554 676 10
649 1061 23
971 1305 12
600 1468 17
209 400 10
795 971 34
553 619 10
800 988 17
1050 1512 2
738 1005 41
667 843 14
914 1190 34
747 845 23
433 572 17
322 337 10
108 1140 1
629 867 35
143 294 8
458 1134 12
879 1178 8
870 968 1
337 806 17
567 914 23
609 769 8
359 378 24
1192 1244 34
821 1078 1
108 180 8
337 1010 10
365 608 70
932 1067 53
850 1449 8
39 688 34
1452 1556 14
511 1319 40
400 1547 10
364 1203 14
484 727 10
340 566 21
229 1556 1
176 1444 8
46 1326 8
80 1039 5
588 743 8
46 744 17
334 1452 23
845 1317 5
383 1300 17
608 1496 21
1277 1288 1
39 126 34
631 1338 43
168 863 2
85 750 0
161 582 17
571 1500 38
1009 1136 23
176 291 15
383 437 17
870 1456 1
96 850 17
815 1172 46
830 1350 42
249 775 17
891 1408 42
149 1481 32
17 1161 23
249 1085 17
124 545 27
266 787 29
1146 1232 1
196 1118 3
646 769 8
272 407 10
314 865 23
701 845 5
493 863 10
1128 1273 1
469 1552 1
693 883 17
131 1062 17
872 907 87
668 1464 8
782 971 34
139 876 18
180 1078 8
259 1048 8
236 247 62
813 1128 8
295 848 17
294 789 54
340 389 1
660 1271 24
167 440 17
1140 1310 35
478 726 26
679 732 2
247 537 19
85 663 13
9 447 13
1141 1449 8
730 1500 55
180 1245 8
648 1476 10
124 654 10
475 1140 24
477 844 10
77 865 41
104 1343 10
401 921 22
495 944 4
626 843 8
92 311 17
1221 1247 1
1061 1222 0
132 1198 0
104 161 23
180 1186 37
626 1552 1
650 1481 32
15 778 24
400 1211 37
787 1449 32
627 1271 17
37 1376 84
269 794 21
797 998 12
457 1042 17
572 1223 17
563 1452 1
631 1496 53
248 849 1
309 1549 34
834 960 10
96 617 10
206 1529 17
268 1017 8
444 1542 21
1401 1553 1
1044 1090 19
653 1203 14
424 1273 8
170 833 13
143 921 8
628 1386 17
339 1515 2
477 834 8
54 654 17
1062 1536 17
821 1133 1
17 84 23
843 1259 8
554 555 17
602 635 3
322 566 70
84 337 21
253 1323 46
170 239 13
1239 1444 8
450 1464 1
704 833 26
208 564 10
589 1044 19
324 519 5
339 933 2
879 1271 8
345 998 8
46 85 8
568 883 7
48 765 13
161 295 17
555 630 17
310 1448 8
900 1131 8
220 1511 21
973 1227 8
247 694 62
70 1564 8
968 1118 3
588 809 1
782 1480 34
142 516 17
89 830 10
184 879 8
325 789 54
364 1465 14
1141 1271 8
480 562 81
428 1465 23
663 1347 51
97 1425 1
1111 1343 10
660 1529 56
297 1090 17
149 1271 24
118 1258 85
287 477 10
1100 1417 34
82 216 5
26 834 42
931 1050 32
51 964 21
150 1492 5
60 672 17
170 226 0
99 693 17
632 794 11
667 1258 14
335 1049 67
396 876 23
90 1419 8
17 1003 23
849 1271 1
288 601 35
566 604 21
668 990 71
490 1167 27
134 419 36
56 1297 29
1265 1458 8
13 1301 13
838 1293 52
543 847 12
282 1232 1
1131 1545 8
182 253 23
1220 1490 32
85 276 13
359 709 32
1141 1221 1
97 843 8
229 588 71
863 1387 7
555 1468 17
125 1502 82
142 744 17
383 630 17
92 942 17
231 283 17
563 653 1
1129 1553 1
678 1085 17
1341 1462 8
457 1536 17
813 921 35
39 1315 34
289 1433 2
176 185 8
260 478 26
390 408 17
1131 1259 8
595 869 17
172 869 17
648 1300 10
22 576 8
242 1540 1
730 1316 0
229 1269 1
1090 1471 1
1044 1300 19
9 149 13
693 1386 17
390 1148 17
242 1401 1
62 1480 8
233 767 19
942 988 1
499 1481 5
48 523 27
499 711 5
120 1265 3
567 654 23
364 1050 32
288 1172 35
145 436 77
242 1129 1
872 944 43
1355 1362 51
628 854 17
767 1042 17
82 1534 23
295 479 17
638 1095 1
165 272 10
408 1152 23
103 887 17
727 1466 14
266 531 29
1315 1474 34
72 369 28
450 999 23
441 1438 14
108 1239 22
440 889 17
168 209 34
1269 1443 8
81 646 17
375 559 40
512 1489 34
165 419 2
454 1400 37
813 1007 8
512 998 12
636 792 76
938 1552 0
627 1448 17
1016 1564 8
1427 1463 1
710 869 40
93 96 17
709 1473 8
45 1385 71
108 801 1
189 1057 1
490 844 10
356 1351 51
590 747 18
1456 1465 14
744 865 5
309 1146 34
686 766 17
280 1299 27
810 914 8
672 879 8
283 490 10
46 1100 34
450 907 23
690 870 1
120 921 8
681 1362 13
843 1483 8
566 962 21
502 914 23
876 1198 23
434 1376 84
1253 1300 42
62 1456 8
563 1363 1
942 1563 1
789 797 54
142 869 17
447 543 13
17 484 23
9 589 0
78 1462 1
178 630 17
22 447 8
648 989 10
1186 1449 8
629 787 24
239 1184 0
615 1118 67
693 1300 17
217 493 10
850 921 23
727 1128 1
248 1261 17
467 604 23
998 1444 8
879 1474 14
614 1253 12
376 1045 23
189 1141 8
79 109 12
668 1563 8
297 493 17
236 253 62
647 1169 8
72 1547 10
659 1078 23
167 805 10
654 1232 23
46 693 8
398 765 0
376 405 8
984 1084 24
106 1090 17
305 650 32
324 1496 53
450 968 14
869 1205 51
352 744 5
672 846 10
324 1044 20
578 1397 33
189 863 21
728 1388 62
730 1044 20
242 628 17
604 932 53
141 849 1
850 1045 23
796 1247 8
213 596 8
457 627 17
892 1536 1
104 694 62
574 1386 17
753 1049 2
499 767 19
738 755 41
183 499 17
484 877 17
133 533 34
1540 1556 8
470 475 24
697 836 23
630 766 17
1153 1374 34
378 1246 10
365 953 31
226 1512 2
669 1547 17
48 537 10
376 477 8
675 1366 60
447 1222 13
271 409 16
632 1288 1
62 1438 23
674 1521 32
34 559 55
276 1409 7
753 961 12
148 188 32
892 1440 17
812 1067 23
311 889 17
80 703 34
508 1552 1
559 742 10
333 1397 62
235 1407 17
758 1265 3
988 1319 40
85 406 13
901 962 16
1118 1448 1
169 1178 29
877 1078 17
224 314 17
470 1221 8
520 1536 8
746 906 19
489 883 17
932 1521 32
332 631 12
9 1299 13
134 1362 0
730 1061 5
1265 1451 14
138 709 32
447 1146 13
845 1350 5
850 1481 11
17 276 23
516 801 1
447 1250 35
589 988 17
508 626 1
828 1317 7
16 1259 34
46 568 50
60 988 17
338 1447 18
224 1153 17
626 922 8
325 424 29
334 791 18
131 1536 17
143 812 8
184 1564 8
693 922 8
704 1425 26
131 775 17
1452 1494 23
161 183 17
444 537 66
163 899 17
855 1228 37
796 1403 8
310 926 14
1153 1339 21
1232 1473 23
338 1169 8
133 1540 8
511 694 62
1425 1448 14
1161 1496 23
395 1140 1
1136 1296 8
131 224 17
1213 1443 32
850 1417 34
118 1169 1
1399 1552 1
217 964 10
1128 1227 1
1366 1449 60
339 582 10
675 736 2
636 899 62
559 566 53
75 433 33
334 589 23
604 850 23
165 242 10
787 1366 60
695 1459 1
830 904 10
397 447 13
231 922 8
226 237 0
186 529 10
198 338 39
242 297 17
376 1549 8
283 378 10
1058 1148 10
4 519 23
196 901 29
122 457 17
833 892 23
380 663 34
470 673 8
291 660 12
341 364 8
104 701 62
120 464 10
248 1407 17
133 1273 8
1443 1447 69
289 962 58
248 1536 17
374 1203 8
609 913 8
594 711 26
455 1080 15
600 1251 10
141 830 8
75 523 30
608 844 21
507 1063 8
235 1054 11
1425 1480 8
425 1008 39
690 1151 1
401 1480 1
249 340 19
236 340 62
328 1129 1
457 1058 10
68 701 4
104 922 8
384 565 2
999 1064 23
291 455 12
322 1397 20
220 469 21
216 654 62
565 944 2
506 709 57
649 1140 35
671 1303 12
125 1331 51
292 450 77
959 1447 38
567 767 23
447 983 38
68 555 10
1261 1499 8
180 1380 2
619 1054 50
92 889 17
22 405 3
561 942 17
141 447 0
384 961 12
497 1129 8
1203 1269 8
104 1017 8
13 900 0
365 1090 10
152 907 10
589 930 0
1409 1419 23
108 133 17
1146 1399 8
510 694 62
143 287 17
433 1317 42
182 1064 23
400 1062 10
168 801 2
963 1283 21
519 1146 11
794 963 21
9 369 13
452 795 27
276 595 17
282 441 8
253 1067 23
294 636 8
602 899 20
407 1409 1
614 1476 10
769 1135 8
56 397 29
359 841 41
374 711 2
601 1208 35
497 743 13
1101 1556 14
1067 1244 21
272 555 31
309 676 2
168 841 17
341 1206 39
737 1103 14
744 1085 17
406 1063 8
161 1465 23
368 765 13
50 1042 17
237 619 0
92 242 17
576 883 8
253 1058 10
576 879 8
690 1499 7
99 1111 1
737 1490 32
77 746 41
152 376 1
47 1399 10
368 1480 8
212 1064 23
812 1468 23
604 1166 21
272 299 10
1234 1554 34
346 1206 39
235 1049 10
449 476 8
157 1448 1
580 594 26
679 1417 34
294 1137 34
771 1049 10
594 653 26
812 1140 8
280 458 12
795 1007 34
70 876 23
208 756 37
338 921 14
479 1223 17
766 1449 8
233 516 17
378 1293 10
366 1397 19
636 972 62
334 808 13
644 869 40
62 276 8
299 614 43
1064 1440 17
324 537 10
968 1534 1
70 1303 5
849 1529 17
99 628 17
160 229 1
230 376 8
139 833 18
395 602 1
470 999 23
1067 1222 0
276 484 23
855 1269 8
341 478 26
476 615 38
161 566 21
401 1129 1
70 842 23
567 1494 23
740 1304 5
310 906 8
428 1333 23
409 932 16
295 1300 17
632 1185 23
384 1492 40
646 1480 8
737 841 18
1058 1293 10
365 990 38
69 1489 1
60 634 17
600 1293 10
178 686 17
1406 1419 8
602 1425 14
185 288 8
495 878 31
206 1045 17
369 1271 17
280 1050 34
61 432 70
84 1078 23
198 1271 17
378 555 10
282 1564 14
1269 1464 8
914 1054 34
217 906 10
106 1062 10
1220 1399 8
60 185 17
299 469 21
564 647 17
103 1547 17
104 1407 17
295 477 10
46 842 8
257 1250 71
188 266 32
869 916 8
292 1060 77
781 1496 23
773 971 30
340 602 23
240 809 34
0 1268 34
234 1522 34
299 1547 23
299 659 70
537 1175 21
1035 1463 1
93 1464 78
97 1423 1
408 1198 23
663 1443 30
337 1044 19
314 366 19
429 1227 1
54 1440 17
103 471 20
863 1547 10
484 554 17
226 390 21
178 794 17
384 572 10
180 1141 8
615 672 10
85 905 13
672 697 17
390 959 7
339 932 2
850 1536 50
400 971 2
582 1420 17
230 1387 7
334 1512 13
429 1111 1
329 495 4
602 1268 14
72 1045 74
675 1374 34
208 680 10
253 649 23
567 1048 23
22 1265 3
483 738 41
922 1433 2
1071 1420 14
788 1294 29
397 785 29
198 1439 19
447 769 0
93 1148 17
237 504 0
334 1468 17
727 1399 10
1084 1499 24
384 932 2
266 305 32
276 574 17
314 1054 11
288 537 11
1221 1228 1
674 1129 29
531 896 29
972 1044 62
51 77 21
812 1296 8
291 753 12
228 1303 12
891 1496 53
620 852 32
196 852 32
601 1502 82
129 1286 52
602 1489 1
572 839 10
1113 1339 21
484 1221 23
54 630 17
17 781 23
610 843 8
107 116 52
99 157 1
271 409 16
93 172 17
36 1244 11
9 932 0
1078 1452 23
180 998 14
282 744 5
60 334 42
500 1552 1
57 365 10
398 1244 21
602 988 3
137 476 8
906 994 21
17 168 50
922 942 1
663 907 2
297 693 17
311 1353 19
468 1061 5
299 361 31
170 1288 0
0 925 34
13 846 13
345 794 8
80 276 11
567 672 31
56 942 1
228 911 12
1508 1556 14
297 1153 17
266 855 8
247 807 62
80 1449 8
1137 1269 8
167 340 17
395 476 1
493 1044 19
297 736 10
630 872 10
384 1188 6
309 1226 40
872 956 31
248 1221 1
383 1007 8
176 769 35
855 1136 23
60 1427 23
685 1366 60
779 892 62
438 964 10
212 470 23
22 886 8
543 563 30
497 821 8
653 778 71
636 902 23
855 1499 8
56 1444 8
0 309 34
1192 1279 34
469 1133 8
60 554 17
845 879 23
22 475 24
405 922 8
314 1377 5
97 883 1
1151 1464 1
631 703 2
478 703 26
604 1133 23
48 1547 10
701 1090 62
103 501 19
311 376 23
220 390 21
615 734 38
48 543 2
906 914 34
390 468 10
408 1135 23
291 1074 12
500 1232 1
288 659 21
400 904 10
209 944 10
340 1244 11
298 841 18
287 1250 20
396 1077 23
467 1420 14
390 744 29
852 1093 23
198 567 23
104 561 48
600 1377 5
70 1494 23
209 905 8
57 242 17
601 1171 35
78 914 35
484 783 10
378 457 10
219 973 19
512 1549 34
520 1025 34
167 1271 17
1228 1554 32
414 470 10
82 1222 13
502 855 23
727 863 10
79 564 10
142 1432 17
769 1540 8
497 630 0
295 365 10
189 563 1
659 994 21
870 1060 1
734 1246 14
338 833 18
785 1232 1
659 907 23
96 407 1
109 152 1
635 1317 42
1425 1564 14
758 1489 1
436 933 36
133 185 17
70 289 23
273 1499 8
79 841 41
96 1457 1
9 930 13
479 1277 8
118 1118 34
234 368 34
447 821 9
9 1355 51
108 1126 1
319 1444 8
1103 1169 8
79 96 10
601 1258 35
626 1407 17
233 694 62
600 905 8
525 1269 24
812 1141 8
78 478 26
340 1168 10
944 1362 0
92 964 17
225 497 0
892 1427 23
563 765 9
133 1203 8
103 628 17
767 771 19
188 364 32
508 1491 1
660 863 2
511 1407 17
833 855 23
493 983 71
523 848 30
555 567 31
170 571 13
1166 1542 21
1141 1563 8
740 845 23
1048 1427 23
676 954 31
222 1466 1
273 376 8
1250 1515 6
276 1221 23
75 289 19
239 405 0
690 1223 1
280 1220 24
1347 1374 7
478 1400 26
381 477 10
747 1221 23
222 956 4
97 284 1
892 1547 17
149 1227 1
68 1147 4
152 287 17
390 801 10
740 781 23
54 827 7
659 1244 21
131 1249 19
634 1476 17
801 1307 8
185 589 8
585 914 23
178 537 17
26 1206 39
548 1146 1
801 1169 8
502 740 23
683 1228 37
821 1153 34
1290 1464 1
366 698 19
1050 1277 32
931 1366 60
602 849 22
437 1045 23
22 81 8
160 1464 1
46 512 34
364 1489 1
236 999 62
97 1491 1
1300 1529 17
60 373 42
833 1534 23
1491 1499 14
376 1137 14
216 709 5
108 1111 1
180 883 8
160 830 8
470 1511 17
12 396 13
444 938 0
675 1238 90
172 902 23
100 542 7
462 1332 83
737 852 32
843 1140 8
681 742 10
922 1362 0
278 782 7
679 1153 34
82 132 13
103 863 20
175 266 8
906 1198 23
337 1232 23
59 659 21
938 1433 13
437 1061 23
769 1288 1
127 152 1
198 595 17
493 848 19
231 678 17
62 907 23
266 1290 8
236 767 62
972 1397 62
276 867 10
808 1035 0
615 1526 38
47 499 10
180 1227 8
305 1549 32
1048 1063 8
9 1506 13
537 805 10
766 1564 8
787 1247 24
150 1064 23
1341 1464 1
401 1403 1
407 849 1
709 1128 1
709 1468 17
338 1216 14
165 484 10
9 1214 0
334 512 17
437 1133 23
744 1440 17
734 1472 8
1280 1353 19
208 444 16
709 892 23
9 124 13
287 508 1
152 892 1
615 988 10
108 1118 1
1103 1273 8
22 777 12
289 779 62
368 497 13
305 364 32
559 660 2
282 513 52
842 907 23
907 1427 23
1416 1420 14
530 676 20
563 1489 1
922 1444 8
516 1476 1
85 821 9
142 877 17
938 1090 0
6 100 32
484 746 89
738 867 41
449 1468 5
364 1447 18
122 396 45
1128 1402 1
508 1466 1
369 447 13
798 1171 35
437 869 17
80 806 45
931 1297 29
852 886 23
1190 1474 34
869 1010 10
82 925 23
381 1444 8
493 730 10
771 1299 30
142 1146 17
441 512 2
1136 1192 34
305 770 32
419 566 53
216 697 62
129 143 52
850 1288 1
444 794 21
376 1456 8
183 869 17
614 960 43
408 901 17
131 999 19
168 960 2
337 1564 8
182 564 10
217 767 10
709 1459 14
291 955 4
96 235 17
938 1061 0
471 787 24
1128 1427 1
13 568 0
743 983 38
516 796 8
1071 1466 14
198 266 39
809 813 8
319 1463 1
1234 1265 8
314 1468 74
470 1420 17
482 1259 34
233 1085 17
659 1542 21
408 479 17
548 1228 1
89 711 10
299 1331 51
455 796 7
1133 1377 5
359 1007 12
452 1061 10
626 830 8
663 1447 49
317 484 17
998 1103 14
104 886 23
614 727 10
921 1491 14
646 1468 17
1161 1283 23
740 914 23
653 809 34
962 1153 21
198 470 23
208 727 10
345 1448 8
271 436 36
124 378 27
1022 1512 2
476 1547 8
280 365 2
198 1326 8
1016 1136 32
806 1407 17
1093 1425 14
769 1545 8
906 1227 8
268 671 15
475 525 24
75 676 20
429 476 1
266 1093 32
704 1063 26
1496 1529 23
106 669 40
299 1534 23
96 627 17
876 1445 69
408 1115 17
295 783 10
602 902 23
767 808 0
219 976 19
944 1380 55
563 833 17
407 1049 87
429 1494 1
710 1221 8
1448 1462 8
224 1420 17
108 501 17
231 429 1
615 998 67
787 1054 24
149 634 1
502 604 23
678 1448 17
783 1148 10
475 1221 24
626 646 17
51 1032 6
742 839 10
38 383 25
464 617 10
80 433 11
342 777 4
96 800 17
110 1239 77
235 578 33
676 1338 10
149 702 1
876 1377 5
1216 1563 8
72 973 10
280 842 34
163 588 17
283 854 17
743 1063 8
636 892 23
686 1468 17
841 1253 42
1085 1432 17
337 567 10
727 1228 37
899 1238 8
806 1547 17
182 470 10
927 1093 23
288 444 21
269 1067 21
170 778 13
6 1178 7
678 906 17
93 288 17
629 1211 29
812 1039 5
72 91 10
16 1244 34
9 447 13
249 537 17
488 976 19
1057 1221 1
683 1246 10
90 1290 14
619 1377 40
548 1049 1
165 287 10
701 914 5
447 1341 0
628 993 11
476 548 1
231 476 8
346 408 39
409 580 13
62 635 8
1007 1363 1
989 1529 17
1062 1473 23
879 1556 8
632 767 23
424 1288 1
764 959 7
766 800 17
340 1397 19
476 1290 8
588 964 17
172 681 10
647 676 10
46 442 17
720 972 73
913 1205 51
843 892 8
1050 1521 32
261 1213 32
92 108 17
79 1399 10
85 1146 13
1067 1153 21
276 1300 19
711 901 10
248 1468 17
690 1473 8
1279 1369 34
653 1444 8
167 989 17
914 973 23
1017 1090 8
248 553 10
733 823 72
450 709 23
753 833 17
248 1131 8
161 493 19
311 1449 8
317 1476 17
324 1283 53
747 1332 38
499 1468 74
469 1489 1
849 1009 1
237 1035 0
359 570 24
797 955 4
230 576 8
183 1146 45
475 672 59
180 719 2
280 1146 34
589 646 17
531 809 44
631 1515 7
576 736 8
245 635 21
647 1319 40
249 1366 60
378 738 41
89 499 10
636 843 14
501 850 17
91 441 10
311 870 1
437 600 23
510 1386 19
266 1448 8
565 736 2
499 877 17
72 299 10
887 1042 17
289 672 17
563 1049 2
121 827 12
1062 1496 23
1131 1232 1
133 670 11
1090 1203 8
289 648 10
185 582 17
272 1147 31
84 444 21
280 374 30
168 619 2
675 930 2
794 1023 11
161 553 10
4 493 23
79 930 0
567 1061 23
50 183 17
70 1221 23
176 765 8
843 1220 24
543 1473 8
734 891 71
581 970 5
104 1223 17
520 1234 34
490 808 13
52 469 16
1086 1534 1
510 698 19
60 902 23
390 654 17
520 578 8
287 1547 17
609 709 8
198 783 10
834 1444 8
183 1432 17
297 1536 17
619 978 64
185 827 7
530 792 76
973 1024 62
108 849 1
383 843 8
160 444 21
1234 1294 29
778 930 13
1273 1320 14
771 1081 7
639 931 29
1101 1527 38
408 845 23
719 911 12
602 1078 23
130 925 40
773 990 38
242 516 17
108 1245 1
383 1419 8
1299 1362 13
322 904 10
561 1280 19
512 1054 34
364 1409 1
1078 1419 8
742 1045 21
125 1499 8
121 228 12
93 545 10
631 794 50
222 554 10
1128 1545 1
332 809 34
291 455 12
1365 1483 8
441 932 2
72 844 21
452 1540 8
989 1085 17
72 989 10
801 892 8
172 1085 17
494 913 2
363 1100 34
142 475 59
565 681 2
559 1037 12
800 1409 7
282 375 5
245 1408 42
460 653 34
568 1492 40
570 572 17
236 511 62
241 425 41
589 1213 5
84 635 21
198 604 23
165 537 10
478 1077 26
133 1448 17
567 1476 17
578 1009 23
168 1417 34
678 783 10
288 806 45
681 964 10
161 747 23
125 1271 1
812 925 23
253 1408 42
9 398 0
988 1473 8
368 1222 13
436 1018 55
668 1211 29
51 1172 35
272 479 31
436 1128 1
914 1009 23
54 617 10
497 675 0
702 1444 8
79 1148 10
108 732 1
314 566 23
96 511 17
198 698 19
1045 1283 23
1078 1499 8
80 233 17
437 925 23
809 1347 51
288 1095 45
278 553 7
15 743 24
580 1301 13
589 1494 23
226 901 16
970 1187 38
278 1071 26
1131 1401 1
274 619 12
753 1037 12
9 876 13
973 1232 23
180 1009 8
1023 1244 11
107 1317 7
1288 1300 1
589 1319 40
176 1208 35
233 1476 17
588 1468 17
352 876 23
892 1085 17
104 389 17
800 1536 17
324 390 10
224 1128 8
334 852 23
470 1409 23
1474 1522 34
15 137 24
972 1253 42
230 309 2
769 1330 8
508 576 8
180 1444 8
185 1017 8
683 1148 10
867 1451 14
0 1417 34
673 769 8
26 1084 24
242 942 1
75 1044 19
126 1480 34
963 993 21
520 1279 34
311 794 17
578 999 33
619 711 65
783 993 2
636 781 23
295 322 10
1048 1489 8
508 1048 1
96 107 1
1039 1355 51
97 766 1
428 647 8
1419 1553 8
1223 1271 17
431 1095 45
601 744 5
280 841 17
78 328 35
324 1492 40
867 938 13
359 480 24
189 1007 1
502 1152 23
921 1307 8
614 1283 53
9 711 0
103 289 48
450 914 23
1141 1534 8
462 823 72
124 340 10
589 1049 10
213 1227 8
501 564 17
1009 1296 45
39 363 34
499 631 5
510 872 20
468 559 65
1319 1403 14
178 295 17
1221 1271 24
79 476 8
564 708 17
282 906 23
247 589 19
348 876 18
4 467 23
862 1296 17
843 1416 8
608 1062 23
1095 1326 1
1259 1273 8
408 501 19
46 1499 8
970 1497 40
944 1476 10
457 1133 8
48 452 27
1054 1061 11
424 896 29
236 493 62
120 1481 28
635 781 52
585 1185 23
17 585 23
20 39 34
681 989 10
39 1100 34
490 1250 35
405 1317 53
198 628 17
37 401 1
314 324 5
125 152 1
311 490 10
877 1350 42
850 1003 23
324 678 10
543 1234 34
97 576 8
660 1443 30
70 1003 23
711 808 0
1050 1100 34
108 887 17
183 311 17
444 993 21
46 1483 8
161 855 8
182 1045 23
440 1271 24
152 198 17
283 877 17
234 288 34
216 914 5
576 639 8
971 1310 6
588 1465 1
680 849 17
510 1299 30
219 248 17
96 180 1
1101 1135 14
1133 1462 8
268 1288 1
34 970 40
180 224 10
383 672 17
99 1085 17
614 1529 56
630 993 58
1269 1461 14
62 160 8
276 744 17
572 907 10
46 516 8
185 646 17
78 847 15
172 1115 17
180 1300 8
97 1490 78
709 1061 23
280 334 17
589 1133 23
610 1269 8
1044 1132 62
85 563 9
314 1153 17
56 100 32
276 635 21
248 1386 17
604 841 23
338 1017 8
225 843 8
276 1133 23
1353 1439 19
457 1464 1
272 297 17
325 1074 54
176 503 1
653 796 8
242 867 10
359 932 32
280 961 12
222 1338 87
614 906 10
168 1234 34
457 1458 14
339 1179 40
96 231 1
777 956 4
110 1330 47
565 867 2
224 1271 17
921 1480 8
271 444 16
259 1095 1
830 1133 8
1480 1489 8
467 1221 23
654 973 23
47 1437 2
375 973 5
464 568 10
680 1343 10
72 1150 16
1466 1473 14
161 340 19
230 449 37
142 1064 17
794 1175 21
988 1511 33
1064 1317 5
428 1376 5
582 988 17
93 567 31
384 452 27
376 1296 8
314 1061 23
384 1377 40
364 1008 39
182 545 10
602 1468 17
668 1419 8
563 842 34
26 1294 29
559 1153 50
830 1463 1
497 1300 0
876 1281 23
225 1451 14
467 531 32
297 849 17
519 1064 23
198 683 10
559 672 10
134 763 8
1240 1466 14
168 188 24
512 681 2
946 1351 51
447 1299 6
89 581 16
701 1388 62
1093 1103 14
97 1462 8
253 537 17
695 1552 1
852 1198 23
167 408 17
1084 1203 24
675 938 2
1161 1185 23
842 1409 23
51 963 21
99 709 1
314 1198 23
196 1333 8
433 468 10
389 511 17
237 576 8
373 580 13
883 887 17
407 843 8
653 663 34
60 994 42
1449 1556 8
93 708 17
476 1472 8
322 1400 37
149 152 1
80 470 23
198 493 10
322 444 16
345 890 8
107 744 29
9 368 13
468 960 43
942 1326 1
13 271 0
1261 1265 8
253 867 10
565 703 30
92 877 17
97 653 1
170 630 0
216 1473 5
628 1319 40
408 1251 10
248 369 10
690 774 7
167 619 10
493 1010 10
407 588 1
89 208 10
821 1211 1
636 1362 13
475 1565 24
69 1458 8
54 180 10
208 289 8
638 1463 1
295 944 10
675 971 30
578 848 33
168 1374 34
447 615 13
494 1148 10
604 1175 21
333 1050 32
844 1054 11
464 1220 24
116 1286 52
1118 1253 12
428 1377 5
75 510 19
1214 1316 2
1169 1247 8
110 580 0
272 680 17
406 675 16
78 798 35
976 1397 19
839 989 10
161 220 21
134 180 8
253 381 10
839 848 10
314 742 17
1300 1449 8
159 385 7
787 1063 24
242 1553 1
1277 1481 14
808 1473 8
574 1115 17
520 1131 8
20 1279 34
563 631 2
134 239 0
289 580 0
96 567 31
170 961 54
1409 1494 23
248 602 3
537 1261 17
672 1244 17
850 1547 11
189 710 40
182 1444 8
475 660 24
324 1536 50
103 400 20
376 436 8
161 833 23
310 396 8
222 248 10
283 324 10
198 1432 17
69 872 10
1101 1320 14
122 809 85
927 1465 23
365 581 2
198 501 19
467 1317 5
359 852 32
253 1157 51
1061 1253 42
737 1447 18
711 1497 55
1203 1417 8
97 1406 1
574 1062 17
46 1408 42
266 844 32
322 906 10
186 381 10
769 1489 8
291 952 12
104 1317 5
781 1534 23
488 1148 19
328 379 35
747 1078 23
469 963 21
85 879 44
578 747 23
239 933 0
225 1017 8
237 734 8
340 373 21
219 1061 48
876 1136 23
196 1296 8
499 1439 19
61 801 87
54 484 17
161 1408 42
822 1317 7
407 1007 8
108 1403 1
107 1169 8
1085 1271 17
266 875 32
378 839 10
85 1288 0
626 1480 8
253 897 58
160 644 40
430 668 29
531 787 32
314 479 17
444 1407 66
125 1552 1
543 1037 12
395 1406 1
220 844 66
129 781 52
773 1118 12
182 278 7
220 566 21
588 998 1
50 862 17
234 280 34
1146 1157 51
979 1351 51
131 247 19
1203 1480 8
602 1221 23
437 646 23
9 1552 0
1366 1521 60
310 746 41
660 1226 40
93 989 17
870 1480 1
57 283 17
674 1322 29
767 794 17
953 956 4
476 1140 8
567 744 17
476 769 8
118 983 38
468 1054 50
84 1542 21
407 429 1
614 894 4
479 708 17
654 921 23
476 600 8
781 1048 23
104 1281 23
592 1213 32
384 867 27
126 1549 34
352 1419 23
444 844 21
744 972 5
462 1141 47
597 1504 38
600 1232 23
833 1039 5
854 1300 17
99 883 17
334 1494 23
236 1280 62
1432 1536 17
578 865 23
914 1050 32
697 854 17
457 1216 8
314 841 23
9 98 0
276 907 23
563 580 9
278 631 26
247 848 19
172 1547 23
289 1275 17
574 1529 17
90 1169 8
60 242 17
168 1226 40
9 409 13
701 955 4
198 1317 5
668 1465 8
600 904 10
852 1547 23
338 1366 60
490 1061 10
12 631 0
771 988 17
659 944 53
441 519 28
690 744 77
1141 1448 8
69 711 10
1135 1185 23
407 600 10
882 944 43
124 499 10
746 869 89
311 1476 17
488 1409 7
276 1023 11
1448 1473 8
563 1268 34
248 889 17
206 365 10
1129 1473 8
311 1024 62
457 1409 1
502 1362 0
20 1190 34
383 1463 1
78 730 15
680 1064 17
627 1407 17
82 1187 38
1283 1419 23
849 1128 1
1 809 34
74 108 8
397 570 29
646 1489 1
242 1468 17
1 126 34
843 968 8
701 1253 42
930 938 13
468 1519 35
663 1317 40
1118 1547 3
464 844 10
143 1048 8
999 1249 19
862 1168 31
389 561 17
134 447 0
56 90 29
852 1062 23
15 419 43
231 1300 17
697 839 10
133 167 17
54 317 17
180 490 10
253 282 23
850 1131 8
317 672 17
206 883 17
338 1220 32
260 867 27
46 441 8
572 1141 8
462 777 72
381 484 10
646 1023 17
180 1067 14
1025 1268 34
775 1062 17
361 559 4
808 1506 13
253 877 17
282 1198 23
609 1451 14
520 842 34
182 1152 23
1141 1222 14
890 1133 8
100 923 7
693 854 17
99 376 1
54 253 17
537 877 17
122 283 17
56 1534 1
660 1146 34
198 568 39
13 390 13
889 1300 17
904 1343 10
84 882 70
464 679 2
188 1136 24
1169 1300 8
369 806 17
602 626 3
821 1246 1
183 883 17
242 614 10
9 857 13
467 1152 23
565 1447 17
516 771 17
465 555 10
295 844 21
225 1288 1
219 1432 17
317 1045 17
676 953 31
1128 1420 14
1350 1547 42
96 1459 1
237 876 13
50 869 17
62 635 8
196 639 29
907 1135 23
973 1010 10
839 844 10
70 711 9
425 1050 32
753 777 12
161 1044 19
561 1300 48
921 1046 8
679 900 40
683 800 17
830 1118 1
231 295 17
576 933 8
96 932 1
340 510 19
566 921 23
150 1333 23
242 1333 1
289 879 23
97 1077 1
198 488 19
1244 1547 17
259 785 29
999 1473 23
310 1549 8
1085 1476 17
589 1397 19
1078 1471 1
690 1541 7
26 1363 29
476 1250 71
668 788 29
850 1480 8
900 922 8
108 230 1
369 1054 17
502 850 23
112 441 2
876 1316 13
225 239 0
380 1374 34
338 1273 14
384 470 10
180 1035 8
322 1283 70
1203 1466 1
795 946 34
653 1192 34
57 555 17
690 1085 1
477 647 10
1228 1332 83
600 732 10
1095 1269 1
906 1148 19
441 679 2
107 1138 52
1095 1136 1
93 297 17
931 1008 39
248 1223 17
184 334 8
269 1054 21
1187 1477 38
54 877 17
608 1128 21
998 1129 1
730 1049 43
508 531 1
271 368 16
395 1457 1
90 1103 8
299 366 20
17 999 23
121 753 12
72 297 10
9 794 13
295 672 17
537 1249 17
742 1362 13
555 834 42
1067 1468 23
988 1464 1
660 998 12
266 1473 32
229 1296 1
693 905 8
219 887 17
886 1377 5
86 580 2
292 959 77
614 1397 20
1049 1335 67
12 805 0
266 1559 7
287 561 17
627 1261 17
626 891 45
805 1293 10
62 299 23
849 1457 1
1061 1213 5
396 954 4
476 1125 8
1459 1540 14
1118 1216 1
429 653 1
288 1417 34
529 830 10
796 1093 8
4 499 23
26 1211 29
447 1323 46
77 208 37
654 1280 19
220 1511 21
597 1526 38
1169 1228 8
229 1203 1
311 901 17
122 654 17
230 964 10
390 901 21
467 1016 32
352 608 23
17 1473 23
1009 1427 23
145 1035 77
37 1095 1
1326 1545 14
907 1492 5
334 619 41
172 927 23
1128 1534 1
572 1171 20
79 630 10
813 1077 35
120 484 10
248 1476 17
537 989 17
13 368 13
1206 1268 39
396 1007 8
376 1007 1
843 1489 8
468 627 10
631 647 10
46 855 8
26 629 29
230 1090 10
787 1228 32
497 566 0
248 317 17
500 921 35
282 1376 5
907 1133 23
231 1468 17
906 1223 17
60 572 17
38 516 25
876 971 49
617 1286 52
89 278 7
595 1115 17
46 407 8
949 959 7
364 1131 14
239 396 13
780 1343 52
462 1220 32
54 763 17
441 870 1
340 701 62
520 1365 34
324 1295 10
163 295 17
208 1048 8
632 1093 23
863 894 31
170 727 14
890 1273 8
1016 1213 32
287 711 10
208 680 10
654 1222 0
734 1350 5
220 1113 21
913 1095 1
249 1064 17
328 478 26
118 376 8
46 850 8
594 1077 26
186 1111 10
1255 1293 52
530 647 19
419 631 53
565 631 2
809 843 8
54 324 10
516 1395 45
457 561 17
1300 1464 1
202 1226 71
674 1211 29
447 581 0
82 278 26
61 230 87
576 1063 8
180 319 8
1221 1474 14
516 1275 17
167 242 17
239 879 44
545 971 2
383 1223 17
276 869 17
188 1211 24
46 74 34
495 555 10
1003 1009 23
198 1239 39
626 744 17
747 1473 23
867 1474 14
604 808 0
150 1534 23
476 1549 8
1239 1540 8
794 961 42
314 1067 23
470 564 17
730 839 10
160 345 8
172 852 23
294 1462 1
4 497 0
188 747 18
507 1221 8
226 368 40
157 1534 1
452 1529 56
743 1129 8
1448 1534 1
1137 1315 34
134 879 8
84 1333 23
1232 1448 1
511 693 17
679 1409 30
7 239 2
376 1035 8
672 1444 8
727 1203 8
4 104 23
130 563 30
479 1269 8
297 960 10
159 733 72
519 1468 23
291 690 7
676 821 1
241 959 7
672 1468 17
310 672 8
170 581 0
678 850 17
396 589 23
253 1253 42
428 617 10
7 9 2
212 892 23
70 519 23
773 1304 12
1296 1407 17
702 1288 1
60 892 17
62 477 8
288 595 17
341 931 32
470 1481 5
208 309 2
1128 1465 1
428 604 23
563 795 34
582 730 10
253 314 19
834 1317 42
253 297 17
82 531 18
801 932 2
659 1438 23
97 1273 8
337 596 8
1090 1275 17
708 1271 17
653 821 34
79 1054 50
325 600 23
1067 1136 23
172 1448 17
932 1362 0
636 1078 23
479 1275 17
609 988 8
887 899 17
850 1232 23
1221 1222 1
437 1281 23
364 796 8
850 852 23
442 1090 17
219 792 76
589 766 17
273 1232 1
131 1366 60
589 976 19
668 1131 8
508 1085 8
674 791 32
251 373 42
334 1146 8
121 280 12
196 1169 8
549 1304 12
90 879 8
512 1049 2
289 1325 5
548 1118 1
1136 1480 34
161 1148 19
225 1131 8
46 363 34
1234 1480 34
400 408 10
408 635 42
397 938 13
520 1369 34
77 1175 21
1093 1552 1
109 434 38
185 268 8
376 852 23
493 1176 6
734 809 8
222 672 10
468 582 10
877 1153 17
12 549 13
970 1117 16
468 654 5
172 678 17
178 744 17
259 1234 29
553 1205 51
630 869 17
619 901 10
1466 1499 8
531 1046 29
225 1536 1
1333 1563 8
942 953 1
508 1416 1
631 730 65
601 769 35
75 342 62
249 698 19
247 510 19
9 675 0
620 833 18
6 1234 7
338 341 3
198 842 23
827 1037 12
877 961 42
334 973 23
1085 1244 45
366 449 62
648 678 10
1136 1521 32
185 708 17
401 1046 1
502 852 23
262 291 54
9 253 0
493 1035 9
90 1277 8
578 1419 23
502 1206 39
376 604 23
891 953 82
830 846 10
872 927 70
375 631 40
604 1213 23
219 554 17
794 1148 17
82 902 23
833 896 18
183 253 17
683 1530 38
46 289 8
248 516 17
295 299 10
314 839 10
567 578 23
476 1466 8
220 1496 21
608 1468 23
627 734 66
259 1444 8
272 1078 17
490 630 10
1471 1536 1
282 833 23
185 1062 10
108 850 17
548 1417 1
97 157 1
808 942 0
533 1374 34
581 1407 66
679 782 34
165 555 10
345 364 29
108 663 44
457 879 8
390 787 32
80 973 23
196 1425 14
788 1133 24
289 906 3
782 1136 34
601 1213 28
198 251 42
127 808 0
176 1133 35
60 96 17
120 311 10
500 559 15
334 1416 8
282 602 3
636 1288 1
747 961 42
184 1141 8
62 1152 23
1078 1317 5
469 964 11
419 1433 2
468 794 50
405 1499 8
46 890 8
1067 1480 8
85 993 13
161 757 62
654 944 5
373 1316 13
138 188 32
219 830 17
137 376 23
559 1018 55
85 833 13
680 907 10
619 847 12
93 275 10
206 676 10
85 281 13
0 850 34
765 867 13
476 1307 8
309 490 2
848 899 17
419 553 2
233 844 17
79 600 10
848 892 19
142 588 17
235 648 10
850 902 23
97 1427 1
282 781 23
134 1095 1
834 891 42
185 299 10
565 747 49
629 1209 29
602 870 22
1261 1417 8
600 1043 10
1007 1141 1
600 850 23
385 1530 38
600 769 8
107 242 1
366 1132 62
703 1317 40
168 400 2
57 178 17
467 636 23
1133 1269 8
125 1458 8
589 1409 23
499 1273 14
646 1128 1
9 396 13
338 1046 29
993 1048 8
449 1095 1
1151 1203 8
600 1317 5
70 467 23
103 299 20
523 999 30
604 865 23
933 1374 34
338 1420 14
401 450 1
588 1071 1
132 711 0
295 678 17
457 708 17
86 237 2
565 711 2
502 1281 23
499 519 23
830 925 8
994 1222 13
49 1131 8
1129 1234 1
196 1499 14
834 989 45
1466 1504 7
771 960 10
185 500 8
589 877 17
82 1452 23
104 222 10
482 842 34
428 511 8
182 1211 23
602 999 23
1115 1153 17
69 400 10
17 161 23
675 922 8
180 1502 4
165 513 52
163 457 17
198 876 23
108 152 1
493 901 20
338 1322 29
879 1466 8
178 1407 17
614 1244 50
447 1462 1
553 782 10
107 617 52
545 1350 40
649 1547 23
294 317 8
22 1417 8
242 493 1
493 988 17
198 1221 23
572 576 8
1213 1333 32
326 396 52
341 592 32
122 231 17
365 493 10
178 253 17
247 771 19
168 1228 30
311 1481 5
291 1369 12
608 1061 23
309 405 30
727 1273 8
61 361 31
222 295 10
523 703 27
1035 1433 2
96 638 1
870 1048 1
69 821 1
209 369 10
337 869 17
809 1100 34
602 911 12
180 653 22
1463 1554 1
434 1355 51
62 84 23
120 1007 8
90 921 8
163 1153 17
1045 1452 23
69 414 10
830 1425 8
870 1275 1
257 615 67
672 1216 8
1178 1536 1
988 1547 17
134 1288 7
287 440 17
93 1271 17
766 1169 8
1133 1206 39
1386 1439 19
376 455 7
457 771 17
268 971 35
12 1184 0
409 1552 1
620 1521 32
150 886 23
592 833 18
680 1095 17
1419 1468 23
180 216 37
182 408 23
901 973 17
653 1282 22
172 476 8
843 1451 14
78 359 41
142 736 10
228 602 12
400 1246 10
555 849 17
711 1080 15
678 1444 8
237 994 13
1288 1457 1
830 1420 11
77 537 21
142 233 17
734 1296 8
235 999 19
1086 1458 14
933 1049 2
646 681 10
108 172 1
914 916 8
619 654 5
744 1419 5
396 1286 52
75 601 41
445 1113 21
366 479 33
338 737 32
359 424 24
449 1161 8
614 904 10
89 993 2
121 374 12
233 686 17
930 1552 0
289 381 10
325 1468 17
468 589 5
589 1249 19
281 288 8
206 634 17
85 1035 0
338 1128 1
1350 1529 42
297 846 10
730 1399 10
208 839 10
732 1463 1
129 838 52
639 1489 1
444 1338 2
85 537 13
235 272 17
229 508 1
734 787 24
79 949 64
1192 1481 32
659 1213 23
175 602 3
977 1444 8
80 441 8
107 266 29
433 906 17
452 553 10
531 1131 8
511 830 17
280 419 30
309 841 49
72 457 10
85 1203 8
659 796 8
639 733 72
683 1269 24
405 1499 8
576 1216 8
802 1300 10
248 576 8
132 998 0
907 1545 14
97 1471 1
519 672 17
565 1417 34
555 1042 17
142 1115 17
231 561 17
737 1366 60
142 1409 22
570 942 8
295 904 10
1084 1140 24
340 502 23
1282 1444 8
1423 1462 8
629 785 29
131 219 19
94 129 52
142 1023 17
834 1529 42
38 983 38
99 272 1
1198 1211 23
106 654 17
564 1023 11
405 1480 8
108 396 1
879 1064 23
902 973 23
1009 1462 8
337 1300 19
135 633 7
272 572 17
436 653 79
408 701 62
444 765 0
289 1261 17
401 801 1
608 767 23
649 1135 23
1113 1159 21
168 1146 34
520 1085 8
429 1465 1
632 1540 8
645 1351 51
1048 1161 23
457 1255 17
219 236 62
96 233 17
870 988 1
206 1448 17
782 802 10
589 1230 19
635 1283 21
142 848 17
1216 1277 8
127 299 25
93 185 17
886 1492 5
322 484 10
479 1058 10
654 872 10
1220 1465 24
512 1303 12
310 1499 8
45 169 29
172 511 17
178 680 17
314 1221 23
389 1095 17
516 848 17
395 1449 1
167 314 17
614 1325 40
580 1362 13
1444 1499 8
401 1341 1
850 1017 8
46 477 8
737 1481 32
1103 1203 14
476 609 8
678 1271 17
740 1377 5
468 974 7
801 1466 1
72 248 10
733 981 72
167 615 10
97 202 1
408 846 2
124 1529 56
261 305 32
447 537 13
592 1271 24
231 1296 8
766 1129 1
409 475 24
636 1141 14
493 967 21
1125 1129 1
260 681 27
325 876 23
217 582 10
208 932 2
325 1220 32
288 444 21
566 999 23
1067 1364 21
1045 1547 23
564 944 10
667 1427 14
1071 1234 14
582 589 17
989 1536 17
876 1325 5
247 523 30
385 1510 38
365 844 10
92 693 17
239 390 13
22 956 4
856 1416 16
79 1045 10
477 988 10
139 852 32
808 1032 6
668 1433 2
429 1146 1
904 1523 34
379 891 8
182 567 23
968 1294 29
1045 1078 23
801 954 4
219 471 20
104 769 8
337 384 10
428 464 10
520 1417 34
12 1300 0
365 907 87
590 1481 32
157 188 24
604 608 21
576 742 8
278 805 7
476 1048 8
1217 1423 14
1227 1261 8
337 1176 6
559 863 43
1082 1347 51
970 1211 37
904 1246 10
899 1536 17
676 865 87
810 1261 8
660 914 34
447 742 13
248 437 17
1294 1347 51
54 477 10
437 469 11
46 1046 8
679 1268 34
478 734 26
209 1246 10
660 911 12
295 730 10
340 740 23
401 1103 1
1129 1227 1
368 1007 34
172 352 23
452 654 10
324 697 10
471 635 52
1403 1448 8
1136 1376 5
150 1003 23
470 883 17
196 329 32
295 683 10
54 555 17
437 1536 17
12 141 0
125 659 53
788 1269 24
1185 1376 5
261 325 32
516 1269 24
137 253 23
1141 1269 8
69 1049 10
385 1362 13
791 1561 66
178 561 17
56 520 8
168 1084 24
758 1464 1
808 1421 0
224 276 17
220 337 21
314 1085 17
82 1526 38
429 1093 1
619 830 10
1133 1261 8
834 1157 51
57 104 17
1062 1133 23
1249 1468 17
520 719 34
545 839 10
84 925 23
297 1062 17
1146 1515 34
188 503 24
46 843 8
476 1131 8
843 1171 35
830 1035 8
196 931 29
436 576 8
98 580 2
120 339 10
647 1420 11
329 833 18
801 964 10
121 543 12
452 1111 10
477 782 10
209 795 34
57 299 10
1133 1399 8
253 1300 19
1296 1534 8
127 993 16
280 520 34
373 433 11
428 574 8
901 1407 66
879 1080 14
452 1462 1
170 1035 0
1137 1448 8
291 998 12
744 921 5
60 767 42
566 1135 23
6 325 7
401 1216 8
352 865 23
566 608 21
470 578 17
107 326 52
272 468 10
132 253 0
239 767 0
275 295 10
565 1350 40
447 1459 1
106 1058 10
1048 1438 23
702 1128 1
345 1211 29
877 1146 17
1129 1466 1
305 1449 32
742 1283 21
172 1462 8
337 830 11
408 493 3
206 646 17
782 1234 34
311 1085 17
149 1046 1
62 1178 8
112 407 2
219 775 17
1067 1113 21
942 1473 1
245 1350 42
608 944 53
385 1393 38
896 1366 60
1150 1542 21
783 901 10
324 805 43
436 1480 8
1048 1449 8
1061 1408 42
998 1326 14
132 900 0
80 883 17
742 808 13
588 627 17
555 856 59
9 933 0
185 567 31
13 1552 0
183 537 17
363 809 34
619 630 10
589 1448 17
1008 1513 39
281 470 8
334 1483 8
649 1198 23
224 554 17
442 1261 17
206 805 10
1221 1496 23
118 850 34
467 476 14
390 962 66
589 1185 23
676 844 10
152 450 1
742 1238 8
401 1554 1
248 588 17
1296 1448 8
727 1443 2
537 999 19
414 595 10
46 168 34
46 565 34
120 849 1
108 364 22
152 1049 1
867 973 10
118 841 34
913 1463 1
574 1432 17
1062 1246 10
77 1481 21
568 938 0
341 571 18
1423 1536 1
553 973 10
493 841 23
508 892 1
107 116 52
405 938 0
984 1271 24
287 1310 20
732 1451 14
366 901 20
253 1043 10
242 626 17
138 875 32
849 1490 78
224 488 17
233 236 62
235 465 10
1060 1232 1
80 561 17
127 161 16
1071 1444 8
998 1221 1
46 964 11
152 932 1
667 1420 14
932 1541 7
444 469 21
161 942 8
78 543 35
548 1494 1
378 563 2
675 1492 53
294 777 12
944 1443 53
322 324 43
879 1198 23
1358 1527 71
690 930 0
780 1010 52
364 1128 1
484 1376 5
299 506 67
805 892 10
0 460 34
592 1220 32
310 1142 14
1465 1494 23
108 407 1
339 660 2
1540 1547 8
365 1136 8
325 1496 23
758 849 1
464 988 10
242 1245 1
1095 1221 1
812 1061 23
209 794 34
299 680 10
9 465 13
60 182 23
408 1001 42
325 902 23
1232 1259 1
744 757 5
1054 1175 21
843 1169 8
445 913 40
224 906 17
740 1228 37
545 782 10
167 452 10
502 1283 23
589 1078 23
693 892 17
62 184 8
324 1037 12
767 876 23
185 464 10
289 1251 10
470 1049 10
122 1353 17
178 389 17
649 693 8
1048 1471 8
132 398 0
631 1111 10
261 1220 32
289 545 10
632 1067 23
22 46 8
167 185 17
99 428 8
597 1253 12
627 1440 17
334 1525 38
46 364 8
493 1547 17
234 679 34
149 293 40
106 324 10
149 437 1
324 340 10
1245 1534 1
869 1462 8
1136 1448 8
150 1062 23
843 1554 8
757 1397 62
188 1063 24
20 380 34
441 1563 8
968 1322 29
247 1249 19
870 1416 1
983 1126 88
339 1317 40
219 771 19
620 1206 39
849 1216 1
337 470 17
268 1444 8
938 1528 13
295 627 17
1061 1281 23
11 1338 0
1054 1084 24
1141 1415 8
555 595 17
50 167 17
1065 1464 1
152 1489 1
129 513 52
672 990 33
631 1283 53
493 564 11
225 467 14
60 734 8
75 589 19
531 1521 32
555 894 10
797 956 4
428 497 13
79 944 65
295 389 17
654 1085 17
1338 1502 31
337 1427 23
334 1393 38
247 493 19
710 1146 11
727 1277 8
495 1338 31
224 337 17
9 1230 71
289 511 19
600 1203 8
54 676 10
150 1077 23
563 961 12
297 830 17
1146 1169 8
1128 1556 1
364 1540 8
6 292 7
668 942 8
400 1061 10
1048 1465 23
1136 1300 8
519 1153 11
538 955 4
447 660 13
132 1061 0
282 765 13
424 1290 14
467 1409 23
872 963 2
744 1473 5
500 1208 35
376 519 23
160 1232 1
390 733 72
139 854 32
892 1078 23
441 942 1
901 960 10
220 1244 21
237 1462 8
564 576 8
508 1135 1
1048 1232 23
676 1547 10
180 709 8
233 627 17
511 1468 17
408 1465 23
788 809 34
9 1035 0
711 1067 53
92 1295 17
1067 1427 23
108 1247 1
572 1296 8
1125 1420 14
896 907 14
565 1304 12
317 806 17
1259 1269 8
1161 1221 23
988 1253 42
165 1529 10
582 867 10
479 882 10
1238 1489 1
359 1515 41
289 1512 2
1115 1529 17
198 408 17
906 1496 21
322 432 70
107 843 8
801 1380 2
568 930 0
436 765 0
281 1380 38
449 502 5
163 383 17
334 1211 23
968 1461 14
450 865 23
647 1085 17
161 1253 42
9 930 13
469 1534 1
567 734 23
1057 1118 1
647 942 17
1465 1508 14
189 1232 1
441 1290 8
46 131 17
693 988 17
82 1269 24
12 225 0
675 1464 1
295 477 10
477 697 10
138 266 32
184 1057 1
493 1323 46
810 1169 8
1448 1489 1
345 1140 8
732 1552 1
631 961 12
1084 1180 24
849 970 1
437 632 11
419 703 30
339 989 10
497 833 13
931 1220 32
133 1042 17
161 572 17
1007 1084 24
161 781 23
9 373 13
900 938 2
769 1556 8
47 283 10
396 1161 23
484 1085 17
59 1432 21
906 1438 23
198 914 39
266 745 32
381 830 10
311 1317 42
815 1231 25
477 877 10
727 879 8
794 1166 21
142 1061 17
373 555 11
242 389 17
337 654 23
767 1250 46
339 563 2
334 1504 38
208 295 10
553 672 10
1063 1129 8
648 782 10
107 785 29
317 501 17
502 1303 12
805 844 10
479 973 17
62 767 23
309 730 2
359 470 24
1061 1529 23
475 512 24
183 680 17
670 1054 11
565 1268 34
582 1271 17
719 1350 40
138 325 32
178 1347 51
709 1078 23
1084 1480 24
855 1492 5
345 870 1
1333 1534 23
545 680 10
206 276 17
614 892 10
161 967 21
161 1407 17
62 1554 8
516 589 17
314 867 10
508 998 1
457 1463 1
494 848 10
563 565 30
801 843 8
508 520 8
1247 1261 8
376 879 23
80 1474 34
379 1208 35
1071 1203 14
138 531 32
299 1387 7
449 842 5
152 1553 1
484 1042 17
1221 1457 1
46 297 17
62 188 24
1045 1476 17
1419 1494 23
740 1319 40
366 944 20
74 1268 34
149 727 1
3 808 2
559 561 20
961 971 12
925 1547 23
231 680 17
805 1222 0
338 1459 14
437 564 11
317 1420 11
470 1009 23
602 1064 23
96 249 17
719 732 2
52 1448 1
846 1061 10
395 1048 1
341 1481 32
233 1440 17
295 839 10
180 744 5
127 242 1
289 630 19
400 1044 20
208 441 87
376 1213 5
520 753 34
61 220 21
337 775 17
1071 1423 14
409 1443 16
80 337 11
93 224 17
654 779 62
669 1113 21
226 1316 0
447 892 0
132 263 0
376 1071 8
198 224 17
339 1517 10
407 922 8
148 341 40
163 1085 17
505 956 4
1129 1483 8
106 253 17
225 852 14
132 959 0
89 161 2
337 1223 17
646 697 17
198 1297 39
460 1268 34
167 614 10
198 1494 23
242 457 17
185 457 17
149 429 1
719 1007 12
266 430 29
142 626 17
581 1433 2
310 1131 8
464 654 10
225 1316 0
22 500 15
283 1473 8
1067 1169 8
1071 1265 8
889 922 8
368 555 11
142 511 17
47 142 10
90 1216 8
46 879 8
477 1295 10
378 801 10
457 767 17
295 400 10
239 412 0
317 440 17
364 787 32
198 889 17
99 646 17
167 1100 20
440 1275 17
520 743 8
734 1128 8
627 883 17
742 801 10
96 479 17
545 938 13
913 1540 8
54 1547 17
852 1317 5
565 576 8
266 588 8
376 890 8
251 830 42
1100 1192 34
70 172 23
636 1494 23
314 732 10
263 1512 2
554 627 17
109 704 26
785 1506 40
314 545 10
854 989 17
441 1275 8
1239 1464 1
196 1265 3
378 559 10
719 1054 34
141 942 1
170 419 0
228 631 61
48 998 67
133 352 23
397 1351 51
230 744 5
493 1407 17
225 1095 1
437 887 17
900 1269 8
457 1401 1
219 899 62
585 1473 23
1046 1420 14
281 684 8
684 1088 8
1050 1206 39
588 887 17
217 961 12
581 846 16
1540 1549 8
891 942 1
806 964 17
479 942 17
319 1141 14
967 1153 21
396 478 26
870 1473 1
311 566 23
1443 1462 8
371 911 12
298 747 18
21 1185 7
6 1490 7
167 1148 17
440 634 17
660 1409 30
452 470 10
180 1295 10
679 1269 24
589 1536 17
800 1271 17
104 842 23
646 1146 17
659 879 8
805 848 10
1062 1438 23
876 1427 23
449 1093 5
56 97 1
24 396 7
272 989 17
150 1283 23
359 409 24
294 602 12
906 1077 23
821 1046 1
217 375 40
60 1045 23
68 568 4
516 850 45
50 617 10
80 588 45
25 1452 8
345 508 8
578 1481 23
338 475 24
142 887 17
299 989 10
978 1351 51
249 1353 19
93 1261 17
719 1305 12
1221 1556 1
468 676 43
727 1293 10
944 1153 50
134 580 0
222 1090 10
104 248 17
99 488 17
152 854 17
288 644 11
282 588 1
62 1549 8
208 322 10
60 1473 23
178 567 17
311 942 1
850 1129 8
150 161 23
922 930 0
674 1016 32
93 1171 20
1081 1386 7
785 1473 8
104 516 17
352 437 23
510 1044 19
808 1232 1
225 1464 1
294 847 12
604 1077 23
91 495 4
800 973 19
212 1161 23
1169 1449 8
9 608 0
282 1286 52
152 602 1
442 1132 62
248 1169 8
356 704 26
531 1118 3
337 447 13
340 1077 23
632 636 23
157 870 1
96 1545 1
172 863 10
576 1319 8
185 433 17
125 1296 8
1549 1552 1
72 994 2
188 834 24
340 450 23
444 1481 66
108 1223 1
914 1279 34
278 533 7
212 493 11
968 1465 14
96 678 17
1146 1279 34
299 834 10
120 198 10
499 553 10
247 730 20
709 1540 8
602 1217 14
927 1061 23
134 744 77
493 708 17
769 1046 8
337 862 17
653 795 34
458 961 12
188 1228 32
707 1209 29
567 1152 23
150 604 23
206 231 17
337 440 17
60 522 42
998 1216 14
457 838 17
50 582 17
493 1058 10
424 983 38
249 510 19
608 765 0
796 1341 8
20 1244 34
830 886 8
104 1452 23
548 1275 1
280 1137 34
260 740 41
295 559 10
233 283 17
589 672 17
46 51 21
1125 1464 1
385 615 38
324 911 12
962 964 66
310 572 8
45 266 29
324 1305 12
366 694 62
1232 1277 1
507 1540 8
462 673 7
16 1136 34
375 892 5
848 960 10
311 595 17
806 1271 17
891 927 53
679 914 34
9 726 13
299 742 10
863 1148 10
906 1268 34
1211 1494 23
122 249 17
175 879 8
709 1491 14
276 693 17
163 582 17
182 646 23
959 1134 7
863 971 2
602 1152 23
149 1494 1
46 742 11
401 768 1
222 1017 8
103 1115 17
253 1465 23
16 1268 34
499 850 23
224 457 17
259 1296 8
359 1310 6
619 878 43
196 1463 1
338 570 29
82 449 5
233 628 17
289 892 23
142 988 17
338 1466 14
82 791 18
630 1024 62
1315 1554 34
647 744 17
783 808 13
1049 1397 20
22 70 8
368 1316 13
85 827 0
25 1464 8
216 1221 8
493 581 21
395 1416 1
60 925 23
188 1180 24
108 1084 24
15 1211 24
646 865 23
363 1027 34
13 239 13
1093 1290 14
602 1512 2
805 988 10
161 1350 42
800 899 17
796 1035 8
646 1319 40
172 441 8
600 602 23
103 511 19
464 1094 2
208 1238 8
96 1062 10
548 1131 1
503 1269 24
507 960 9
46 1554 34
365 679 2
805 964 10
334 660 49
1135 1545 14
488 1432 17
180 646 8
282 1103 14
632 1152 23
272 567 31
1451 1491 14
488 999 19
565 1554 34
99 1115 17
110 447 0
280 1417 34
441 1540 14
395 1103 1
767 1547 23
553 844 10
233 1448 17
1085 1146 45
1067 1203 14
48 294 2
261 747 18
359 660 12
89 1175 16
424 1007 8
59 938 13
683 1481 66
1211 1465 23
224 654 17
59 1253 42
266 946 7
927 1221 23
845 886 23
85 1433 13
659 1221 23
325 338 29
668 1452 8
647 848 19
340 845 23
322 441 87
375 944 40
376 855 23
765 1512 13
499 805 10
50 1010 10
709 1463 1
61 964 10
122 1095 17
998 1305 12
1269 1366 60
12 636 13
125 143 3
163 444 66
734 852 14
69 609 8
436 887 24
317 1048 8
781 1213 5
801 849 1
588 1540 1
845 1206 39
22 116 12
390 862 17
769 1131 8
701 732 37
428 580 13
89 276 2
1 39 34
429 809 1
508 907 1
800 892 19
631 660 2
104 317 17
364 1419 8
530 944 20
1131 1444 8
125 1088 8
85 1186 0
925 1161 23
15 887 24
1129 1261 1
309 1417 34
1447 1535 14
390 531 29
198 899 74
120 235 10
879 1017 8
1261 1407 17
1141 1216 8
933 1035 36
902 1048 23
183 906 17
170 1142 14
60 113 42
104 794 17
12 993 13
464 1529 56
476 497 8
50 248 17
325 1492 5
914 1234 34
1061 1462 8
580 1198 0
56 365 8
661 1363 29
69 862 16
182 1480 8
672 775 17
1265 1462 8
543 1305 12
1050 1234 32
781 921 23
224 516 17
676 1387 7
913 1449 8
219 589 48
580 854 13
1009 1048 23
628 942 17
681 1300 10
455 953 4
581 1512 2
12 841 13
572 1211 8
673 1409 1
734 1178 8
253 479 17
842 1131 8
1062 1494 23
134 340 9
233 499 19
172 295 17
314 925 23
294 668 8
120 555 10
183 964 17
769 1151 8
785 1046 29
429 1232 1
220 1157 51
795 949 34
441 1491 8
72 963 2
690 742 8
314 381 10
1078 1540 8
1186 1277 8
22 834 42
178 574 17
294 449 8
92 582 17
660 1299 27
419 1050 32
1295 1407 17
663 675 30
152 1457 1
280 876 17
462 575 72
59 1350 42
555 742 17
80 697 17
283 839 10
1245 1273 8
781 812 23
220 1496 21
337 1023 11
1209 1322 29
1220 1232 8
142 317 17
337 854 17
626 1120 8
51 635 21
812 841 23
99 183 17
322 1275 7
376 653 8
914 1071 14
608 1164 21
345 1465 8
276 1427 23
322 927 70
1007 1417 34
484 1419 23
275 882 10
319 1419 8
228 925 40
317 844 11
1508 1536 1
614 1153 50
202 1085 1
161 1153 11
576 1273 8
467 876 23
324 1039 40
130 847 61
767 1452 23
1115 1249 17
289 901 17
553 1481 10
180 1564 14
20 490 67
424 476 8
376 457 8
400 990 38
143 576 8
590 737 32
188 1457 24
104 237 0
830 1137 14
798 813 35
62 508 8
62 143 8
122 198 17
1221 1489 1
229 338 1
594 614 26
767 1476 17
1290 1416 14
1025 1549 34
499 596 8
1341 1473 8
654 1042 17
275 433 10
1273 1443 8
916 1141 8
216 299 37
288 962 21
97 189 1
280 294 30
807 1443 62
280 468 2
276 1271 17
433 589 17
589 734 23
589 1227 8
93 887 17
1269 1554 8
46 185 8
311 384 10
97 1464 1
800 889 17
619 1148 10
90 1464 1
1220 1483 32
340 994 21
373 1054 21
311 401 1
341 674 32
578 876 23
288 844 11
140 441 14
196 1326 14
561 647 19
329 1118 3
844 1050 32
337 1049 10
401 447 1
531 1129 1
299 697 23
1095 1452 1
1035 1288 1
1140 1273 8
585 1325 5
1062 1185 23
79 499 5
619 1496 53
654 1198 23
340 967 21
565 923 54
224 1295 17
886 914 23
80 533 34
120 630 10
545 1399 10
97 409 1
679 787 24
581 1481 21
375 632 5
220 322 21
409 602 3
1135 1496 23
1129 1297 29
324 1300 10
968 1419 8
680 1448 17
841 925 23
502 1488 61
601 1258 35
97 638 1
9 1316 13
401 1423 1
747 1500 38
488 1440 17
12 808 13
180 896 8
282 896 14
182 615 10
968 1296 8
561 999 19
338 396 29
501 1261 17
295 630 17
96 794 17
543 1221 8
152 1494 1
133 827 50
329 1449 8
846 1049 10
548 1549 1
216 1350 42
198 792 76
709 1552 1
374 580 13
50 322 10
16 703 34
865 1376 5
289 806 17
738 947 41
646 1232 1
567 576 8
1118 1273 1
639 1141 8
54 339 10
324 495 4
284 429 1
508 1111 1
841 1351 51
365 387 67
324 630 10
148 467 32
476 1443 8
1268 1279 34
1061 1135 23
109 991 38
683 933 2
464 600 10
654 1148 19
280 900 40
54 838 17
450 499 23
647 883 17
248 1529 17
727 1552 1
78 1077 35
585 744 5
79 470 10
235 678 17
82 298 18
278 563 7
338 1048 14
120 609 8
455 1303 12
564 1147 31
872 1387 7
973 1221 23
103 630 19
340 925 23
942 1003 1
222 630 10
1007 1037 12
237 253 0
241 1461 7
484 766 17
499 876 23
638 1018 55
585 999 23
495 636 4
676 1048 8
80 1462 8
470 519 23
104 219 48
272 646 17
142 1090 17
161 206 17
490 1148 10
650 744 77
675 679 30
48 180 10
438 630 10
944 1018 55
805 989 10
1135 1427 23
551 954 4
493 608 21
22 870 22
311 1090 19
168 1167 27
531 1326 14
13 444 0
90 188 24
1009 1534 23
118 653 34
9 559 0
116 938 13
608 1077 23
322 493 10
440 680 17
639 1048 8
13 1447 13
405 938 0
839 878 10
1103 1499 8
196 348 32
467 1452 23
108 794 17
100 462 32
1211 1277 8
9 867 13
870 1472 1
75 720 62
103 1319 40
133 1275 17
484 794 17
630 1468 74
697 1511 19
46 1536 50
56 563 1
133 1023 11
1118 1296 8
589 867 10
555 1238 1
280 1118 12
554 1275 17
433 519 11
288 614 50
93 693 17
927 1427 23
734 1319 8
830 1048 8
883 1007 8
437 490 10
325 1529 54
99 1058 10
960 1331 51
470 1078 23
1071 1141 8
389 1223 17
384 795 27
289 854 17
973 1153 17
242 1221 1
636 973 23
733 1535 72
249 588 17
914 1438 23
4 709 23
512 1269 24
172 383 17
414 1061 10
872 1156 67
314 709 23
845 1465 23
922 1261 8
519 1547 11
543 559 2
1128 1245 1
455 745 12
61 955 31
647 757 62
283 1420 17
649 852 23
429 988 1
96 771 17
770 1209 29
198 1457 39
841 1496 23
1111 1120 8
450 1529 23
769 1427 8
767 1222 0
697 1536 17
614 631 65
1057 1554 1
770 833 18
489 956 4
796 1203 8
295 849 17
537 839 10
247 324 20
828 1347 51
767 1319 40
121 549 12
1042 1432 17
1401 1556 1
602 1465 23
322 537 10
242 676 10
405 690 36
449 1198 5
571 1351 51
395 1269 1
508 870 1
1438 1452 23
79 960 43
400 878 10
334 1090 8
609 1307 8
17 833 23
237 833 13
964 1300 17
45 1009 29
180 563 1
559 1246 10
172 545 10
276 994 21
843 1035 8
6 531 7
337 457 17
180 1247 8
103 626 17
1001 1408 42
801 846 10
1221 1492 5
352 1077 23
877 1536 17
266 1351 51
127 870 1
131 510 19
827 850 50
636 886 23
143 635 52
297 548 17
46 1169 8
314 614 5
879 892 8
149 938 13
361 516 1
282 589 23
289 383 17
198 973 19
167 1044 33
390 867 10
47 795 27
1325 1409 5
697 1296 17
1402 1536 1
198 1148 19
80 632 11
554 942 1
654 1377 5
531 1009 29
574 1244 45
343 938 2
310 701 62
834 846 10
697 1148 19
22 1009 14
1048 1227 8
139 364 32
261 531 32
365 470 10
369 964 10
709 747 23
1220 1369 24
589 925 23
590 674 32
80 812 23
653 1310 35
133 178 17
1216 1282 14
133 398 21
502 701 5
299 846 10
253 465 10
170 1037 54
50 206 17
1216 1419 8
132 586 0
206 384 10
0 795 34
380 782 34
107 364 29
299 971 2
198 964 17
217 374 2
494 635 52
365 1338 10
437 850 11
533 753 34
1288 1316 0
1148 1230 19
660 847 12
681 973 10
727 1462 8
185 1300 8
137 1409 23
428 1153 8
609 636 8
299 956 31
608 1433 2
932 1374 34
104 1090 19
742 1049 10
719 872 2
272 742 11
9 1118 0
493 678 17
359 1447 41
231 899 17
1065 1425 14
1064 1213 5
242 1153 17
559 646 10
99 202 1
352 428 23
185 231 17
266 590 32
663 1362 13
942 1494 1
359 1005 41
93 340 17
104 1496 23
60 1168 31
635 742 21
1282 1489 34
208 390 10
131 582 17
108 419 1
12 964 13
233 849 17
659 1288 1
61 275 10
1394 1512 13
1489 1552 1
213 1176 6
502 567 23
365 519 28
555 944 10
272 1408 42
1017 1067 8
631 1253 12
222 429 1
172 794 17
703 1037 12
594 841 26
311 1319 40
440 1085 17
555 744 17
9 1135 0
233 1064 17
175 1540 8
6 844 7
707 1239 29
576 1131 8
148 1050 32
57 131 17
419 960 2
458 1118 12
566 1067 21
745 920 32
1141 1465 8
879 925 8
585 1427 23
46 647 11
509 1305 12
325 376 23
1078 1440 17
49 921 8
15 1103 24
672 766 17
855 1186 37
620 737 32
172 1432 17
497 1198 0
600 782 10
401 572 1
54 163 17
160 1269 8
619 1244 50
600 730 10
9 1009 13
1198 1468 23
428 1300 8
180 322 87
710 1420 11
709 1198 23
341 1366 60
488 757 62
638 796 8
54 897 45
501 1090 19
889 1045 17
229 1425 1
311 783 10
338 923 29
401 1545 1
477 1246 10
299 1003 23
168 765 13
104 567 23
339 839 10
80 317 11
775 1476 17
407 956 56
769 1416 8
565 1244 34
62 1035 8
362 959 7
251 728 42
502 1064 23
564 1480 8
1161 1419 23
845 1427 23
537 1244 11
338 1211 8
282 1211 23
209 505 10
932 1433 2
9 412 0
142 206 17
118 755 34
26 693 8
369 849 10
646 1458 8
22 424 14
543 736 2
396 1297 39
1007 1480 34
107 1322 29
276 1146 11
182 1077 23
9 79 0
311 576 23
46 600 8
54 1148 17
437 1534 23
429 1491 1
1300 1433 2
844 1023 11
499 578 33
80 907 23
118 731 85
93 1061 17
537 1113 21
614 1547 10
746 1397 19
9 198 0
567 1377 5
276 369 2
50 479 17
381 1399 10
708 1275 17
1540 1563 8
428 1510 33
208 1156 67
373 1113 21
196 1046 29
225 1552 1
499 988 17
902 1409 23
801 1296 8
408 736 10
149 653 1
54 381 10
680 883 17
104 120 10
108 1554 1
338 397 29
901 1009 29
578 1333 23
578 906 33
938 1135 0
719 736 2
50 806 17
455 955 4
396 1547 23
9 419 0
161 508 8
137 742 21
180 1474 14
47 1090 10
489 582 17
679 795 34
122 510 17
601 734 35
654 1093 23
1203 1288 1
737 1406 14
160 588 1
634 693 17
795 1244 34
79 808 0
99 133 17
299 848 10
378 631 10
953 981 4
863 989 10
1464 1547 1
1111 1216 8
1271 1273 8
594 808 26
683 1090 10
60 854 17
134 576 8
384 1299 27
538 1502 4
654 1295 17
172 182 23
942 1395 45
103 249 19
594 1221 26
1494 1547 23
834 973 8
449 1427 5
690 1409 1
322 962 70
97 1221 1
251 961 42
1048 1300 8
170 281 13
497 932 0
636 1064 23
414 932 2
468 1048 5
96 1277 1
401 564 1
12 170 13
230 602 3
182 457 10
46 1374 34
566 1512 2
93 631 10
103 930 20
555 1131 8
149 359 24
249 942 17
291 789 54
709 1103 14
730 782 10
376 531 8
165 278 7
352 892 23
469 1049 21
338 661 29
180 1140 8
54 862 17
787 1234 32
46 709 8
470 510 17
1137 1268 34
196 1452 14
1304 1529 12
921 1494 23
260 1142 14
476 1111 8
9 653 0
850 904 34
602 1228 32
287 1458 8
222 507 8
429 436 1
161 976 19
468 1305 12
69 568 10
458 753 12
1273 1307 8
703 732 2
248 1444 8
288 445 11
638 1288 1
314 1319 40
850 961 42
247 1280 19
796 850 8
630 1481 17
22 896 8
1540 1554 8
9 568 0
854 883 17
747 1512 13
168 490 2
701 1228 37
765 787 8
309 801 2
186 904 10
469 1157 51
892 1244 11
892 1540 8
601 1477 38
862 1271 17
322 1547 10
408 627 17
441 600 10
548 1273 1
1048 1320 14
892 1288 1
906 1439 19
458 512 12
72 1090 10
235 783 10
60 886 23
787 1483 32
500 914 35
566 938 0
476 1296 8
999 1494 23
1071 1211 8
914 1540 14
1171 1461 38
653 1463 1
46 1054 11
1103 1133 14
107 635 52
129 1072 52
9 428 13
942 1474 22
295 614 10
733 1102 72
450 1141 14
183 850 45
1095 1547 1
646 1223 17
9 339 13
1269 1481 24
22 788 14
610 921 8
182 1317 5
289 680 17
62 916 8
1077 1540 14
208 537 10
229 1277 1
3 170 2
9 48 13
499 806 17
340 576 23
796 900 8
457 555 8
844 1008 39
420 788 40
294 821 34
233 672 17
1419 1462 8
229 321 1
176 849 8
555 892 17
922 977 8
161 698 19
887 988 17
510 899 62
212 709 23
97 1234 1
440 574 17
1077 1152 23
309 863 2
442 680 17
1067 1161 23
249 1153 17
247 1397 19
626 1090 17
727 1473 8
169 430 29
737 787 32
12 452 13
614 1039 40
1234 1279 34
141 1169 1
262 719 54
794 1296 8
376 977 8
385 631 12
77 834 37
1067 1449 14
938 1009 13
0 1100 34
634 989 17
46 1048 8
253 437 23
283 848 17
104 938 0
499 619 5
262 753 54
239 565 13
209 1523 34
693 1432 17
219 247 19
172 373 11
276 1161 23
395 892 1
1307 1534 1
1049 1331 51
62 1131 8
906 1283 21
554 1347 51
488 1407 17
998 1406 14
62 1376 5
744 1234 77
646 647 17
167 206 17
830 914 8
235 1230 19
26 1234 29
634 1261 17
846 1164 16
92 1296 17
1443 1480 8
110 930 0
702 849 1
100 338 32
118 282 34
142 161 17
1545 1552 1
589 883 17
280 1417 34
1317 1452 5
572 681 10
80 906 11
289 834 8
849 1247 1
554 744 17
295 1223 17
468 932 53
695 787 24
455 854 12
425 747 41
813 1526 35
1271 1499 8
142 283 17
783 938 13
60 1492 5
131 236 62
1024 1397 62
455 1048 5
437 1376 5
12 566 0
663 863 2
863 878 10
1458 1463 1
683 1111 10
572 892 17
340 854 17
9 1433 13
1078 1462 8
1153 1223 45
289 1135 23
85 294 13
888 1452 14
921 1213 5
467 1064 14
878 1049 10
161 1024 62
22 1261 8
4 376 23
758 922 8
475 695 24
363 1007 34
1135 1203 8
867 1094 2
96 1049 1
608 894 4
553 727 10
132 675 0
85 1250 35
276 1090 19
222 1273 8
512 1447 17
478 549 26
287 400 10
845 1009 23
310 519 8
659 963 21
22 1393 83
697 872 10
769 1552 1
1064 1161 23
470 1444 8
1221 1444 8
161 1511 19
126 520 34
619 1476 10
148 931 32
182 1136 23
608 1494 23
376 449 8
142 369 10
702 1118 3
450 1093 23
876 1172 38
50 711 10
90 1480 8
325 1534 23
631 952 64
9 589 0
747 865 23
364 1265 3
1016 1333 1
118 437 85
543 1137 34
998 1120 14
202 930 0
363 1259 34
627 646 17
275 678 10
627 753 30
631 983 38
636 698 19
570 1322 29
54 400 10
259 310 8
1071 1169 8
106 710 40
108 1085 1
1425 1473 14
217 678 10
50 468 10
80 183 45
849 1462 22
82 1333 23
648 960 10
680 989 17
668 770 29
268 1232 1
289 585 23
744 892 17
566 876 23
1054 1166 21
182 476 8
425 483 41
383 849 3
674 777 12
737 1093 32
284 1220 8
368 1432 21
490 681 27
387 400 67
502 938 0
9 465 13
927 1164 21
1376 1438 5
1221 1245 1
842 879 8
523 565 27
942 1141 1
272 964 11
180 1131 8
462 951 72
311 375 5
222 595 10
467 833 23
314 632 23
407 1564 8
1101 1530 38
165 1090 10
1153 1261 17
132 1421 0
80 1093 23
437 1547 23
334 450 23
925 1419 8
340 960 10
428 806 8
493 588 1
1481 1547 5
1261 1295 17
444 469 21
464 1399 10
604 632 23
289 555 17
202 1464 1
167 589 17
409 1216 8
107 1010 52
769 1141 8
56 1128 1
1246 1535 14
397 923 29
9 180 0
476 588 1
697 800 19
249 877 17
709 1045 23
161 1458 14
401 1553 1
883 892 17
938 1421 0
763 959 8
686 800 17
1211 1282 14
46 245 9
702 1232 1
876 1093 23
438 844 10
1269 1281 24
176 520 8
56 707 29
614 726 12
291 361 4
253 1420 17
1078 1133 23
161 334 23
441 865 31
1046 1473 8
631 1536 50
13 1506 13
1425 1534 1
295 615 10
703 1049 2
62 1534 8
964 1223 17
494 795 85
266 1203 8
37 730 55
314 596 8
160 288 11
289 730 10
566 1222 0
870 1265 1
196 1459 14
366 428 33
183 511 17
183 627 17
137 747 23
548 768 1
520 1415 34
352 1093 23
942 1502 1
3 930 2
9 409 13
131 766 17
338 876 18
709 925 23
401 1300 1
773 925 40
222 973 10
768 1126 55
0 74 34
865 1496 23
310 340 8
22 968 57
295 488 17
209 226 10
882 1502 31
198 1222 0
444 469 21
77 964 21
253 766 17
1101 1120 14
137 1238 8
96 1427 1
79 553 10
462 942 44
1203 1462 8
886 1529 23
899 906 17
226 904 10
843 922 8
118 324 85
225 921 8
564 766 17
1129 1186 8
90 1017 8
1317 1547 42
1136 1317 5
649 1234 35
390 559 10
202 576 7
134 145 77
433 989 17
77 310 41
208 469 21
1003 1496 23
920 1008 39
165 844 10
287 676 10
283 1386 17
653 879 8
4 396 23
231 340 17
295 989 17
339 801 10
727 1458 8
253 1353 19
409 1169 8
938 1198 0
180 208 87
794 938 13
202 237 0
1273 1545 8
1326 1540 14
476 1483 8
628 849 17
150 1232 23
428 1420 17
493 1238 8
22 378 27
907 942 1
118 334 34
178 672 17
850 1444 8
80 219 17
276 854 17
395 988 1
104 272 17
566 1534 23
791 830 8
1071 1461 14
48 564 10
80 1009 23
429 1472 1
161 216 62
84 537 21
22 1506 12
867 1103 27
133 809 34
82 434 38
229 282 1
470 1043 10
991 1180 38
896 1480 8
160 337 11
322 1213 28
1072 1286 52
381 1148 10
933 1541 7
295 1343 10
374 796 8
314 681 10
961 993 42
1009 1273 8
319 1273 14
310 426 8
468 674 99
589 902 23
118 337 34
273 734 8
1129 1465 1
248 680 17
271 1328 51
96 484 17
180 840 2
646 732 10
627 785 24
206 295 17
753 1050 34
1090 1153 17
740 1009 23
800 1448 17
9 636 13
324 1497 55
276 630 3
1090 1281 47
942 1472 1
108 513 52
22 671 12
564 1269 8
253 1432 17
317 408 8
1244 1536 50
104 1045 23
800 906 19
297 889 17
322 659 70
907 1468 23
46 877 17
921 1223 8
565 808 13
681 1443 2
690 1564 8
452 1299 27
325 1152 23
287 1255 17
508 1326 1
1153 1448 17
219 297 17
152 1111 1
79 294 2
501 672 17
589 698 19
226 767 58
91 428 31
409 508 1
112 559 55
796 977 8
9 82 13
161 1473 23
208 821 1
62 1185 23
433 961 42
425 828 41
437 809 85
1045 1062 23
78 118 8
794 1153 11
531 1366 60
50 693 17
309 1279 34
352 842 23
100 1133 32
1386 1541 7
167 1253 42
647 1230 19
4 876 23
990 1477 38
1115 1271 17
328 476 8
734 850 23
449 511 62
124 849 10
852 854 32
875 1269 24
172 833 23
508 906 8
476 479 8
93 124 10
185 834 45
47 663 2
687 1557 14
299 740 23
185 437 17
850 1468 23
222 971 2
1128 1432 21
289 1227 8
108 901 7
1098 1165 7
609 1268 8
289 384 10
1425 1444 8
85 266 44
222 1396 2
600 1161 23
709 886 23
493 852 23
710 913 40
51 962 21
69 376 8
276 988 17
559 927 53
566 1427 23
1261 1438 14
6 1549 7
1211 1423 8
340 1534 23
51 813 35
1221 1535 14
234 1381 34
767 1481 5
513 1010 52
1271 1564 8
108 1273 1
983 1220 38
932 1377 53
464 484 10
442 516 17
396 905 8
60 282 23
340 1438 23
219 1295 17
108 925 1
812 1203 8
276 383 17
328 401 1
834 1244 42
973 1448 17
120 297 10
182 1281 23
339 808 13
1135 1438 23
654 964 17
531 1473 8
632 1232 23
450 470 23
441 783 10
1213 1513 32
932 1228 32
769 1466 8
670 710 40
176 328 35
1061 1492 5
1062 1529 23
282 1350 5
167 572 17
47 660 2
414 419 2
744 1295 17
479 1061 17
253 499 19
13 1391 13
1211 1220 24
206 647 17
653 1135 14
80 198 8
580 1009 13
493 855 8
543 545 2
202 734 8
767 1283 23
217 1054 50
92 249 17
100 1065 32
143 922 8
457 922 8
15 1316 0
278 323 26
325 1409 23
288 1007 34
590 875 32
877 902 31
428 634 8
127 401 1
93 1095 17
104 502 23
795 1136 34
842 1325 5
78 602 15
742 1440 17
253 502 23
295 631 10
475 921 24
124 679 2
428 711 10
1230 1397 19
322 901 10
253 1295 17
1048 1554 8
841 891 8
149 376 40
84 1481 5
821 1273 1
843 1419 8
96 1554 1
879 1129 1
365 1296 8
906 1300 19
22 389 1
497 963 0
930 962 0
708 892 17
508 796 8
543 1220 24
97 1084 24
13 226 0
801 1227 8
576 654 23
931 1206 39
161 1448 17
366 1172 46
13 537 13
437 554 17
594 1472 26
470 877 17
883 1300 17
429 672 1
512 675 30
847 959 7
206 1420 17
1213 1271 24
830 863 10
561 972 62
537 1529 17
588 1062 10
1427 1464 1
938 974 13
82 1481 23
167 479 31
222 843 8
328 1536 1
644 742 11
833 842 23
248 802 10
1232 1417 1
62 565 8
69 1534 1
237 419 0
297 1223 17
1227 1300 8
437 830 11
681 848 10
322 519 28
787 922 24
1141 1464 1
447 795 13
266 1489 8
1172 1417 35
1211 1269 8
338 1459 14
310 1133 35
493 1448 17
93 1042 17
886 1152 23
475 615 24
441 1128 1
348 1016 32
766 944 10
133 869 17
440 989 17
437 855 23
765 1222 13
681 1481 10
646 744 17
134 906 9
242 736 10
1126 1564 8
695 1444 8
493 630 3
842 1133 14
70 1305 5
248 1269 8
1156 1338 67
841 854 18
314 697 19
6 341 7
108 369 17
75 253 19
628 634 17
1246 1343 10
118 575 34
70 79 5
1125 1445 14
646 907 10
103 1386 19
679 801 2
219 862 17
340 802 10
364 854 32
242 906 1
366 757 62
103 1095 17
956 1014 4
588 1295 17
281 703 49
646 989 17
998 1433 2
60 337 42
833 1152 23
208 335 67
559 904 10
877 1529 17
681 1061 10
209 960 10
185 830 8
727 769 8
219 342 62
79 1369 7
878 1158 67
291 663 12
508 821 1
575 1351 51
365 1061 10
104 1115 17
4 137 23
872 894 31
266 947 7
805 1062 10
862 1115 17
437 576 23
121 565 12
508 1146 1
137 1317 42
280 1554 34
1399 1535 14
1062 1198 23
334 1140 8
661 787 24
376 1556 8
654 899 74
62 1261 8
441 922 8
693 1265 3
213 1049 28
212 499 23
99 801 1
275 1300 10
711 1377 40
490 703 2
647 1088 8
564 1064 17
77 636 41
182 1295 10
6 1269 7
69 72 10
93 794 17
407 1489 1
654 892 23
553 1476 10
168 675 30
769 942 1
681 1246 10
1377 1419 5
765 876 13
604 1473 23
961 998 12
468 1376 40
81 1054 11
390 608 21
694 1420 37
1221 1494 23
626 738 9
1129 1403 1
212 886 23
352 921 23
79 674 99
555 961 42
294 782 34
469 882 21
592 1447 18
766 1153 17
747 1409 23
100 709 32
70 1419 23
576 1283 23
1037 1347 51
913 1464 1
493 1452 23
659 999 23
849 1422 78
1141 1307 8
654 708 17
876 1152 23
121 291 12
654 1185 23
276 479 17
1417 1451 34
727 839 10
325 1061 23
278 876 26
742 1420 11
468 872 43
172 251 42
325 1228 32
1131 1456 8
60 1061 17
198 830 10
161 488 19
95 830 10
142 654 17
1054 1440 17
675 1481 32
770 1234 29
280 1554 34
276 508 8
120 242 1
1035 1458 14
99 298 1
324 1067 53
693 1489 1
48 711 10
266 520 8
104 988 17
631 841 41
1048 1540 8
233 1299 30
390 437 11
889 954 4
455 944 53
863 1275 7
184 1017 8
914 1545 8
906 1232 23
310 508 8
862 1275 17
442 1448 17
60 375 5
933 1163 16
578 734 14
185 654 17
998 1273 14
649 1333 23
777 894 4
259 639 29
334 753 17
787 1271 24
368 512 34
22 1169 8
242 1140 1
589 1512 2
499 568 5
208 904 10
787 834 24
437 973 23
247 249 19
1409 1529 23
988 1147 31
727 1049 10
1473 1499 8
839 863 10
663 753 34
208 1221 8
533 1369 34
510 863 20
89 553 10
178 408 17
169 338 29
1 1234 34
170 900 0
106 299 10
54 554 17
581 1222 0
408 545 10
627 899 17
79 520 8
938 1067 0
604 914 23
1281 1350 5
850 1161 23
120 365 87
104 808 0
56 508 1
1148 1319 40
1064 1325 5
288 501 17
17 795 7
425 764 41
614 964 10
781 1347 51
467 732 14
231 554 17
733 1005 72
321 475 24
419 543 30
9 974 13
294 867 2
247 299 20
1393 1443 83
189 1489 1
152 1058 10
493 1496 21
913 1203 8
1071 1128 1
97 1277 1
236 501 62
879 1483 8
62 359 24
107 478 26
169 1211 29
220 604 21
182 437 23
682 1081 7
121 854 12
555 914 8
1009 1494 23
314 988 17
727 870 1
757 1388 62
180 322 87
1534 1547 23
295 615 10
1288 1480 1
152 295 17
580 1552 0
322 479 10
600 646 23
1007 1304 12
457 465 10
744 1206 39
709 1529 23
383 1203 8
1211 1239 29
376 407 8
490 989 10
314 1045 74
125 1067 53
988 1169 8
921 1377 5
220 366 21
626 1540 8
1065 1271 24
182 680 10
378 830 10
559 1350 40
484 636 23
96 477 10
212 282 23
1417 1474 34
630 1420 17
340 902 10
428 988 8
384 627 10
152 1042 17
196 1483 32
133 253 23
77 1049 37
68 216 4
337 744 17
1067 1316 0
152 913 1
709 1095 1
334 1172 38
494 742 10
198 580 0
841 930 13
672 794 17
108 326 52
226 288 21
726 1310 6
275 906 10
488 1529 17
271 1187 38
22 1080 15
788 1297 29
152 433 17
595 1064 17
785 1009 29
1090 1288 1
198 659 23
564 595 17
747 921 23
276 1061 23
490 1399 10
104 849 17
170 1050 0
371 1303 12
248 1273 8
447 870 1
369 899 17
942 1064 17
108 638 1
507 1275 8
468 973 10
93 253 17
54 545 10
4 1039 5
72 834 10
961 973 42
1062 1281 23
649 845 23
62 1063 8
116 635 52
239 464 13
1050 1549 34
13 675 0
998 1265 14
208 1283 70
479 1397 33
467 1447 18
127 1172 38
778 1362 13
182 901 10
747 1376 38
80 288 11
273 1161 8
329 834 8
100 1268 32
447 974 13
801 1133 8
379 744 5
493 1009 23
693 906 17
479 1300 17
48 801 10
830 1545 8
484 576 23
322 956 31
79 237 0
719 1443 30
281 854 18
328 1007 1
182 1090 10
15 1007 24
419 1366 60
1214 1222 2
299 844 10
396 788 29
505 894 4
332 425 41
441 1457 8
299 565 2
572 1085 17
604 781 23
366 488 19
457 548 17
1125 1491 14
104 1333 23
511 554 17
13 805 0
1295 1386 17
161 282 23
680 805 10
497 711 0
580 649 35
272 887 17
172 632 23
433 1420 11
168 676 2
206 680 17
563 1540 1
844 906 11
85 614 0
494 1062 10
733 1016 32
961 1054 42
248 314 17
470 841 23
499 566 23
364 476 8
588 647 17
272 384 10
951 959 7
72 220 2
564 1090 17
85 343 0
374 1118 12
70 568 5
329 1458 8
602 1458 14
648 1049 10
107 781 52
69 827 10
916 1540 8
276 1010 10
414 457 10
61 387 67
139 334 18
444 878 16
628 742 17
870 1222 22
682 734 8
424 1141 8
361 701 4
60 693 17
663 1234 34
96 1300 17
242 863 1
1004 1347 51
548 1216 1
50 545 10
131 1230 19
257 262 41
701 925 5
674 1206 39
216 807 73
118 1187 38
107 668 29
182 614 10
60 879 23
698 1397 19
107 602 3
476 626 8
98 132 2
686 771 17
588 862 17
730 1305 12
994 1113 21
133 719 34
260 1299 27
104 180 10
345 1556 8
499 942 17
478 973 26
810 1473 8
553 878 10
545 1062 10
288 964 11
96 287 17
98 1433 2
212 999 23
149 594 26
563 1326 1
738 823 41
1216 1491 14
396 1152 23
70 865 23
697 1230 19
175 441 8
51 127 16
1118 1178 3
445 670 40
282 502 23
771 1238 8
172 1238 8
848 869 17
141 1449 8
329 1100 8
322 647 10
237 690 0
409 938 13
152 185 17
80 649 23
445 646 17
352 1211 23
810 1095 1
283 680 17
744 807 5
289 365 3
614 809 85
376 565 8
499 848 19
79 133 50
631 765 0
1211 1213 5
564 1458 14
138 590 32
576 1146 8
766 1090 17
608 878 70
249 848 19
291 959 7
894 1049 31
852 1050 32
425 719 54
419 508 1
317 470 17
276 580 13
1125 1293 10
85 1447 13
475 1234 24
125 733 44
9 72 13
933 1039 53
559 1496 53
92 172 17
1333 1529 23
747 1547 23
1136 1377 5
405 1131 8
272 626 17
555 1269 8
512 660 30
709 999 23
172 736 10
767 1152 23
476 1417 8
834 944 10
13 602 0
626 1432 17
325 471 29
295 1148 17
133 369 17
168 1549 34
262 945 41
376 865 23
295 1125 10
1046 1048 8
477 742 10
224 564 17
1153 1259 34
383 1216 8
295 863 10
79 947 64
50 672 17
578 589 33
271 1250 38
878 894 31
305 1046 32
809 1093 34
25 70 8
249 561 19
441 1369 2
180 339 10
46 1245 8
80 93 17
608 1419 23
400 1529 10
216 1253 42
283 1458 8
1216 1472 8
870 914 1
441 697 10
339 844 10
389 1153 17
80 604 23
1095 1417 1
890 1296 8
563 896 1
765 1172 35
12 726 13
108 1137 22
502 744 5
311 681 10
389 891 1
224 907 10
25 85 0
882 1481 28
983 1335 38
676 830 10
531 1265 3
559 572 10
216 366 62
310 1465 14
744 1078 5
109 1526 38
182 701 5
381 989 10
161 1227 8
161 879 23
165 470 10
902 1168 31
848 1249 19
711 850 50
499 1064 23
104 1003 23
408 855 23
380 842 34
96 1228 1
68 711 4
75 779 62
744 914 29
1273 1456 8
785 1273 14
468 822 64
830 1220 24
905 1399 8
340 901 17
259 653 8
59 1317 42
369 863 28
317 708 17
711 927 53
407 464 10
675 1141 14
578 609 14
216 892 62
849 1222 22
172 906 23
585 1283 23
876 914 23
160 1166 21
650 1228 32
161 839 10
1061 1494 23
663 1522 34
953 1014 4
222 646 10
172 1135 23
732 844 10
381 672 10
727 904 10
1190 1259 34
1016 1220 32
288 766 17
309 1305 12
282 812 23
142 545 10
37 108 1
224 872 10
830 1227 8
69 563 1
744 1048 5
747 753 17
477 1045 10
1129 1443 1
133 679 34
80 1540 8
235 440 17
843 870 1
272 477 10
590 876 18
212 1062 10
108 359 24
217 283 10
484 1093 23
282 578 14
100 1420 14
697 701 62
289 1249 19
568 1304 12
137 340 21
740 1037 5
1131 1136 8
16 482 34
92 1536 17
212 865 23
196 430 29
1459 1556 14
1035 1128 1
400 1048 8
133 172 23
276 1444 8
260 600 23
295 942 17
9 1421 0
77 245 21
281 765 13
248 299 10
572 922 8
239 1369 13
419 1377 53
561 1407 17
865 1067 23
247 428 33
488 678 17
364 674 29
589 872 10
230 1186 37
559 1500 55
892 1280 19
182 242 10
678 869 17
629 993 35
1223 1296 17
796 1416 8
266 1513 32
972 1211 37
70 1064 23
512 719 30
226 869 21
352 906 23
765 1146 13
663 676 2
118 260 34
794 1444 8
561 720 62
1141 1471 8
653 1035 79
806 1386 17
104 1009 23
1084 1234 24
59 289 58
424 1239 29
188 1481 32
769 1067 8
4 170 0
120 942 1
1364 1496 21
348 531 32
833 938 13
405 807 62
281 649 35
340 708 17
280 299 2
408 1534 23
834 931 42
196 576 8
295 1095 17
548 1554 1
608 676 70
632 1078 23
78 157 35
1244 1374 34
433 805 10
921 1376 5
373 742 21
9 343 0
150 578 23
141 1489 1
563 1019 27
289 600 23
338 942 22
1459 1481 14
930 1341 0
619 841 41
148 329 32
222 389 1
693 1275 17
17 1468 17
537 938 13
476 1277 8
15 305 24
635 849 52
678 899 17
581 889 21
172 1221 23
9 324 0
447 719 13
85 409 13
251 841 42
133 595 17
993 1350 42
188 1458 24
1232 1282 22
812 1409 23
502 1048 23
107 1534 1
649 1465 23
619 767 10
338 1016 32
433 654 17
70 740 23
176 957 15
217 224 10
124 904 10
927 1152 23
198 1046 39
778 938 13
1027 1137 34
602 1494 23
237 401 1
1014 1351 51
51 294 8
96 913 1
206 892 17
467 852 23
782 1474 34
440 877 17
366 694 62
1125 1452 14
401 1035 1
82 182 23
209 600 10
400 792 2
22 545 27
97 476 8
142 276 17
272 390 11
429 1078 1
389 680 17
1249 1353 19
224 899 17
97 1553 1
342 1213 28
589 779 62
889 1296 17
104 765 0
9 782 71
188 833 18
468 1350 40
719 753 30
801 1419 8
127 134 36
778 1271 24
1427 1473 23
736 906 10
54 794 17
512 614 2
12 412 0
615 1009 38
376 455 7
161 1275 17
464 572 10
381 1476 10
437 843 8
217 378 27
230 921 8
561 887 17
230 297 10
1529 1534 23
730 961 12
545 565 2
467 931 32
846 1481 2
690 1557 79
608 1039 5
600 1496 23
398 537 21
887 1529 17
230 1444 8
484 1452 23
178 248 17
770 1220 32
727 1216 8
149 675 1
107 707 29
1502 1529 4
294 753 30
235 1044 19
104 465 10
428 1476 8
168 627 30
626 879 8
678 680 17
563 1227 1
168 747 17
843 1341 8
70 1128 1
578 740 33
429 925 1
198 1043 10
47 294 2
150 352 23
337 1419 23
961 1142 42
120 902 10
450 1077 23
297 1275 17
1268 1464 1
133 709 23
86 497 2
118 476 8
108 1061 17
460 1282 34
172 401 1
60 62 23
879 1140 8
82 1494 23
1288 1415 1
384 1295 10
1078 1448 8
97 1211 1
522 1317 7
396 654 23
566 932 53
1203 1463 1
419 930 0
806 1244 45
1010 1061 10
870 1289 1
70 1499 8
701 734 5
484 631 10
627 1275 17
531 770 29
883 964 17
1100 1549 34
100 933 32
121 217 12
531 1017 8
209 783 10
340 800 19
99 189 1
266 1078 8
311 654 23
450 709 23
1131 1133 8
543 675 30
464 648 10
638 734 8
9 747 13
957 1443 53
314 365 10
311 1529 23
206 869 17
281 737 18
339 543 2
555 1295 17
226 765 0
595 631 10
91 444 40
1008 1449 39
120 1273 8
580 994 13
1211 1425 8
830 877 17
36 632 11
1129 1216 8
834 841 42
686 862 17
437 1007 8
440 787 24
646 848 17
589 781 23
339 419 2
239 406 13
169 397 29
225 1489 1
378 565 2
438 484 10
90 674 29
702 1536 1
672 1265 8
79 1464 1
701 1148 62
120 322 87
585 649 23
0 1549 34
81 537 11
92 428 17
283 465 10
588 1131 1
291 880 12
124 565 2
106 217 10
727 1338 10
693 1062 17
1459 1474 14
91 668 12
374 1128 1
933 972 62
743 1209 40
209 441 10
231 595 17
484 574 17
62 585 23
734 1017 8
791 809 34
68 802 4
519 1492 5
781 1275 8
275 1481 10
334 1232 8
15 1213 32
830 1071 8
359 653 24
892 1118 3
672 711 10
396 1419 23
125 299 70
553 892 10
224 800 17
768 870 1
833 1045 23
396 906 23
1128 1222 1
310 1118 8
1401 1417 1
152 288 17
537 686 17
1090 1564 8
1085 1090 17
161 548 1
62 239 8
767 862 17
54 854 17
559 840 55
142 1249 17
337 1058 10
1333 1552 1
212 876 23
26 1521 32
253 519 23
852 1185 23
323 478 26
548 1239 1
224 1131 8
425 1529 54
208 604 70
467 602 14
671 1317 7
636 765 13
675 1332 83
229 231 1
280 904 34
559 1325 40
846 1148 10
872 1476 10
297 883 17
639 1564 8
600 879 8
104 414 10
334 1250 38
381 408 10
366 494 86
905 1090 47
80 1048 23
314 964 17
198 886 23
176 476 35
436 1512 2
1275 1489 1
520 988 20
636 1062 23
90 1534 1
882 1335 67
324 615 10
906 1115 17
1128 1491 1
1343 1399 10
589 1300 19
85 867 13
914 1463 1
628 856 59
697 1153 17
15 234 34
707 815 39
17 747 23
927 1113 21
364 707 29
79 952 64
852 1203 14
118 531 44
160 1462 8
163 767 17
287 727 17
516 843 1
798 847 12
673 870 1
1462 1474 22
99 653 1
297 647 17
61 619 43
1217 1268 14
973 1222 0
202 1151 1
812 1307 8
1 660 34
747 999 23
574 862 17
289 450 23
61 839 10
278 747 26
441 1232 8
124 1528 27
470 876 23
380 914 34
80 499 23
1045 1295 17
602 865 23
322 608 70
46 619 50
242 1476 17
501 694 62
248 648 10
253 902 23
359 525 24
447 900 0
1300 1480 8
841 1376 38
615 944 10
167 1407 17
108 1211 1
79 978 64
247 253 19
548 1222 1
600 1129 1
99 230 1
683 697 10
266 303 7
608 1232 23
97 1288 1
639 1209 29
324 894 4
704 1477 26
785 1234 29
26 1016 32
278 381 7
564 668 8
109 1500 38
681 1293 10
537 580 13
103 869 17
161 1035 9
609 1245 8
862 907 10
74 942 8
234 795 34
726 1380 38
906 1213 5
850 1135 23
543 782 34
455 1118 12
180 310 8
839 973 10
830 1085 17
447 566 0
921 1547 8
876 1317 5
60 467 23
499 906 19
208 297 10
118 1360 34
852 1009 23
85 1067 0
149 1140 1
220 676 21
1101 1250 38
375 405 53
180 588 1
672 1253 42
208 962 70
260 736 27
1251 1293 10
769 849 1
233 887 17
1275 1420 17
455 619 53
242 295 17
78 743 8
206 899 17
576 1547 8
4 1492 5
253 1090 19
1077 1283 23
9 925 13
167 1536 17
268 1077 35
636 1310 6
79 1481 10
632 1135 23
378 499 10
1333 1545 14
288 500 35
110 1552 7
1090 1222 0
1065 1084 24
99 702 1
400 767 10
468 1529 56
727 802 10
753 1268 34
726 1299 6
663 719 30
667 1081 7
401 678 1
733 959 7
921 1283 23
390 1521 32
81 870 1
253 545 10
711 1062 10
615 1111 10
769 1483 8
85 559 0
639 942 8
999 1464 1
479 561 17
469 914 8
767 962 58
407 675 2
525 1271 24
169 1239 29
239 932 0
291 978 12
378 938 13
50 511 17
545 572 10
1536 1545 1
239 253 0
1463 1549 1
508 1547 1
499 744 17
324 374 2
297 805 10
80 795 34
766 783 10
1341 1449 8
512 533 34
441 1333 8
131 297 17
654 960 10
554 834 45
576 580 8
77 217 41
180 548 1
733 798 72
1153 1364 21
409 1271 24
311 957 5
576 1416 8
96 1323 46
555 1044 33
80 994 21
124 419 2
407 1443 2
659 1534 23
510 711 20
229 1046 1
384 933 2
497 1288 0
734 1465 8
1273 1279 14
994 1146 21
732 1338 87
1047 1269 24
77 994 21
508 1464 1
654 869 17
260 1317 7
1222 1301 13
693 697 17
476 1135 8
289 1048 23
408 614 5
441 703 2
566 1232 23
1043 1090 10
72 77 16
544 1049 67
447 1391 13
927 964 21
235 839 10
208 630 10
272 991 33
325 570 29
639 1552 1
522 834 42
812 1090 8
248 681 10
68 498 82
152 328 1
9 918 0
833 1526 38
588 1277 1
206 442 17
104 1489 1
198 322 10
913 1131 8
659 993 21
779 906 62
104 149 1
209 390 10
60 295 17
198 812 23
68 455 4
383 1169 8
26 1178 29
464 1369 2
45 668 29
167 863 10
378 681 27
679 1554 34
452 844 10
259 1427 14
773 1529 12
70 345 8
59 172 11
609 855 8
334 812 23
921 1061 23
408 841 23
82 428 23
45 338 29
206 1386 17
12 1090 0
168 365 2
419 1492 53
233 976 19
766 1296 8
648 742 10
198 442 17
209 568 10
1118 1449 8
767 914 23
457 626 17
408 553 10
185 1128 8
932 959 36
561 901 20
654 1251 10
142 324 10
384 1061 10
568 636 6
75 627 17
1081 1115 7
875 920 32
468 500 15
15 695 24
104 275 10
125 956 82
408 631 10
131 442 17
133 242 17
317 588 17
876 1003 23
228 294 30
245 961 42
288 1221 8
180 1269 8
863 907 87
365 398 2
219 626 17
337 572 17
317 374 8
812 1333 23
295 340 17
62 408 23
440 850 17
334 1045 23
566 589 23
46 324 50
601 1406 35
143 299 28
1464 1489 1
678 1261 17
1288 1549 1
703 1146 34
175 1017 8
72 580 13
519 600 23
48 646 10
409 476 8
120 679 2
688 1246 10
45 1101 14
390 672 17
457 559 10
57 1090 17
198 1333 39
118 627 34
178 272 17
720 932 62
808 1464 1
198 531 39
178 440 17
883 889 17
970 1420 14
1141 1416 8
730 867 10
675 1228 32
39 512 34
494 1399 10
1057 1494 1
112 1206 38
419 846 2
676 988 10
1350 1473 5
730 892 10
104 396 23
96 1468 17
753 863 2
489 549 52
921 1554 8
6 1363 7
50 428 8
219 479 17
1350 1468 5
266 1415 8
161 676 10
245 834 42
108 1512 2
125 379 8
62 1417 8
656 964 66
922 1536 1
588 1025 7
13 1067 0
366 501 19
862 869 17
338 1363 29
287 1407 17
1133 1492 5
808 1169 1
470 1064 17
48 602 27
339 559 10
161 805 10
282 968 14
118 815 8
70 1458 8
22 1564 14
13 1184 0
126 380 34
499 1288 1
663 732 2
1101 1425 14
1064 1438 23
361 889 4
711 1396 55
619 782 10
1448 1508 1
875 1228 32
189 769 8
133 224 17
337 376 23
921 1273 8
744 901 29
533 1279 34
901 1129 29
1008 1093 39
405 563 30
467 1283 23
604 833 23
172 578 33
493 927 21
212 744 5
46 1489 8
85 1110 44
161 297 17
235 251 42
676 1062 10
1140 1203 8
405 447 2
231 1288 1
425 1269 40
564 1244 11
82 198 23
475 1136 24
220 580 0
169 1220 24
248 1462 8
833 1283 23
283 479 17
672 1010 10
1307 1552 1
242 889 17
614 1362 0
324 478 26
576 678 8
564 862 17
564 1169 8
494 1061 10
654 848 19
352 467 23
295 414 10
564 1481 11
476 576 8
283 1432 17
340 1511 19
942 1115 17
942 1269 22
22 309 12
208 834 8
89 1476 10
198 708 17
628 806 17
998 1228 32
830 1473 8
157 1246 8
545 988 10
212 879 23
429 469 1
160 960 21
608 1003 23
512 904 34
161 1427 23
170 1447 13
744 1275 17
366 872 20
395 1489 1
830 1471 8
566 872 70
736 1443 2
172 1465 23
198 1554 39
470 617 10
188 1513 24
1048 1220 24
284 905 8
455 1037 12
18 168 12
99 1153 17
163 1295 17
208 1136 8
614 1492 40
47 901 10
39 234 34
590 920 32
660 1136 34
744 960 5
767 1135 23
390 904 10
368 782 34
206 830 17
152 690 1
467 1078 23
632 1141 14
212 1221 23
208 400 10
970 1500 40
440 1440 17
1251 1399 10
9 1515 13
9 841 13
248 672 17
1035 1541 7
288 782 34
896 942 1
654 854 17
408 938 0
561 1045 17
79 1039 40
1220 1564 14
299 833 23
440 883 17
1133 1417 8
9 1341 0
648 906 10
654 938 0
1022 1362 0
440 582 17
108 702 1
465 1062 10
730 1547 10
1279 1347 51
619 892 10
376 1423 8
653 1316 0
311 378 10
9 850 13
685 876 18
727 1564 8
1046 1363 29
84 1473 23
964 1085 17
409 1269 24
343 930 2
841 1332 38
178 1042 17
998 1131 14
68 972 4
338 744 77
925 1048 23
567 1432 17
338 769 8
564 1444 8
753 765 13
96 732 1
139 1228 32
1131 1239 14
96 127 1
457 648 10
1489 1556 1
81 142 17
97 1216 1
339 493 10
589 694 62
1234 1451 34
449 879 8
674 1483 32
968 1239 29
82 118 34
1016 1417 32
209 676 10
654 766 17
85 161 13
490 1094 2
253 365 10
378 580 13
288 433 11
225 563 1
176 743 8
80 794 11
183 561 17
568 782 10
325 999 23
635 1408 42
1221 1459 1
231 906 17
142 632 17
45 1557 14
1090 1448 1
311 334 23
248 1064 17
383 1042 17
329 1296 8
441 1423 8
79 322 43
842 1045 23
608 876 23
15 45 24
106 907 10
99 231 1
906 1275 17
538 1317 7
401 1416 1
202 942 1
1216 1300 8
133 1090 17
85 420 13
183 1009 45
464 1246 10
531 668 29
261 620 32
198 1269 39
516 767 17
568 582 7
225 1449 8
1258 1310 35
554 1017 8
753 870 1
138 425 32
324 659 53
434 1206 38
219 383 17
54 1233 71
467 1419 23
103 1299 30
282 1048 23
732 867 10
1136 1216 8
588 988 17
649 921 35
464 901 10
905 938 13
375 428 5
863 1515 2
289 366 19
99 638 1
827 1305 12
80 396 23
879 1281 23
9 942 0
37 944 55
553 1399 10
104 339 10
319 1347 51
501 1271 17
703 711 12
971 1362 13
961 1153 42
428 709 23
843 913 8
112 597 38
747 765 13
84 1419 23
567 1062 23
636 1103 14
455 745 12
202 1216 1
172 1253 42
849 1153 17
629 769 35
484 1492 5
337 961 42
812 1554 8
81 914 8
287 501 17
172 644 17
703 1244 34
77 1480 8
22 1438 14
75 499 19
25 801 37
437 1444 8
693 1449 8
266 1206 39
834 1010 10
253 600 23
847 1080 15
791 1483 32
578 842 23
787 1473 32
322 1058 87
711 1090 10
13 892 0
704 753 26
149 1269 24
925 1549 34
468 945 64
899 1062 17
902 1211 23
479 680 17
177 1269 24
1401 1425 1
6 1268 7
841 921 23
206 1536 17
1140 1473 8
262 797 54
294 1547 8
314 578 33
1216 1439 14
108 376 8
425 847 54
566 730 53
219 501 19
107 1458 8
182 208 10
322 732 87
638 768 55
561 734 35
962 1481 66
133 505 50
37 99 1
766 838 17
656 1153 21
334 434 38
870 1422 78
60 1496 23
850 854 17
185 794 17
680 872 10
56 1209 29
468 1045 10
289 1238 8
127 340 16
646 709 23
638 1171 71
376 841 23
449 630 62
660 876 49
785 1385 71
396 968 29
276 1157 51
676 991 38
684 1319 40
74 1374 34
104 830 8
734 890 8
419 468 53
1131 1489 8
72 892 10
172 1333 23
9 25 0
730 1481 10
108 249 17
339 1246 10
999 1062 23
588 675 1
470 879 23
478 876 26
161 1085 17
157 1419 8
783 844 21
0 46 34
632 669 11
324 768 55
85 870 1
220 742 66
168 1269 24
311 604 23
408 488 19
345 1090 8
131 501 19
883 1045 17
104 1376 5
334 767 23
719 1381 34
108 938 0
185 988 17
740 954 4
248 384 10
794 1295 17
477 901 10
79 906 10
230 971 2
160 1057 1
833 854 18
108 185 1
311 1473 23
639 896 29
409 765 13
1206 1363 39
1273 1403 14
287 1095 1
321 1534 1
167 561 17
340 959 9
559 753 2
648 973 10
441 1211 37
787 1180 24
842 1273 8
697 999 19
896 1008 39
9 944 0
180 184 8
589 604 23
97 1563 1
384 589 10
570 931 29
719 1549 34
57 1045 17
942 1459 1
916 1564 8
149 914 1
1093 1161 23
172 614 10
860 954 4
414 904 10
676 1227 8
773 789 54
531 1228 32
79 334 41
998 1186 8
516 1448 17
384 911 12
849 983 38
60 961 42
1071 1288 1
906 1211 23
185 242 17
138 341 32
259 390 29
168 1054 34
407 1552 1
157 401 1
132 334 13
596 1409 8
457 1480 8
901 944 10
794 1100 34
852 1135 23
208 672 10
401 441 1
476 649 35
971 1037 12
291 1515 12
272 373 11
998 1458 14
317 794 11
276 1044 19
48 1317 40
973 1152 23
727 1048 8
206 299 10
152 1234 1
449 1386 62
1206 1220 39
449 1253 42
806 1095 17
376 1496 23
588 849 17
709 1078 23
614 1399 10
478 668 26
555 1420 11
543 1226 40
1228 1483 32
337 983 71
619 983 38
537 628 17
545 933 2
628 1054 11
636 809 34
433 464 10
224 1095 17
1035 1232 1
962 1253 42
471 1294 29
209 1244 34
574 889 17
96 854 17
508 647 1
681 719 2
150 1303 5
683 1527 38
841 1310 6
870 1341 1
311 314 23
368 644 11
133 266 8
510 771 19
1438 1462 22
684 1473 8
553 568 10
1100 1315 34
516 1095 17
17 70 23
365 648 10
48 295 10
239 608 0
230 719 2
120 744 5
892 1449 8
765 1022 0
253 976 19
440 1296 17
907 1078 23
291 946 12
72 373 2
563 693 1
419 744 77
794 796 8
433 1510 33
675 1515 30
737 1016 32
900 1362 2
266 390 29
627 787 24
414 801 10
549 1427 14
601 701 62
149 1135 1
378 848 10
742 844 11
60 287 17
334 942 45
72 1399 10
92 654 17
465 1148 10
127 690 36
120 1169 8
129 899 52
654 1350 5
1239 1481 32
61 222 87
259 1463 1
559 765 0
1279 1425 14
96 1556 1
120 272 10
168 615 2
559 813 15
317 1054 11
690 945 7
468 545 10
482 663 34
1203 1416 14
142 582 17
132 220 0
703 736 2
138 359 32
519 960 28
325 1009 23
168 660 30
289 877 17
971 1303 12
408 572 17
686 693 17
672 1440 17
127 1250 38
235 681 10
629 1515 6
1017 1457 8
225 1279 14
266 880 7
553 766 10
365 719 2
160 872 21
469 801 8
808 1061 0
419 1409 30
74 1025 34
471 896 29
276 578 33
369 488 17
85 339 13
22 121 12
736 1246 10
650 1269 40
468 1331 51
1261 1432 17
576 1377 5
280 1228 30
701 906 62
553 680 10
334 921 23
424 1403 14
112 747 38
697 1058 10
631 847 12
225 914 8
47 295 10
79 291 12
862 906 17
921 1458 8
168 563 30
1473 1563 8
907 1547 23
103 365 20
84 566 21
488 883 17
272 1464 1
299 1198 23
728 1253 42
225 1534 1
92 628 17
1082 1347 51
48 185 10
157 1564 8
212 396 23
775 862 17
282 1288 1
1163 1220 24
409 1133 14
222 834 10
408 744 17
530 627 17
499 709 23
305 778 71
1169 1288 1
571 690 38
925 1064 23
567 1444 8
208 766 10
25 740 37
631 1377 40
668 998 8
455 730 53
555 771 17
208 899 8
294 614 2
576 701 5
913 1169 8
334 1362 13
242 727 1
470 1125 10
1275 1449 8
1018 1466 7
81 830 8
675 1058 2
278 1461 26
494 988 10
103 746 19
877 1511 33
852 1228 32
396 765 13
61 846 10
1017 1553 8
1095 1465 1
368 1317 42
337 1536 17
150 340 23
212 352 23
1090 1540 8
680 1261 17
121 502 12
299 602 23
512 631 2
61 68 31
545 964 10
184 1419 8
548 1046 1
914 1325 5
54 1286 17
381 1300 10
519 1540 8
549 1420 14
906 1044 19
208 701 37
230 1300 10
1035 1330 47
401 709 1
80 1253 42
484 619 10
663 1323 46
988 1444 8
92 295 17
437 800 17
206 208 10
730 1325 40
604 1003 23
794 800 17
913 1166 21
488 561 19
563 1247 1
1449 1471 8
229 576 1
883 1061 17
1362 1505 0
574 628 17
886 1048 23
219 1249 19
842 902 23
595 1275 17
183 892 17
291 1253 12
511 680 17
50 1440 17
170 568 81
142 806 17
843 1060 8
743 815 8
566 1061 23
206 317 17
1232 1296 1
365 1221 8
1333 1492 5
788 1234 29
396 781 23
237 1035 0
9 79 0
627 1223 17
1536 1553 1
92 850 45
1129 1489 1
352 1133 23
22 1186 71
842 1269 8
99 999 1
709 845 23
376 1481 5
600 1045 23
51 288 21
195 359 7
59 253 58
1058 1246 10
13 663 13
260 384 27
175 1480 8
907 1049 87
219 488 19
322 834 10
809 1128 8
567 1473 23
50 1275 17
142 615 10
511 1044 19
1203 1307 8
97 477 1
914 1451 34
548 1060 1
1135 1536 1
697 727 10
626 1449 8
69 1343 10
178 627 17
99 511 17
104 1512 2
339 1350 40
747 1232 23
75 365 20
849 896 1
345 1203 8
676 970 37
82 450 23
490 512 2
432 927 53
50 383 17
588 628 17
1247 1464 1
433 892 17
1492 1534 5
134 1534 1
84 220 21
582 848 17
635 838 52
99 419 1
942 1085 17
1247 1536 1
688 1474 34
671 703 12
198 589 10
80 719 34
182 1540 8
283 437 17
9 405 0
845 855 23
134 493 9
150 632 23
594 765 26
842 1146 34
216 1093 5
9 202 0
291 847 12
48 795 27
667 1250 38
567 680 17
626 1017 8
224 1468 17
1216 1449 8
25 865 37
711 846 10
182 960 10
216 1148 62
968 1017 8
457 1010 10
108 897 45
1289 1525 38
48 120 10
608 635 21
1261 1536 1
424 653 8
325 744 77
56 609 8
97 469 1
253 927 23
973 1300 8
50 800 17
289 844 17
1129 1333 1
62 600 8
478 596 26
165 408 10
230 242 1
841 1433 13
198 484 58
845 973 23
753 1473 8
396 707 39
266 1232 8
890 1473 8
322 572 10
615 1527 38
288 369 17
600 796 8
609 813 8
499 1135 23
74 1129 8
13 1222 13
709 1220 32
854 931 32
604 1135 23
808 1090 0
1416 1425 14
376 1129 8
150 697 23
1239 1288 1
566 585 23
672 1448 17
1064 1468 17
62 455 7
766 879 8
501 537 19
209 1374 34
295 322 10
889 1062 17
563 1333 1
383 1409 1
100 329 32
745 1521 32
324 660 2
317 993 11
314 1317 42
57 1296 17
106 369 10
1086 1444 8
1299 1515 6
582 626 17
104 1492 5
938 1341 0
80 1261 17
753 1549 34
1480 1554 8
185 381 10
1137 1489 34
543 961 12
1234 1296 8
902 1376 5
493 1440 17
765 1198 0
314 708 17
914 1140 8
467 1048 23
334 959 38
467 843 14
602 1277 8
1419 1534 23
118 447 44
437 680 17
57 1148 17
830 1491 14
781 906 23
475 1547 59
763 1440 17
686 1296 17
338 475 24
99 1556 1
208 572 10
22 1078 8
464 727 10
444 901 16
339 484 10
314 1512 2
16 795 34
600 827 10
809 1007 34
142 1459 14
69 1017 8
222 543 2
180 914 8
276 1529 12
1220 1452 14
1238 1553 1
493 865 8
97 1146 1
631 882 43
585 1078 23
182 1273 8
390 973 17
429 1363 1
280 1549 34
834 883 45
901 1058 10
288 1480 8
249 757 62
537 648 10
132 373 13
437 1169 8
744 1281 5
109 588 1
1049 1515 2
235 1296 17
972 1400 37
407 1169 8
863 925 28
543 732 2
1333 1535 14
219 1045 17
830 1064 17
634 1271 17
198 511 19
777 1253 12
79 1488 61
914 1135 23
495 505 4
1161 1376 5
338 1419 8
726 970 72
801 973 10
1093 1221 23
340 1146 11
228 1515 30
311 614 5
494 1511 86
1239 1463 1
407 1481 28
429 709 1
1090 1271 17
432 953 82
1221 1481 23
850 1474 34
447 743 13
272 1432 17
1 850 34
467 1133 23
653 1466 14
1009 1198 23
1277 1563 8
808 1341 0
777 813 15
810 1133 8
263 808 2
172 1511 33
1279 1489 34
1192 1268 34
37 983 88
469 1166 21
614 901 10
248 563 1
390 490 10
0 543 34
15 237 0
1417 1489 1
765 1050 0
80 800 17
907 1279 14
242 1307 1
468 971 7
769 977 8
84 1153 21
228 744 12
219 807 62
450 1564 8
216 1427 5
149 810 1
887 1271 24
311 1048 23
366 561 19
189 476 8
502 1078 23
400 506 67
568 1502 4
511 582 17
297 683 10
216 1400 37
401 1224 41
681 1350 40
337 1093 23
563 1050 34
39 821 34
619 1067 53
450 1211 23
468 543 2
89 808 13
709 1317 5
580 974 13
604 1152 23
22 1525 83
1007 1499 8
543 1203 8
578 1077 23
328 787 24
1003 1283 23
468 575 64
242 1058 10
9 1163 13
289 324 5
678 1115 17
50 1468 17
589 1481 5
848 850 17
848 1448 17
325 971 54
1300 1564 8
196 1480 8
914 1403 8
758 1007 1
922 1452 8
208 663 2
654 1152 23
104 812 23
731 983 88
508 672 1
100 781 39
161 709 23
339 565 2
34 849 1
278 648 7
892 1458 14
576 907 23
942 1221 1
626 887 17
1062 1136 23
1007 1451 34
314 1232 23
297 767 17
1220 1393 83
1245 1393 38
572 775 17
709 850 23
726 944 12
771 1347 51
437 1157 51
22 602 12
470 744 17
163 901 66
1234 1259 34
520 1399 8
765 841 13
276 510 19
104 927 23
150 450 23
239 1118 0
242 1136 1
533 565 34
1008 1417 39
1101 1439 14
47 484 10
224 889 17
188 1133 24
242 709 1
548 1563 1
168 719 30
1239 1297 29
730 1188 6
161 869 17
106 314 17
787 1065 32
493 686 17
809 1417 34
133 646 17
368 1474 34
444 493 21
565 847 12
148 770 32
361 441 4
121 619 12
578 830 8
1081 1249 7
22 685 14
22 175 8
253 447 0
468 1039 40
551 953 4
46 249 17
709 879 23
96 988 17
226 1350 42
104 299 23
419 1228 32
428 678 8
863 1529 10
1222 1444 8
100 744 77
15 1279 34
16 368 34
142 249 17
0 1474 34
1420 1564 14
1048 1137 8
234 904 34
660 1084 24
806 1085 17
1061 1480 8
647 1249 19
588 850 45
133 1017 8
104 833 23
882 1213 28
122 131 17
36 537 11
538 959 7
340 1473 23
1198 1512 2
635 843 8
1213 1277 32
84 581 21
50 230 10
108 1045 17
137 1534 23
143 1220 1
849 1427 1
106 477 10
437 883 17
287 414 10
262 332 41
844 963 21
253 530 19
740 1496 23
408 746 19
468 1515 7
887 1407 17
646 927 23
131 1275 17
280 1234 34
744 1300 17
376 977 8
401 1093 1
886 1427 23
325 914 23
1009 1333 23
654 730 10
1118 1463 1
90 424 29
54 1064 17
283 1540 8
879 1564 14
92 470 17
384 906 10
37 970 40
499 646 17
59 635 21
704 1120 26
131 295 17
572 783 10
930 932 0
79 447 0
419 588 1
298 548 1
70 1547 23
769 1245 8
295 1058 10
796 1273 8
585 659 23
582 989 17
592 709 32
600 680 10
863 1502 31
287 516 1
520 971 34
172 287 17
602 659 23
1128 1552 1
340 973 3
396 493 23
398 566 21
398 493 21
133 384 50
180 954 4
108 989 17
325 371 12
224 253 17
337 1061 23
1244 1279 34
172 708 17
248 1238 8
209 719 34
501 1115 17
787 1220 32
1232 1326 1
183 231 17
1025 1489 34
467 1232 23
988 1090 17
60 1476 17
863 962 70
690 726 38
198 1458 39
82 589 23
93 1250 20
869 1062 17
1203 1268 8
953 1529 4
230 1296 8
112 730 55
1129 1289 1
419 1489 1
104 834 42
553 559 10
163 680 17
672 1317 42
1133 1549 8
449 647 62
365 631 43
501 999 19
284 668 8
938 971 13
452 1437 2
977 1296 8
104 212 23
228 671 61
1044 1280 19
133 1211 23
103 1440 17
753 907 2
70 334 23
678 1168 31
90 97 1
198 1010 10
82 654 23
390 600 10
589 1325 5
220 1542 21
364 833 18
108 1529 40
1459 1512 2
216 233 62
22 262 54
719 1100 34
1315 1381 34
431 574 45
1415 1552 1
340 834 8
589 1353 19
118 280 34
464 742 10
168 795 34
369 442 17
180 938 0
69 1169 8
499 1333 23
428 447 13
767 973 19
297 615 10
229 1448 1
813 1169 8
512 703 30
476 563 1
96 1071 1
1101 1497 38
1137 1374 34
170 922 0
1407 1536 17
520 1549 34
248 276 17
266 298 32
108 744 29
60 1044 33
118 791 34
801 1396 2
46 476 8
734 1198 23
9 263 0
555 1253 42
675 921 8
632 1463 1
289 1420 17
559 794 50
309 711 2
261 744 77
568 1316 0
883 1128 1
913 1458 8
444 1283 21
1232 1403 1
510 734 35
1185 1409 23
322 676 10
493 635 21
230 734 8
142 1300 17
148 281 18
325 590 32
419 434 53
133 1093 23
437 744 17
827 1244 50
445 537 66
563 1425 1
288 596 8
675 808 2
493 627 17
1481 1545 8
70 484 23
582 906 17
22 291 12
340 567 10
1061 1249 19
4 576 23
1409 1438 23
266 1105 7
262 571 41
248 854 17
13 1443 0
287 479 31
219 588 17
476 886 8
178 1081 7
614 638 55
457 834 45
419 953 4
108 1449 1
678 921 8
329 747 18
182 1269 8
283 944 10
61 1335 67
476 865 8
1128 1540 1
390 850 11
4 886 23
124 938 13
408 576 23
1060 1131 8
9 614 0
180 1463 1
833 834 42
383 964 17
125 281 8
892 1300 19
379 1004 35
511 561 19
249 449 62
1046 1273 8
25 882 37
70 337 23
1451 1549 34
659 1473 23
172 384 10
647 678 17
462 1213 32
678 1300 17
899 1408 42
337 927 21
22 25 71
678 767 17
222 311 10
165 1476 10
801 1481 28
359 830 24
865 1176 6
896 1216 8
104 942 1
56 1234 29
167 477 10
89 295 10
942 1151 1
886 1061 23
299 495 31
475 862 59
9 1552 0
142 231 17
400 848 10
309 1137 34
122 272 17
441 1549 8
1067 1473 23
167 1049 10
368 519 11
543 842 34
281 447 13
284 942 1
92 564 17
1208 1310 35
602 634 3
834 1459 1
1290 1403 14
609 883 8
104 437 23
249 849 17
685 1050 32
449 830 8
25 1545 8
108 548 1
745 787 32
1045 1223 17
118 1523 34
462 629 35
283 766 17
809 1136 34
239 1198 0
946 959 7
959 1535 7
892 944 10
690 1535 7
85 850 13
390 545 10
672 922 8
99 1234 1
96 769 1
1232 1399 22
475 734 24
1074 1305 12
220 964 21
79 378 10
284 1545 8
289 808 0
222 337 10
441 842 8
212 636 23
502 938 0
709 1458 14
337 1273 8
319 1473 8
1273 1540 8
1277 1307 8
778 1289 71
13 405 0
108 805 1
400 469 21
914 1228 32
604 1161 23
108 1269 22
588 709 1
676 955 31
69 334 8
334 875 18
938 1316 13
576 1444 8
397 1009 29
960 1399 10
476 1239 14
747 1045 23
188 359 24
381 628 10
1258 1481 14
647 1129 1
727 846 10
46 1128 8
99 548 17
239 1171 35
172 437 23
152 440 17
137 289 23
90 707 29
647 771 19
100 1192 39
77 400 37
253 742 17
59 566 21
848 1024 62
709 1425 14
1090 1529 17
852 902 23
224 647 17
738 949 41
1 653 34
180 1048 8
555 1317 42
76 695 79
78 455 15
20 1515 34
99 1222 1
305 914 32
567 1232 23
1131 1341 8
1095 1363 1
775 806 17
865 1564 8
108 361 1
742 1542 89
588 1118 1
1223 1547 17
830 884 8
719 730 2
184 914 8
756 1228 37
1061 1427 23
484 973 58
1103 1451 14
497 1512 13
964 988 17
571 1393 38
376 1563 8
150 1304 5
634 647 17
449 771 62
233 340 19
944 1305 12
99 1536 17
137 973 23
797 923 54
1169 1448 8
299 1302 67
753 1279 34
317 964 11
326 781 52
933 1366 60
1211 1457 8
564 681 10
896 921 8
993 1326 8
663 747 49
771 836 23
282 580 13
80 743 8
309 419 30
767 1438 23
131 849 17
428 578 33
219 582 17
647 697 19
118 126 34
684 740 66
108 1228 1
317 654 17
1061 1115 17
59 844 21
500 1480 8
408 615 10
365 744 5
545 973 10
103 206 17
131 198 19
278 571 26
711 849 10
1148 1407 17
4 632 23
311 994 58
85 767 0
163 359 24
878 1275 7
554 1547 17
475 1220 24
734 1491 14
70 266 8
110 310 9
60 530 33
636 1465 23
743 1456 8
653 1296 8
268 291 15
408 767 19
229 702 1
679 944 2
324 365 43
802 1045 10
499 1024 62
450 1463 1
740 1351 51
409 447 13
51 276 21
60 311 23
149 476 1
730 805 43
537 961 42
848 1295 17
22 785 8
636 1238 1
314 369 10
745 854 32
580 1135 0
631 1529 56
51 84 21
680 1058 10
1065 1459 1
109 1317 7
92 1042 17
149 1035 1
589 767 19
314 340 3
120 390 10
149 1448 1
188 590 24
812 1481 5
120 1564 8
276 470 17
470 734 23
374 1279 34
163 283 17
103 288 17
287 846 10
288 554 17
630 801 10
906 1407 17
251 564 42
508 1133 8
563 678 1
1473 1496 23
1283 1333 23
378 1111 10
575 959 7
82 1351 51
567 585 23
899 1468 74
262 1007 54
1462 1480 8
769 1563 8
830 1023 11
116 690 7
112 833 38
433 993 11
649 659 23
545 844 10
276 709 23
272 493 11
70 747 23
904 944 10
679 1317 40
1474 1549 34
245 408 58
1232 1401 1
902 1496 23
395 1465 22
284 576 8
118 127 34
425 945 41
414 1547 10
49 1216 8
1101 1410 47
252 266 32
886 1473 23
396 450 23
165 630 10
233 1275 17
559 638 55
390 1496 21
328 475 24
408 1136 23
709 1008 39
561 988 17
631 947 64
585 1045 23
604 1281 23
976 1511 19
157 1271 24
493 809 34
787 1211 24
309 773 30
777 978 12
842 1198 23
108 170 0
99 849 17
531 841 18
844 904 10
198 839 10
646 1118 3
185 1444 8
675 827 53
297 631 10
54 1223 17
184 1401 8
99 381 10
520 1481 8
812 1078 8
727 848 10
787 1419 32
457 1468 17
180 1473 8
208 654 10
767 852 23
48 340 10
108 1293 52
339 1481 10
468 580 0
849 1259 1
505 1244 50
531 576 8
9 1512 13
467 999 23
1178 1294 29
408 648 10
36 172 17
78 559 15
795 1030 7
198 686 17
906 1259 34
667 1131 14
597 1172 38
477 600 10
319 1118 3
1540 1553 8
384 1305 12
46 1333 8
653 1319 14
614 953 4
96 189 1
1133 1135 8
1140 1536 1
311 841 23
576 585 23
85 854 13
767 1081 7
998 1401 1
1275 1444 8
508 635 21
778 1316 13
479 989 17
118 1001 34
561 848 19
653 1137 34
494 767 10
46 401 8
224 1232 1
1320 1439 14
468 1547 10
746 973 19
408 555 17
89 878 10
1499 1554 8
325 334 23
740 1350 5
428 732 10
150 1325 5
70 470 23
1043 1246 10
555 988 31
405 796 8
189 879 8
178 973 17
808 879 44
317 632 11
1007 1419 1
1444 1452 8
172 1451 14
588 1300 17
1017 1471 8
248 848 17
400 953 31
84 322 70
364 1463 1
447 850 13
942 1061 17
150 1211 23
630 1407 17
1048 1095 1
1169 1534 8
96 1536 17
609 1246 14
26 1101 8
172 289 23
638 944 55
408 973 19
438 1246 10
72 226 2
690 1203 14
588 681 10
219 1095 17
1481 1483 32
661 931 29
82 364 18
120 1443 2
137 1133 23
585 1093 23
46 180 37
683 830 10
450 1152 23
484 585 23
137 999 23
157 843 8
134 310 9
108 189 1
359 512 12
834 839 10
913 1133 8
93 574 17
1269 1552 1
168 543 30
89 198 10
9 452 13
493 1427 23
185 295 17
341 809 34
442 1115 17
468 1496 53
99 469 1
122 744 17
188 1127 24
442 1064 17
107 563 1
237 568 0
283 1468 17
834 972 42
632 844 11
299 1158 67
220 782 10
235 366 19
322 390 10
6 1473 7
54 470 17
580 753 13
676 1399 10
1273 1499 8
175 812 8
849 1556 1
1137 1449 14
922 1545 8
18 280 12
321 548 1
1217 1564 14
1444 1547 8
124 1061 10
152 457 17
505 777 12
869 1542 89
489 1293 52
433 493 17
1213 1366 60
276 608 21
224 942 17
568 1067 53
99 131 17
462 1499 72
60 108 17
697 848 19
185 615 10
559 1305 12
1062 1064 10
564 1232 1
178 287 17
309 833 17
152 576 1
671 954 4
441 602 8
433 634 17
728 834 42
172 253 23
262 395 41
674 1363 29
20 460 34
47 1299 27
80 1325 5
69 1564 8
82 1529 23
288 862 17
628 1044 33
604 1452 23
1035 1048 14
649 1221 23
213 1186 37
484 659 23
130 425 54
273 596 8
384 1045 10
46 1042 17
359 1080 41
566 1473 23
1232 1317 42
680 1407 17
1347 1369 7
1290 1545 14
430 1239 29
381 782 10
744 876 29
728 1408 73
56 78 8
548 1547 1
1129 1415 1
649 925 23
126 1234 34
566 631 53
1269 1483 8
239 998 0
235 736 10
627 1085 17
566 1045 23
843 1136 8
568 932 53
268 328 35
13 1061 0
160 1265 8
738 828 41
597 911 12
1295 1420 17
376 1491 14
425 565 54
82 425 41
54 964 17
1271 1480 24
468 841 41
152 1025 7
378 646 10
103 807 62
753 1299 27
239 918 0
248 476 8
26 364 29
1259 1365 34
897 961 42
1118 1534 1
455 894 4
629 798 35
80 852 23
647 1300 19
846 1111 10
414 844 10
471 1351 51
324 794 50
709 821 1
499 1540 8
604 1542 21
854 1529 17
224 802 10
809 974 85
405 565 30
9 409 13
1111 1419 8
80 476 8
500 849 8
85 468 0
95 470 10
266 945 7
334 478 26
1140 1410 47
847 1515 12
317 899 17
275 564 10
543 1259 34
120 672 10
282 1492 5
338 843 14
295 578 17
118 483 34
400 679 2
212 445 11
870 1118 1
142 185 17
239 504 0
457 1499 8
251 862 42
46 1223 45
490 766 10
1223 1261 17
149 737 32
870 1409 1
647 830 11
1131 1146 8
208 209 10
196 345 29
106 846 10
185 553 10
667 1465 14
281 1362 13
672 1350 42
224 1476 17
298 588 1
736 1293 10
165 253 10
429 1471 1
262 1004 41
266 424 29
883 1085 17
841 842 23
452 1350 40
185 1085 17
295 322 10
167 1090 17
409 938 13
608 879 23
475 1180 24
79 1325 40
568 911 12
553 1246 10
122 892 17
998 1464 22
1409 1474 22
288 1269 24
675 683 2
437 902 23
124 766 10
376 796 8
738 765 13
80 850 11
124 161 10
907 1465 23
9 619 0
152 1221 1
376 900 8
554 1420 17
400 683 10
339 730 10
310 676 8
272 311 17
375 833 5
329 922 8
271 778 88
938 1355 51
178 850 17
172 433 17
449 1249 62
812 1465 23
239 795 13
107 635 52
1003 1045 23
77 444 21
311 925 23
833 1253 42
1268 1552 1
734 1061 23
904 1515 34
1206 1333 39
659 1166 21
942 1425 1
867 1111 10
654 889 17
499 842 23
230 419 2
15 984 24
282 701 5
288 1420 11
161 559 10
626 763 17
904 1417 34
51 794 21
441 543 2
9 412 0
365 381 10
424 1462 14
412 447 0
899 1048 8
278 1400 26
566 659 21
493 802 10
709 1552 1
368 1054 11
770 875 32
222 310 8
324 956 4
907 1137 14
361 942 1
369 933 2
589 1244 11
654 1319 40
118 1100 34
365 437 10
727 767 10
68 740 4
442 830 17
106 1300 17
100 1419 32
702 1035 7
747 1504 38
374 533 34
56 1007 1
654 732 10
220 889 21
1249 1296 17
632 1444 8
852 1427 23
609 1140 8
545 1061 10
172 429 1
299 1045 23
328 1131 8
240 690 7
904 1146 34
549 938 13
1063 1269 24
484 711 10
582 1090 17
209 821 34
235 444 7
429 1275 1
806 1536 17
595 767 17
72 408 10
914 1136 23
100 261 32
1386 1529 17
22 1534 1
202 1095 1
678 854 17
626 1148 17
124 464 27
118 1180 34
1198 1325 5
1296 1463 1
925 1529 23
998 1489 1
167 964 17
66 845 5
470 681 10
48 827 10
601 769 35
400 1331 51
75 901 20
1063 1473 8
1401 1508 1
257 450 24
414 600 10
787 1369 24
364 920 32
287 511 17
1452 1499 8
582 1223 17
440 646 17
604 635 21
276 805 10
796 886 8
104 1238 8
886 1325 5
149 1307 1
9 619 0
80 208 8
224 553 10
809 1290 85
849 1115 17
586 1362 2
879 906 23
444 659 21
1017 1448 8
220 1512 2
152 646 17
142 1350 42
792 999 76
178 235 17
468 497 0
100 1239 32
9 1283 71
272 564 17
1103 1416 14
276 901 20
406 1401 8
732 1120 14
842 1128 8
424 1048 14
788 1220 24
1128 1417 1
352 1078 23
57 311 17
196 788 29
922 1553 8
54 589 17
169 1322 29
9 1496 71
646 649 23
854 1146 17
409 922 8
589 855 23
973 1333 23
170 944 81
889 994 21
314 899 74
109 278 26
1363 1463 1
287 1045 17
208 901 10
744 1178 29
429 548 1
276 604 21
167 183 17
106 289 17
988 1275 17
711 767 10
647 1044 19
531 1007 8
139 1008 39
683 1042 17
233 530 19
476 693 8
501 627 17
295 887 17
182 499 10
854 1249 17
99 1554 1
1067 1277 8
372 959 7
781 1185 23
275 654 10
217 1547 10
543 1425 8
208 219 20
325 620 32
659 1164 21
636 1547 23
600 742 10
235 337 19
342 458 4
291 945 12
506 1049 67
424 923 40
450 467 14
202 588 1
428 1244 8
425 773 54
578 1269 8
68 559 4
732 891 71
99 1133 1
401 1448 1
543 850 34
781 1039 5
253 812 23
26 744 29
801 1131 8
711 1044 20
464 1045 10
1480 1552 1
22 1288 1
1061 1377 5
628 1547 31
1148 1476 17
787 887 24
549 1286 52
672 921 8
628 902 31
511 1042 17
636 954 4
734 1457 14
107 1017 8
766 1017 8
328 1135 14
488 1280 19
501 647 19
457 887 17
555 619 10
103 728 62
20 565 34
408 711 5
450 1326 8
484 887 17
787 1480 24
401 1071 1
1049 1295 10
216 396 5
932 1512 2
82 1093 23
814 938 2
1271 1282 24
545 1481 10
96 468 10
1039 1232 5
248 479 17
460 795 34
364 744 77
184 812 8
531 1206 39
511 1275 17
852 907 23
1007 1227 1
830 1115 17
384 901 10
152 1468 17
120 1045 10
133 163 17
1022 1316 0
921 1151 8
401 1271 1
103 283 17
1137 1425 14
400 769 28
122 493 17
843 1125 8
854 1295 17
1014 1502 4
408 1078 23
365 891 70
844 1043 10
216 1078 5
852 1333 23
46 1239 14
661 1084 24
462 760 72
973 1273 14
1187 1527 38
555 769 8
396 1438 23
1062 1221 23
132 1035 0
198 414 10
198 901 17
321 1221 1
747 1419 23
747 1172 38
744 854 77
219 848 19
1048 1125 14
325 585 23
428 1419 23
321 588 1
397 1211 29
68 944 4
180 273 8
548 1300 1
291 1305 12
97 690 1
272 1319 40
185 493 8
276 1198 23
993 1283 21
830 1556 8
4 865 23
141 1458 8
732 882 87
734 1232 1
830 1452 8
229 1261 1
600 1010 10
80 325 23
62 401 8
1245 1497 38
635 984 52
17 1211 23
45 1330 14
508 886 1
897 1271 45
328 1203 14
60 172 17
337 849 1
631 892 10
852 1452 23
149 1090 1
479 1432 17
609 734 8
341 876 18
311 608 23
1024 1280 62
359 371 12
852 1534 23
206 846 10
189 444 21
405 1521 32
253 1153 17
942 1086 1
852 1008 39
149 1536 1
510 1439 19
375 505 40
148 791 32
559 1536 50
1489 1547 1
208 970 37
137 850 23
452 523 27
576 765 8
488 680 17
585 1064 23
849 1483 8
993 1316 13
906 989 17
1062 1419 23
519 711 5
9 1067 0
381 1481 10
159 726 7
1141 1146 8
26 430 29
457 1462 8
449 970 37
511 588 17
1220 1366 60
60 520 20
869 1007 8
196 791 32
914 1281 23
454 1186 37
854 1444 8
390 994 21
747 1492 5
548 1061 17
1035 1489 1
567 892 23
563 1443 30
22 1553 8
309 1050 34
1141 1341 8
337 989 17
476 1409 8
46 988 17
964 989 17
626 1463 1
75 324 20
520 794 34
407 1500 2
1137 1554 34
198 614 10
59 889 21
671 797 4
484 672 17
653 1536 1
1009 1187 38
228 619 61
554 1386 17
545 1111 10
60 212 11
261 1447 18
212 734 23
428 530 33
870 1296 1
259 923 40
744 850 17
742 1364 66
163 1261 17
276 1333 23
580 794 13
602 1080 3
1221 1246 1
470 589 17
602 646 3
46 97 8
781 964 8
233 1407 17
447 796 8
120 988 10
815 1128 8
854 1016 32
834 1211 14
25 1222 0
202 497 0
770 1228 32
97 727 1
1054 1515 34
442 775 17
555 1476 17
932 1213 32
1271 1440 17
359 847 71
537 1338 10
198 596 8
81 172 17
90 968 40
334 408 23
604 845 23
452 1118 67
850 1438 23
727 732 10
334 338 18
126 1347 51
172 771 17
180 282 8
149 1146 1
98 497 2
297 680 17
310 1035 9
559 615 10
667 1499 14
134 870 1
508 1232 1
70 260 14
283 870 1
672 801 10
429 1137 1
225 849 1
96 849 17
559 911 12
172 340 23
275 646 10
283 1440 17
559 953 4
122 276 17
54 891 45
80 1473 23
537 1362 13
694 1280 62
365 839 10
82 1281 23
576 1279 34
58 1023 89
709 1496 23
12 857 13
9 615 13
843 1423 8
862 1253 42
103 627 17
1 1523 34
104 375 5
16 1100 34
366 564 33
561 626 17
604 646 23
682 1347 51
830 892 8
172 283 17
1250 1447 38
1261 1552 1
231 879 8
467 812 23
475 668 24
830 900 8
938 1369 13
457 595 17
79 1338 43
1064 1476 17
973 1420 17
734 1131 8
82 294 17
1093 1494 23
782 872 10
188 1281 24
1164 1481 66
1016 1425 8
125 1425 8
1185 1377 5
469 1118 3
1203 1458 8
794 1061 17
678 730 10
80 1054 11
57 287 17
619 1304 12
50 161 17
659 827 53
812 1545 8
921 1403 8
297 1440 17
51 368 21
796 1491 8
294 1100 34
282 852 14
455 845 5
408 1350 42
563 1419 1
855 1133 14
812 1325 5
865 1077 23
766 889 17
566 808 0
108 572 1
378 1269 24
588 626 17
253 1222 0
697 711 10
976 1044 19
1552 1563 1
97 450 1
499 649 23
152 1547 1
408 771 48
118 310 8
253 1438 23
297 854 17
589 771 48
75 746 19
282 1458 14
407 1399 10
442 877 17
133 588 45
999 1353 19
48 230 10
988 1420 17
520 1100 34
690 1048 14
289 697 19
1465 1529 23
1305 1513 12
325 408 23
630 1547 17
337 428 17
208 561 20
1131 1464 1
484 630 58
678 1131 8
337 626 17
732 863 87
103 233 19
592 1269 24
886 1540 8
376 690 8
366 988 33
690 760 7
381 711 10
512 1167 27
1093 1203 14
237 499 0
619 813 15
366 408 19
99 317 17
4 253 23
281 709 18
733 880 72
46 248 8
182 1061 23
235 863 10
674 833 18
709 1136 23
797 954 4
1129 1294 29
592 1483 32
247 494 86
1064 1333 23
471 959 7
574 1468 17
157 278 26
340 1090 19
397 1239 29
60 1042 17
646 870 1
1054 1153 11
434 1461 38
1062 1295 10
490 600 10
253 1271 17
262 291 54
1141 1425 8
582 1171 20
120 1399 10
634 672 17
678 863 10
251 1142 42
134 548 1
1063 1131 8
17 378 50
396 1536 45
740 1281 23
70 212 23
50 131 17
280 1350 40
457 1489 1
131 1095 17
630 994 58
242 1448 1
408 989 17
1061 1211 23
22 769 8
82 1211 23
80 914 23
471 1322 29
80 683 17
419 719 30
180 922 8
444 537 66
184 1448 8
209 545 10
458 551 12
266 1135 8
167 877 17
1125 1203 14
672 676 10
408 1512 2
287 588 17
390 1468 21
886 1232 23
25 1362 0
61 1400 37
324 1443 53
314 1343 10
907 964 10
36 564 11
305 1363 32
242 1341 1
660 1049 2
757 767 62
9 373 13
46 801 8
288 889 17
594 747 26
1061 1376 5
814 1433 2
322 537 10
175 1444 8
68 726 4
396 1187 38
766 1464 1
561 899 62
588 1333 1
467 1494 23
225 796 8
77 1166 21
325 1003 23
901 1363 29
1175 1542 21
1009 1213 5
760 1461 7
1283 1316 0
142 1085 17
588 960 1
340 1317 42
769 1474 22
324 561 20
961 972 42
600 1136 23
609 639 8
276 865 8
198 1061 10
9 925 13
104 843 8
647 1271 17
54 631 10
72 1159 2
149 338 1
314 1376 5
567 1078 23
178 883 17
414 626 10
48 732 10
733 1004 72
152 1427 1
188 592 32
433 1095 17
1449 1540 14
133 963 21
262 522 41
744 920 77
46 628 11
559 999 20
299 646 23
322 792 2
185 854 17
757 848 62
441 1172 2
208 253 10
646 1131 8
396 1141 8
68 385 4
1206 1322 39
555 869 17
555 1100 20
701 769 37
830 1456 8
855 1376 5
384 1529 56
77 878 37
378 468 10
134 796 8
96 1042 17
96 108 1
209 619 10
454 701 37
276 809 34
475 875 24
381 615 10
26 138 32
176 1406 35
334 902 23
1045 1420 17
855 1061 23
551 1502 4
409 914 8
237 711 0
348 852 32
60 84 23
447 942 0
133 449 5
554 668 8
746 1032 6
77 1150 21
516 830 17
419 879 8
339 589 10
693 942 1
60 1534 23
564 1295 17
176 376 8
697 1407 17
74 782 34
1085 1547 17
478 704 26
85 398 0
796 999 8
400 925 28
588 863 1
79 340 10
865 1283 23
1265 1464 8
636 1296 8
137 886 23
93 1168 31
338 506 57
563 1100 34
440 887 17
46 157 8
49 843 8
944 1080 15
744 775 17
1101 1376 38
368 808 13
923 1234 29
1221 1333 23
1169 1489 8
314 1448 17
339 497 13
1048 1494 23
202 1433 2
455 1304 12
865 876 23
568 746 6
563 615 2
588 933 1
85 1316 13
1362 1522 13
48 973 10
537 982 10
311 1211 23
338 870 22
80 133 11
137 740 23
253 1496 23
801 1216 8
108 1046 1
167 1147 31
374 1552 1
746 1353 19
390 1220 32
1007 1216 1
1341 1512 2
576 890 8
289 594 26
1039 1226 40
523 1386 30
289 325 23
389 848 17
867 989 10
470 904 10
795 1381 34
216 567 23
13 180 0
134 930 0
338 1473 8
198 366 19
548 1045 17
337 834 8
324 882 43
299 1438 23
1007 1048 1
638 1296 8
282 843 8
1137 1466 14
1186 1545 8
91 167 31
266 959 7
175 1048 8
299 882 10
892 1463 1
13 198 0
324 1350 40
437 766 17
843 1443 8
1184 1362 2
608 1364 21
850 1054 11
455 458 12
744 1049 5
288 781 8
375 589 5
50 1085 17
1085 1129 8
454 769 28
13 170 13
163 849 17
788 1410 14
634 1042 17
1247 1463 1
131 800 19
600 614 10
338 1203 14
1090 1547 17
437 1054 11
1010 1387 7
493 619 10
660 747 49
208 600 10
310 365 8
600 1077 23
68 797 4
49 659 53
875 1483 32
97 437 1
634 988 17
160 1364 21
80 1045 23
631 1146 50
150 1039 5
405 1228 32
62 1468 17
1153 1536 50
424 1209 29
830 1296 8
287 617 10
48 494 10
452 848 10
338 876 18
1025 1234 34
1169 1483 8
62 1227 8
16 1474 34
429 1448 1
100 629 7
931 1294 29
882 1302 67
636 1281 23
499 1552 1
531 830 8
261 770 32
425 760 41
338 570 29
720 1443 62
86 239 2
842 1078 23
1480 1563 8
548 771 17
11 322 0
7 447 2
436 930 0
1090 1211 8
1084 1481 24
882 963 2
132 675 0
1273 1439 14
1462 1489 8
801 1423 8
1203 1556 8
96 133 17
1100 1244 34
247 1319 40
680 802 10
767 1211 23
224 339 10
6 1417 7
287 465 10
428 648 10
79 961 12
812 1220 24
224 559 10
433 1275 17
1137 1508 14
118 152 1
50 133 17
46 143 8
60 1136 23
688 850 34
672 1044 33
1146 1350 42
758 1471 1
295 1168 17
96 284 1
368 1554 34
59 373 40
1198 1465 23
395 1221 1
224 365 10
368 469 11
555 1169 8
375 812 5
659 977 53
561 849 17
429 588 1
414 441 10
734 1223 8
1128 1494 1
1300 1512 2
196 338 29
47 1529 56
299 914 23
678 806 17
973 1353 19
339 782 10
1449 1554 8
843 886 8
224 1300 17
376 693 8
1228 1296 8
902 1452 23
425 733 41
869 1216 8
925 1474 34
80 887 17
282 567 23
276 626 17
133 444 21
576 1227 8
84 964 21
1035 1362 0
3 1222 2
209 1221 8
543 1279 34
639 744 29
133 408 42
282 707 39
17 137 23
419 614 53
809 1234 34
752 1205 51
196 770 29
775 1294 40
906 1023 11
899 1448 17
266 892 8
930 1288 0
922 1427 14
855 1468 17
180 225 8
767 1198 23
289 373 58
856 1547 59
70 827 5
371 746 41
630 1081 7
103 311 48
124 1491 14
208 1227 8
697 1132 62
225 429 1
281 601 35
317 877 17
458 1515 12
138 261 32
1 1347 51
68 601 82
12 104 0
172 886 23
253 1061 23
470 542 8
440 488 17
120 314 10
441 891 8
139 1220 32
602 1007 12
170 1466 14
104 490 10
295 944 10
276 374 8
1496 1542 21
142 862 17
45 1294 29
196 338 29
266 727 8
520 1137 34
165 297 10
400 672 10
801 1246 10
1007 1549 34
608 656 21
424 1211 8
580 1369 13
925 1281 23
648 1293 10
631 711 65
499 999 23
142 1161 8
585 812 23
1474 1564 14
1333 1465 23
801 878 87
220 913 21
608 1409 23
222 1369 2
649 1409 23
834 988 42
419 1007 34
602 1552 1
663 1350 40
1017 1060 8
1238 1339 8
163 678 17
233 314 19
675 1118 3
289 766 17
922 1483 8
259 412 40
559 1061 5
870 1071 1
9 289 0
788 1135 14
734 744 5
400 844 10
81 1211 8
604 927 21
628 1397 33
381 1049 10
170 631 81
1009 1547 23
449 1131 8
309 363 34
812 921 23
412 1209 40
216 1045 5
548 686 17
849 1563 1
777 954 4
493 1232 23
339 1172 35
892 899 74
1077 1545 14
133 589 23
183 235 17
209 809 34
57 681 10
240 959 7
855 973 23
74 809 34
68 516 4
17 889 21
100 425 32
428 1492 5
808 963 0
314 711 5
588 1095 17
497 730 0
400 1481 28
130 262 54
22 172 8
849 1333 1
1049 1273 8
208 1058 87
647 1397 19
338 931 29
907 1136 23
1464 1494 1
766 1007 8
62 1300 8
225 242 1
338 1009 29
182 1473 23
170 1409 14
90 1294 29
57 775 17
675 1499 8
479 849 17
471 510 20
1084 1457 24
771 1440 17
80 938 13
17 602 23
654 1045 23
82 999 23
1065 1465 14
450 1449 8
1213 1283 23
433 767 17
182 216 5
580 653 0
408 438 10
59 767 58
619 848 10
445 742 11
430 923 29
4 60 23
85 942 0
22 1552 1
1326 1552 1
25 878 37
9 1391 13
530 906 19
239 1515 13
841 1136 23
262 747 41
261 931 32
787 791 32
1027 1259 34
408 1153 42
564 1462 8
675 720 62
104 877 17
93 711 10
693 1168 31
96 298 1
299 1399 10
563 736 2
338 1141 14
79 951 64
419 1444 8
84 245 21
384 385 12
501 626 17
766 870 1
744 902 5
1045 1377 5
436 1221 1
1039 1534 5
273 1419 8
163 389 17
80 869 17
1273 1288 1
555 1168 31
272 863 10
436 906 9
589 1440 17
782 1043 10
1217 1261 14
1016 1473 32
276 879 23
647 843 8
1269 1333 8
469 1273 8
597 1497 38
85 464 13
970 1186 37
428 1135 23
648 830 10
90 1141 8
513 899 52
470 833 23
548 914 1
217 771 10
148 198 39
61 479 10
253 686 17
224 944 10
944 1061 5
345 1553 8
15 1487 67
663 906 34
601 1234 35
4 646 23
1289 1393 38
345 1220 24
314 779 62
1427 1465 23
608 1438 23
672 1432 17
161 378 10
328 588 1
297 806 17
127 1530 38
60 964 11
152 436 1
396 1232 23
282 1129 1
325 907 23
182 1216 8
734 886 23
121 711 12
366 1280 19
792 863 76
390 646 17
248 766 17
1216 1217 14
767 1529 17
1259 1480 34
9 1186 0
294 1037 12
180 1137 14
303 425 41
576 1067 23
104 1136 23
849 883 17
79 904 10
268 614 15
54 906 17
50 1223 17
519 925 23
960 1515 2
999 1132 62
216 1452 5
373 961 42
172 1300 17
68 671 4
79 678 10
916 1296 8
92 457 17
229 1458 1
314 740 23
608 833 23
15 1362 0
444 1113 21
1140 1232 1
672 1095 1
314 1452 23
1168 1547 17
97 1341 1
242 1071 1
282 317 8
198 1042 17
1169 1296 8
1135 1492 5
1169 1553 8
363 1192 34
60 709 23
282 921 8
129 1138 52
921 1473 23
1227 1444 8
479 850 11
108 1395 45
81 266 8
276 516 17
161 854 17
74 1244 34
233 235 19
608 933 53
230 589 10
75 757 62
588 1064 17
328 1216 8
879 1048 8
22 1451 14
1151 1296 8
646 1552 1
559 697 10
897 1432 21
576 636 8
37 1466 7
9 502 0
1008 1016 32
262 334 41
576 1409 23
890 1480 8
295 441 10
1407 1440 17
167 1249 17
1133 1545 8
157 1050 32
1141 1234 8
1244 1268 34
376 709 23
500 1063 8
96 1489 1
440 693 17
1415 1471 1
634 897 45
338 629 29
701 972 73
469 869 40
261 467 32
794 962 21
60 1275 17
266 1211 29
565 1474 34
922 1169 8
82 1133 23
282 892 23
209 827 10
310 763 8
90 1133 24
922 1178 8
802 1062 10
508 1007 1
589 1386 19
314 879 23
266 978 7
728 1317 42
565 1137 34
4 325 23
224 850 17
878 970 37
833 1211 23
727 849 1
444 635 21
916 1444 8
84 632 23
13 974 13
727 1463 1
248 627 17
1462 1563 8
271 765 0
469 588 1
125 602 3
131 771 19
437 960 10
295 545 10
1271 1295 17
185 570 17
479 1466 1
172 1261 17
208 217 43
907 1232 23
7 808 2
89 537 2
458 880 12
545 906 10
821 1457 1
782 809 34
259 1273 14
231 862 17
253 561 48
1042 1386 17
1401 1457 1
1135 1209 14
45 923 40
476 1457 8
782 794 34
842 1259 34
84 906 21
339 1399 10
787 1016 32
89 766 10
400 1058 87
230 299 87
849 922 1
1409 1425 1
209 1027 34
408 530 19
15 1136 24
927 1161 23
172 576 23
319 1489 1
1043 1300 10
437 1408 42
865 879 23
877 988 17
337 959 9
1010 1286 52
141 938 0
99 229 71
408 944 5
262 512 54
449 1481 5
708 964 17
283 683 10
247 564 33
1417 1464 1
374 475 24
436 1048 14
628 744 17
1 1374 34
104 1129 1
592 854 32
295 782 10
777 1303 12
1007 1443 34
821 863 1
849 1363 1
376 1534 8
345 744 29
309 384 2
9 963 0
730 927 53
384 1317 40
441 887 27
408 708 17
419 769 8
80 449 5
276 1438 23
711 1222 0
998 1540 8
447 857 13
499 1054 11
1355 1376 51
82 280 17
106 120 10
276 325 23
180 441 8
742 1444 8
338 1084 24
278 1033 26
385 755 7
795 1515 34
883 1269 8
104 876 23
359 743 24
680 1547 17
1077 1438 23
161 630 3
1209 1234 29
251 493 42
180 437 8
107 661 29
437 1129 1
133 775 45
59 537 21
406 932 16
1230 1319 40
129 471 52
60 728 42
167 445 17
107 430 29
257 867 67
231 369 17
437 1090 17
247 800 19
289 694 62
555 1118 3
1115 1541 7
608 938 0
938 1184 0
854 1419 8
1448 1564 8
457 1386 17
271 1526 38
150 892 23
92 1468 17
62 1141 8
795 850 34
1054 1192 34
46 809 8
202 1128 1
19 1172 35
324 1304 12
1211 1464 1
9 1433 13
627 1341 9
548 574 17
180 849 1
1175 1496 21
1115 1440 17
444 904 10
672 902 31
359 925 24
206 1296 17
299 1281 23
476 684 8
131 693 17
698 906 19
438 767 10
634 922 8
4 879 23
553 742 10
13 1198 0
1128 1326 1
600 632 23
26 408 42
133 1552 1
373 927 21
36 390 11
1399 1420 14
208 275 10
220 635 21
70 1325 5
1376 1409 5
62 137 23
45 787 24
226 742 21
806 869 17
904 1100 34
636 771 23
476 1247 8
1249 1271 17
896 1120 14
172 630 17
1341 1489 1
1333 1491 14
242 839 10
341 1483 32
571 1031 6
219 408 48
920 1269 40
849 1473 1
12 98 0
120 428 10
142 479 31
287 850 17
1017 1452 8
791 1050 32
813 1133 35
275 295 10
198 236 62
500 1462 1
324 930 0
120 1458 8
407 701 37
678 1540 8
732 1169 8
470 1095 17
138 1008 39
91 1547 31
80 647 11
198 1039 5
97 248 1
588 1133 1
654 765 0
914 1238 1
559 834 10
672 1128 1
520 1050 34
172 1153 17
222 1409 1
85 225 0
310 602 8
239 1362 13
436 1463 1
13 726 13
251 522 42
669 1023 11
450 1045 23
113 809 34
840 970 40
408 574 17
352 585 23
763 1444 8
1211 1419 23
96 891 1
93 414 10
942 1131 1
844 876 18
1217 1459 14
184 497 8
1141 1474 14
437 548 17
1093 1136 23
17 589 23
9 239 13
216 334 5
566 1281 23
631 989 10
93 647 17
281 693 8
1221 1473 23
305 743 40
769 1481 28
1273 1483 8
727 1290 14
600 845 23
62 337 8
46 1529 11
208 769 28
161 381 10
407 742 10
794 1408 42
297 433 17
133 1515 34
340 400 10
70 902 23
925 1211 23
249 1420 17
69 922 8
84 649 23
738 747 41
228 1488 61
693 1529 17
288 904 34
579 1512 2
559 850 50
1279 1515 34
1150 1496 21
225 1141 14
764 1080 35
299 1494 23
516 1042 17
626 676 10
46 234 34
634 1407 17
653 1220 24
499 865 23
396 769 8
124 172 10
564 894 10
149 849 1
61 1502 31
854 1017 8
850 1465 23
467 1009 23
511 572 17
484 1161 23
601 956 82
167 407 10
209 730 10
424 1564 8
1232 1283 23
744 1271 17
760 1347 51
242 681 10
1063 1425 8
314 767 19
249 766 17
508 850 8
96 508 1
753 914 34
437 1273 8
85 478 26
50 433 17
428 899 8
576 709 23
730 1512 2
1416 1466 14
168 458 12
925 1232 1
730 1153 50
1295 1432 17
567 845 23
46 1420 11
253 1244 11
855 1103 14
678 870 1
452 971 2
922 1221 1
765 1067 0
1232 1425 1
295 314 17
433 614 10
390 805 10
9 971 13
630 1350 42
783 994 2
424 769 8
470 659 23
60 1142 42
167 669 17
499 961 42
121 1007 12
178 697 17
684 843 8
337 1317 42
340 1300 19
278 809 7
1186 1417 8
968 1007 8
1206 1376 38
182 672 10
160 494 2
464 564 10
335 676 67
585 709 23
54 883 17
1137 1365 34
608 977 53
693 1534 1
1077 1552 1
602 1220 32
568 1512 2
333 701 73
842 1473 8
96 225 1
913 1401 1
224 631 10
271 322 25
235 976 19
278 281 26
812 1093 23
834 867 10
1376 1419 5
62 794 8
56 266 29
701 1003 37
84 747 23
493 602 23
902 1377 5
107 1010 52
1048 1282 14
564 867 10
118 959 85
253 636 23
376 843 8
1432 1476 17
697 1547 17
291 1303 12
22 1483 8
1452 1563 14
281 359 41
99 242 17
433 681 10
9 993 13
247 499 19
563 1244 34
533 1474 34
500 1458 8
727 1265 8
711 954 4
170 938 13
180 863 87
4 781 23
1042 1115 17
479 520 20
143 1007 8
295 499 17
578 602 14
602 850 23
867 1148 10
230 901 10
493 1317 42
771 854 17
1007 1554 34
172 834 42
137 444 21
108 1474 22
74 209 34
1353 1541 7
287 1148 17
17 444 21
208 973 10
647 767 19
1203 1499 8
311 1232 23
628 1064 17
172 1319 40
408 1511 19
879 1228 8
12 668 0
769 1125 8
317 1146 11
142 574 17
1268 1269 8
317 1090 17
242 572 17
233 317 17
230 311 10
921 1120 8
1208 1250 35
142 634 17
437 1213 5
732 971 2
659 902 23
571 1445 69
740 907 23
209 849 1
490 1118 67
247 559 20
9 668 0
280 1409 30
511 1386 19
806 889 17
849 932 1
188 1247 24
447 932 0
604 659 21
1022 1433 2
855 1227 8
80 565 34
827 1512 2
61 891 70
1279 1326 14
273 1464 1
1133 1198 23
311 1452 23
401 727 1
161 1244 11
90 896 29
701 1473 5
555 899 33
242 381 10
519 1045 23
401 555 1
675 1222 2
342 740 62
407 516 1
118 1292 34
92 1440 17
253 1316 0
271 1530 38
178 775 17
834 1271 24
523 589 30
449 1007 8
131 185 17
280 675 30
120 208 87
668 891 8
198 846 10
609 1341 8
34 1018 55
233 779 62
334 896 18
1271 1400 24
337 841 23
82 690 38
507 1128 1
675 1127 16
493 530 19
18 1317 7
133 1232 23
979 1317 7
259 743 40
407 545 10
808 1203 8
833 1390 38
553 839 10
742 1175 21
476 1234 8
198 555 17
80 566 23
1049 1228 37
450 1017 8
276 1115 17
60 973 42
172 502 23
96 182 10
390 802 10
433 766 17
892 1115 17
678 1049 10
13 225 0
429 1035 1
457 602 3
1016 1419 32
441 1417 8
674 1239 29
9 814 0
1061 1300 19
93 477 10
133 373 21
578 1258 14
314 1323 46
1271 1521 24
118 1536 1
253 1093 23
1064 1115 17
588 1058 10
376 479 8
1136 1271 24
1103 1473 8
242 925 1
167 1023 17
649 1048 23
543 1271 24
190 959 7
477 609 8
185 465 10
925 1078 23
70 771 23
229 1245 1
365 626 10
248 440 17
842 1427 23
149 1463 1
709 1203 14
1146 1552 1
1128 1283 21
511 595 17
1451 1461 14
575 615 38
495 942 1
284 821 8
419 1552 25
132 1035 0
182 1198 23
100 1071 32
9 604 0
198 728 62
447 971 13
297 464 10
830 1466 8
272 899 17
405 765 0
1142 1408 42
464 1271 24
120 476 8
208 428 8
1126 1458 8
287 1128 1
188 305 24
342 981 4
45 1273 14
462 1001 72
172 1044 33
683 1526 38
615 1515 2
1131 1273 8
281 1500 38
289 649 23
248 464 10
437 588 17
653 1540 22
317 476 8
299 869 21
594 1425 26
863 1331 51
15 292 24
161 1459 1
899 1476 17
452 1476 10
120 1552 1
233 854 17
690 1512 2
1211 1449 8
374 849 1
999 1269 8
998 1095 1
921 1244 8
99 634 17
268 798 35
1300 1552 1
249 595 17
467 1206 39
709 1331 51
854 1288 1
796 1245 8
299 1511 20
46 120 8
475 785 24
3 765 2
198 1483 39
338 1009 29
295 846 10
242 1554 1
374 1447 17
755 959 7
165 635 52
81 1007 8
545 944 10
161 648 10
542 1253 12
220 872 21
850 1452 23
352 1232 23
287 289 17
137 310 8
614 1049 43
209 1062 10
877 1432 17
99 441 1
424 879 8
275 1090 10
208 311 10
188 854 32
449 781 8
841 1211 23
678 848 17
781 852 23
9 736 13
469 1458 14
973 1211 23
1247 1458 8
891 1049 70
1277 1554 8
594 767 26
1035 1131 8
317 646 17
962 1496 21
137 1135 23
855 927 23
545 1148 10
944 1316 0
467 1103 14
1057 1540 1
149 475 24
629 1101 38
107 1294 29
512 923 54
96 805 10
226 580 0
1172 1477 38
500 944 15
213 1444 8
693 849 1
251 876 42
45 629 29
150 519 23
384 660 2
983 1334 38
287 1296 8
1046 1552 1
84 914 23
120 844 10
646 845 23
960 1067 70
131 428 8
239 289 0
237 548 1
405 1512 2
1211 1491 14
325 777 54
299 1323 46
564 1540 8
365 678 10
568 1515 44
226 973 58
281 844 18
337 1439 19
137 502 23
198 478 26
276 906 19
17 604 23
1473 1540 14
543 1232 1
843 879 8
295 767 17
280 309 30
90 1401 1
184 1409 1
137 925 23
305 896 32
497 750 0
931 1521 32
109 468 12
619 771 10
72 447 13
54 1095 17
659 938 0
891 1047 66
830 1457 8
96 1025 7
744 787 32
563 660 30
464 497 13
778 1084 24
711 953 4
476 500 35
242 559 10
294 1129 8
61 441 87
1 363 34
490 933 2
578 886 23
781 1333 23
17 543 50
99 440 17
773 1172 38
309 563 30
444 1113 21
82 675 69
925 1401 1
340 648 10
567 1067 23
253 1135 23
475 1458 24
686 1407 17
206 574 17
690 822 7
408 1481 5
896 1296 8
429 1534 1
289 578 33
70 253 14
189 220 21
1037 1074 12
222 697 10
172 1480 8
801 834 10
90 1101 14
216 902 5
1007 1268 34
396 1185 23
767 1043 10
468 927 53
334 519 23
1536 1556 1
455 923 54
104 1433 2
922 1084 24
26 1483 32
216 676 37
213 294 8
182 709 23
334 927 23
580 942 0
249 1407 17
390 1386 17
289 1090 19
1317 1325 30
272 867 10
311 1244 11
62 1465 8
1009 1171 38
137 812 23
342 701 73
801 1203 8
647 1350 42
324 845 5
1027 1192 34
1419 1554 8
368 1283 21
50 892 17
441 734 8
322 566 70
879 1269 24
855 1350 5
555 1273 8
676 1481 28
1135 1468 17
182 1452 23
96 1553 1
767 1333 23
1347 1386 7
1133 1419 8
582 805 10
563 773 30
157 1017 8
149 278 26
216 366 62
766 907 10
390 1481 66
841 1473 23
222 840 2
295 464 10
167 632 17
299 428 23
72 767 10
892 999 23
130 663 30
679 1474 34
429 1071 1
464 630 10
216 646 5
600 1473 23
668 1048 8
239 339 13
188 695 24
1135 1448 8
471 785 29
75 247 19
672 1408 42
782 1246 10
1133 1141 8
971 1447 17
1090 1238 1
220 1388 21
99 1223 17
627 1045 17
396 596 8
502 961 12
168 291 12
596 767 8
152 225 1
875 1271 24
217 1253 12
767 1153 17
125 582 45
294 363 34
334 1253 42
365 604 70
383 1064 17
125 208 70
549 971 12
231 470 17
295 1049 10
636 927 23
209 907 10
253 602 23
647 889 17
668 1483 8
609 1009 8
57 766 17
753 794 34
118 734 8
1048 1283 23
259 879 8
872 1547 10
311 1064 23
407 490 10
405 436 36
1093 1185 23
84 198 23
581 906 21
808 1185 0
57 862 17
132 225 0
137 396 23
585 747 23
942 1220 24
212 479 11
54 340 17
600 609 8
142 1408 42
1265 1540 14
110 419 36
476 869 8
9 1214 0
876 1351 51
383 555 17
1305 1335 12
234 842 34
170 900 0
93 834 45
375 600 5
701 1078 5
437 649 23
765 1035 0
339 452 27
228 847 61
93 1058 10
50 1058 10
1046 1462 8
495 730 4
291 671 12
72 1476 10
143 766 17
62 1135 8
511 1432 17
108 1271 1
767 1253 42
753 795 34
120 1131 8
68 801 4
800 1295 17
600 1135 23
131 973 19
376 740 23
787 844 32
849 1540 22
736 767 10
1232 1491 22
365 1502 31
907 1017 8
989 1432 17
233 1432 17
103 479 17
49 1273 8
36 1420 11
157 1464 1
379 843 35
615 1299 27
182 863 10
280 1054 34
855 1152 23
499 628 17
501 572 17
408 680 17
1461 1527 38
116 580 13
678 1407 17
142 766 17
779 1300 62
374 782 34
233 437 17
54 337 17
89 932 2
801 1078 8
72 863 10
654 1062 23
502 608 23
311 744 17
322 1515 2
519 1211 23
801 1277 8
167 366 33
1234 1273 8
84 450 23
47 314 10
973 1061 23
46 635 8
161 288 11
765 1135 0
1268 1451 34
266 764 7
1065 1466 14
48 1062 10
589 944 5
217 844 10
500 1449 8
97 609 8
405 1377 53
405 406 16
133 942 17
890 1499 8
295 1275 17
830 1131 8
1377 1468 5
813 843 35
363 543 34
408 907 23
1129 1247 1
217 794 50
46 294 8
281 468 41
408 1283 23
283 863 10
1427 1439 14
170 1245 14
282 1221 23
183 369 17
531 1294 29
889 1164 21
646 1564 8
175 1499 8
322 801 87
1007 1128 1
589 1420 17
479 960 10
1283 1339 21
475 1419 24
617 988 10
998 1206 39
189 602 3
1206 1277 39
688 1054 34
188 471 24
390 1153 11
22 1171 38
266 341 32
1062 1432 17
595 727 10
889 1536 17
275 537 10
216 585 5
25 938 0
1268 1549 34
378 1045 10
495 1014 4
1213 1363 32
51 1157 51
345 1458 8
469 1203 8
326 1255 52
821 850 34
553 589 10
369 878 28
490 497 13
390 1244 11
22 580 8
488 844 17
96 1529 17
299 902 23
482 1268 34
564 1221 1
821 1190 34
62 396 23
695 1448 1
104 499 23
280 688 34
1057 1471 1
165 311 10
631 753 2
216 1048 37
70 921 23
470 614 10
848 1353 19
273 609 8
863 963 2
266 755 7
212 600 23
82 1465 23
82 808 13
100 148 32
9 80 13
973 1481 5
1046 1322 29
589 1085 17
107 1129 1
185 468 10
635 897 21
96 681 10
124 602 27
180 1400 37
757 771 62
295 470 10
596 973 8
373 659 21
85 778 13
785 896 29
695 1477 63
1465 1564 14
295 1064 17
477 1136 8
432 608 53
287 827 7
942 1416 1
160 794 11
311 1253 42
139 305 32
1128 1549 1
163 511 17
1071 1232 1
325 703 54
121 150 5
737 914 32
209 278 7
1425 1465 14
512 663 30
26 467 32
589 619 5
329 571 18
80 408 23
574 794 17
805 1148 10
152 1126 1
161 1419 23
654 746 19
185 545 10
419 867 2
452 1090 10
847 971 12
429 1417 1
905 1481 8
1141 1462 8
849 1489 1
440 794 17
183 862 17
170 814 0
103 408 48
1401 1547 1
499 1223 17
133 962 21
512 1299 27
1132 1511 62
69 646 16
883 1168 31
209 1554 34
176 914 35
830 977 8
341 875 32
219 720 62
457 567 31
900 1480 8
169 668 29
161 767 3
653 1131 8
484 925 23
944 1317 40
364 1552 1
363 1098 34
352 902 23
348 833 18
659 1458 8
564 907 10
1211 1452 23
235 887 17
437 604 23
833 1187 38
925 1216 8
149 225 1
444 676 16
59 1113 21
61 220 21
863 1228 37
161 843 8
75 333 62
133 771 17
1362 1506 13
511 779 62
311 414 10
133 654 23
148 348 32
337 632 11
809 1360 34
48 478 26
407 1090 10
46 508 8
198 970 44
617 1295 10
206 452 10
287 457 17
395 1480 1
46 1540 14
224 1064 17
559 846 10
458 674 12
122 516 9
1401 1483 1
511 1547 17
365 834 8
68 889 4
512 1253 12
679 1350 40
99 1547 1
366 757 62
75 1439 19
533 1244 34
96 383 17
385 954 4
259 1135 14
266 709 32
338 364 3
921 1067 23
216 1408 73
209 1480 34
222 408 10
338 1046 29
185 499 8
169 785 29
922 1228 8
998 1135 8
338 875 8
13 420 13
217 615 27
441 1483 8
237 998 0
646 1438 23
57 339 10
405 1035 36
209 680 10
161 436 9
850 1362 13
12 220 0
810 812 8
502 1222 0
242 634 17
60 852 23
189 1010 2
555 582 17
470 672 17
1232 1325 5
462 880 72
709 973 23
172 1540 8
693 734 8
600 1281 23
1111 1462 8
932 1058 2
337 1409 7
289 1064 23
1282 1452 14
133 437 11
397 661 29
1271 1457 24
548 744 17
208 1496 70
69 1273 8
614 932 53
620 1016 32
272 484 17
1049 1062 10
888 1103 14
494 989 10
92 767 17
79 1459 1
278 568 26
537 656 66
709 1449 8
48 257 67
457 470 17
663 1153 34
1050 1417 34
845 1269 40
152 1261 1
414 675 2
70 450 23
92 686 17
869 1085 17
1261 1300 17
660 1054 34
901 1090 17
921 1333 8
441 1480 8
449 845 5
161 484 23
324 849 10
15 525 24
266 672 8
711 1305 12
143 334 8
845 1492 5
224 783 10
452 615 27
216 636 62
1071 1216 8
1216 1234 8
502 1305 12
22 961 12
467 1220 32
104 106 17
589 1473 23
838 1286 52
765 1515 13
1465 1556 14
732 1481 28
369 794 17
497 814 0
25 913 8
479 508 1
295 1399 10
559 630 10
324 1153 50
1505 1512 2
334 1283 23
1078 1169 8
208 964 10
25 1131 8
1045 1153 17
468 1304 12
74 964 8
198 650 39
124 168 2
172 467 23
497 1163 13
104 589 23
589 708 17
796 1131 8
457 1095 1
429 1103 1
299 747 23
867 1350 40
1128 1459 1
405 1515 30
849 1403 1
653 914 34
800 1300 19
311 649 23
600 999 23
242 1465 1
233 510 19
189 576 8
281 690 38
282 1118 3
1004 1317 7
1171 1299 38
455 1007 12
253 833 23
740 779 62
396 734 23
178 1153 17
600 1343 10
345 896 29
121 614 12
50 494 10
36 60 11
703 872 2
365 1062 10
849 1062 10
812 1135 8
167 630 17
938 1214 0
104 1273 8
228 1118 12
172 1090 17
679 867 2
276 925 23
359 615 24
659 855 23
229 1471 1
833 1473 23
576 727 8
389 1347 51
408 931 42
59 1316 13
1061 1481 23
808 1394 13
322 340 10
60 253 42
125 570 8
253 938 0
667 1452 14
340 869 17
167 516 17
780 1286 52
907 1148 10
675 802 2
334 1300 8
440 475 24
161 1299 30
408 1048 23
4 709 23
248 1419 8
90 376 8
56 1536 1
470 502 23
103 488 19
736 1129 8
434 495 4
93 744 17
614 1067 53
922 1448 8
185 883 17
220 1044 21
1100 1381 34
574 1300 17
398 1222 0
70 1466 14
602 1341 3
100 1449 32
108 646 1
530 646 33
499 1283 23
340 428 17
479 511 17
458 1304 12
376 1427 23
184 580 8
589 704 26
12 900 0
617 767 10
295 428 17
368 1157 51
660 1220 24
767 841 23
468 949 64
239 428 13
56 1129 1
589 1009 23
185 1058 10
571 1515 49
872 1171 38
96 680 17
564 883 17
464 672 10
561 1439 19
9 523 13
844 964 11
437 870 1
338 1178 29
600 1048 23
600 1198 23
476 1133 8
389 744 17
758 1221 1
96 1151 1
1111 1288 1
231 314 17
167 771 17
921 1451 14
172 1440 17
184 242 1
476 1564 14
20 1554 34
325 1209 29
172 991 33
602 884 3
230 1265 3
458 813 15
239 944 0
295 989 17
157 229 1
678 1476 17
180 311 10
449 960 37
736 1317 40
424 1128 1
690 947 7
92 554 17
493 582 17
15 660 34
12 405 0
220 1113 21
501 1148 19
983 1088 38
863 882 10
493 1564 8
325 649 23
457 944 10
54 276 17
77 425 41
1275 1529 17
771 1386 19
582 850 17
1129 1151 1
767 1077 23
340 1223 17
80 150 23
701 1452 5
1090 1489 1
1213 1457 32
609 675 8
490 1179 40
695 1340 40
339 1250 35
185 1440 17
1211 1261 8
457 1048 14
914 1536 1
9 408 0
235 452 10
99 1103 1
988 1045 17
317 572 17
447 998 0
769 830 8
1146 1374 34
369 516 17
1277 1464 1
672 1023 17
160 962 21
338 1084 24
737 854 32
106 340 17
59 408 58
588 595 17
732 1288 1
571 896 18
137 589 23
635 844 21
70 756 23
736 1118 67
373 1253 42
96 1178 1
9 841 13
359 1213 32
1045 1427 23
167 484 17
4 892 23
1048 1061 23
374 1444 8
369 1407 17
198 1438 23
60 710 11
601 954 82
1128 1416 1
676 1213 28
1128 1234 1
46 208 8
295 1251 10
46 886 8
178 224 17
1009 1085 45
690 798 7
870 1227 22
407 602 8
450 852 14
208 906 10
457 1148 17
1136 1220 32
189 1338 21
338 1425 14
408 636 23
152 437 17
16 133 34
1016 1458 8
9 1443 0
719 1374 34
812 1271 24
742 982 10
289 627 17
434 933 53
906 964 11
964 1275 17
222 283 10
683 1443 2
172 608 23
294 452 2
609 1444 8
500 1100 35
740 1494 23
708 744 17
1118 1332 83
849 1129 1
632 1462 8
1 1025 34
1232 1549 1
931 1481 32
206 337 17
906 983 71
338 1008 39
217 1376 40
1152 1325 5
376 635 8
681 998 67
93 484 17
248 796 8
161 1496 21
272 1223 17
137 1427 23
649 886 23
289 690 14
428 1452 23
338 1103 14
311 1044 19
833 1031 6
516 1085 17
324 954 4
564 1536 1
727 1481 10
747 906 23
795 1365 34
50 470 17
373 1496 21
906 1128 8
107 278 26
630 889 17
398 794 21
615 646 10
365 849 1
311 1280 19
54 744 17
973 1326 8
449 1511 62
90 1296 8
604 1534 23
118 879 8
188 942 24
782 1293 10
259 707 29
499 960 10
216 450 5
116 1271 24
428 1227 8
397 1084 24
85 668 0
796 1071 8
103 530 19
619 844 10
1325 1333 5
77 742 21
1409 1492 5
218 506 57
257 1004 79
245 902 21
190 733 72
85 263 0
572 1265 3
608 1213 23
533 1027 34
186 1010 10
765 933 0
493 872 10
906 1468 17
450 892 23
437 1317 42
457 1534 1
376 1161 23
222 1186 37
122 800 17
26 1213 32
294 988 8
1060 1269 8
460 688 34
1129 1273 8
59 132 13
579 808 2
248 401 1
659 1211 23
292 1084 24
796 1211 8
13 1146 13
747 781 23
507 1271 24
47 1481 10
96 636 1
1045 1448 17
369 1293 10
133 806 45
511 889 17
484 1377 5
337 808 13
93 408 17
561 863 20
635 961 42
428 889 8
953 1147 4
424 508 1
1265 1423 3
224 537 17
59 89 2
17 376 23
298 1213 32
127 872 25
22 1463 1
572 1233 71
51 226 21
1095 1111 1
280 821 34
340 1185 23
180 1046 8
322 769 28
497 854 13
1159 1481 21
988 1552 1
198 961 42
424 1363 29
869 942 17
680 892 17
543 872 2
429 1060 1
512 1137 34
12 390 13
212 841 23
295 800 17
46 436 8
328 1499 8
325 745 32
479 887 17
180 878 87
275 782 10
400 555 10
419 1447 69
567 747 23
1 118 34
80 1042 17
133 565 34
9 334 13
842 1448 8
295 494 10
206 800 17
482 904 34
601 955 82
180 634 8
576 626 8
702 1534 1
180 1213 28
1325 1427 5
172 990 33
615 1369 2
280 1279 34
79 167 10
659 742 21
216 771 62
242 1556 1
1095 1244 45
45 1462 14
208 1420 37
133 1238 8
281 309 49
604 794 21
632 1438 23
1050 1513 32
141 1085 1
338 1465 14
176 502 15
636 654 23
208 925 28
930 1090 0
852 1016 32
60 576 23
314 1064 23
467 886 23
22 325 54
161 365 10
376 383 8
876 1492 5
850 1141 8
340 1133 23
914 1273 8
1547 1552 1
359 406 24
872 1300 10
142 1468 17
769 1250 35
1086 1232 1
1449 1464 1
182 1296 8
1007 1060 47
709 1152 23
1005 1351 51
47 1246 10
519 879 23
554 1095 17
872 1061 10
428 1064 8
230 1534 1
476 1227 8
1415 1474 34
310 470 8
773 1253 12
508 635 21
400 1420 37
892 1077 23
124 971 2
198 1425 8
620 875 32
375 585 5
157 1084 24
12 1035 0
727 964 10
51 500 35
668 901 29
744 785 29
395 450 1
639 1296 8
775 1294 40
849 863 1
727 1288 1
944 1244 50
565 1317 40
68 960 31
242 988 17
830 1317 42
930 1511 20
708 1407 17
430 562 7
744 1045 17
647 746 19
693 1153 17
767 1433 2
369 627 10
234 653 34
198 1296 39
447 1447 13
1061 1185 23
242 636 1
139 198 39
1203 1279 14
1265 1549 8
22 425 54
659 865 23
493 999 19
131 892 19
619 808 0
499 1432 17
452 497 8
896 1464 1
608 1133 23
548 1090 1
165 172 10
208 753 2
206 283 17
163 988 17
619 834 10
299 1293 10
771 1432 17
1275 1473 8
106 670 40
672 899 17
964 1249 17
444 1067 21
511 1448 17
750 938 2
208 801 87
69 1288 1
108 680 17
581 993 21
475 812 24
148 737 32
161 322 10
659 1009 23
213 1063 8
20 126 34
668 810 8
182 927 23
796 1268 8
1007 1457 1
1146 1499 8
635 1286 52
60 626 17
1447 1497 38
511 1529 17
660 821 34
38 359 7
497 653 0
437 701 5
1007 1259 34
292 424 40
1168 1275 31
4 1009 23
337 339 10
398 872 2
572 734 8
470 567 23
62 176 8
438 600 10
276 444 21
213 1016 8
61 863 10
160 942 1
709 1449 8
291 512 12
161 294 8
870 1491 22
359 1299 6
103 142 17
60 216 42
107 1050 39
231 1085 17
99 225 1
927 1067 21
283 1536 17
208 1049 10
54 1042 17
400 440 10
494 600 10
476 690 8
79 589 5
247 555 33
455 568 53
282 1400 37
395 1169 1
26 788 29
1206 1526 38
1461 1500 38
470 1261 17
469 670 40
276 841 23
442 883 17
82 1530 38
1071 1464 1
180 407 8
449 709 5
216 728 73
325 1213 32
428 554 8
902 1534 23
783 1547 10
1148 1280 19
628 844 17
830 1432 17
85 944 0
329 1213 32
419 730 53
845 1494 23
1120 1319 14
886 1283 23
123 291 12
345 1271 24
545 998 67
225 849 1
833 1452 23
1061 1141 8
172 180 8
170 938 13
118 460 34
108 971 44
795 1522 34
600 767 23
4 1048 23
60 1062 10
314 441 10
376 646 8
381 1061 10
744 862 17
0 679 34
794 962 21
841 1515 49
237 922 0
1039 1427 5
216 1007 8
198 1178 39
1035 1131 8
1409 1417 1
519 636 23
830 1553 8
849 1417 1
855 1221 23
160 1444 8
295 892 17
450 636 8
242 477 10
322 1058 87
1452 1496 23
348 467 32
548 602 1
891 1296 8
142 1223 17
1100 1259 34
228 777 61
631 771 10
1271 1432 17
368 596 8
276 967 21
1198 1452 23
733 1171 35
477 572 10
867 1269 24
676 1228 37
1045 1440 17
1283 1409 23
447 1035 0
208 280 2
396 1129 29
314 746 19
886 1129 1
25 855 37
209 1515 34
707 1046 29
469 1401 1
233 272 17
237 502 0
407 870 1
280 663 34
730 766 10
253 567 23
1008 1133 39
660 1554 34
283 883 17
345 570 29
646 1377 5
433 708 17
1133 1444 8
434 1058 10
289 510 19
931 1483 32
488 1397 19
769 1400 37
208 1515 2
376 1350 5
907 1500 2
78 1552 1
588 1269 1
75 235 19
1203 1471 8
100 531 32
178 1061 17
7 170 2
9 1528 13
676 1443 2
585 1211 23
1118 1474 34
654 1010 10
161 1476 17
25 170 0
449 744 5
694 1300 62
933 1016 32
493 697 19
185 561 17
120 753 2
734 1080 35
510 1420 17
1399 1409 22
601 1481 28
1275 1462 8
783 1164 16
465 1293 10
338 1220 32
585 632 23
352 740 23
272 869 17
96 744 17
548 1326 1
124 478 26
769 1065 47
294 842 34
470 1136 23
74 374 34
289 519 23
337 499 19
1452 1529 23
400 631 43
921 1090 8
567 1045 23
68 299 31
630 1205 51
26 1253 42
906 1288 1
942 1341 1
1067 1420 14
172 1288 1
865 1238 8
359 1004 41
278 753 7
1281 1439 14
89 206 10
608 701 5
1259 1522 34
576 821 1
964 1043 10
220 906 21
747 1369 49
220 878 21
833 1213 5
1115 1468 17
1080 1417 35
56 1480 8
253 876 23
904 964 10
533 1554 34
508 1129 1
359 602 12
249 646 17
647 1146 11
674 747 18
80 845 23
959 1005 7
1534 1556 1
118 1406 85
283 1448 17
352 1061 23
1275 1440 17
808 846 13
378 1179 40
338 734 14
814 938 2
548 1472 1
1067 1077 23
378 680 10
758 843 8
143 843 8
11 61 0
74 533 34
499 855 23
167 648 10
228 961 12
345 787 24
61 1186 37
1473 1529 23
340 659 21
291 1037 12
440 1095 17
571 1408 42
322 1228 37
133 1135 23
1169 1417 8
108 862 17
68 614 4
672 1462 8
484 960 10
368 1481 11
588 1045 17
844 1111 10
226 1481 21
1222 1258 14
675 1463 1
276 1540 8
1017 1351 51
801 1473 8
499 1275 17
484 879 23
600 802 10
398 1362 0
433 1511 33
22 1048 8
484 849 17
484 802 10
96 516 17
695 704 26
278 314 26
830 1035 8
234 482 34
1279 1415 34
62 854 8
634 1062 17
441 830 8
469 1131 8
1092 1323 46
471 531 29
680 736 10
842 886 23
686 1261 17
568 1433 2
337 709 23
229 1133 1
899 1115 17
253 779 62
582 854 17
1459 1471 1
428 566 23
97 172 1
1271 1513 24
365 963 2
26 875 32
0 39 34
1297 1322 29
589 681 10
57 1420 17
82 602 23
812 1003 23
118 663 34
709 1452 23
275 559 10
477 564 10
219 1407 17
198 744 39
493 1419 23
1217 1458 14
289 516 17
178 457 17
249 627 17
82 462 72
507 907 8
497 499 0
867 1399 10
588 1203 1
906 1137 34
849 914 1
441 782 10
118 428 34
395 1078 1
57 289 17
1408 1447 42
72 1111 10
843 1508 14
202 796 8
322 1293 10
60 862 17
182 848 10
578 1511 33
184 922 8
108 1009 1
283 727 10
508 1125 1
281 310 35
627 877 17
543 923 54
942 1153 17
568 1317 40
283 736 10
1238 1483 1
295 390 21
1259 1499 8
991 1049 38
161 806 17
89 245 2
77 398 21
283 1045 17
13 373 13
167 846 10
6 854 7
572 771 17
479 1054 11
224 1529 17
160 913 40
886 902 23
375 1534 5
104 647 19
48 660 2
92 771 17
653 1489 34
470 1148 17
122 511 17
476 1288 1
508 1341 1
54 313 44
1303 1347 51
766 1128 1
588 883 17
561 746 19
107 1209 29
9 452 13
444 964 66
324 1502 4
604 675 53
109 619 12
585 1438 23
84 1159 21
1415 1540 8
161 944 10
281 959 38
787 1506 24
564 1408 42
469 1444 8
744 1427 5
843 1534 8
730 1293 10
103 342 62
440 564 17
424 441 8
305 602 32
468 1410 14
361 860 4
70 1136 23
266 709 32
208 956 31
626 1168 31
183 440 17
328 1425 14
849 1323 46
1137 1499 14
1234 1521 32
690 755 7
104 1213 5
48 580 13
680 970 10
182 886 23
376 1300 8
90 627 24
867 944 10
185 805 10
634 1529 17
96 118 1
359 719 12
122 1440 17
137 1161 8
805 973 10
1137 1211 14
231 854 17
222 309 2
99 104 17
468 944 65
231 1203 8
182 396 23
188 879 24
484 1407 17
334 1277 8
20 663 34
266 1464 8
580 795 13
22 1093 14
610 796 8
964 1007 8
15 1100 34
104 1408 42
769 970 28
1016 1554 32
960 1547 10
678 839 10
108 727 1
564 879 8
1300 1462 8
1061 1062 23
185 208 10
345 1178 29
501 1280 19
854 1037 12
566 1078 23
1362 1447 13
131 408 19
295 830 17
233 800 19
433 574 17
609 959 8
638 711 55
208 872 10
1178 1228 32
863 1111 10
365 703 2
478 1048 26
1048 1547 23
865 1061 23
222 849 1
99 1457 1
287 775 17
1438 1473 23
108 1007 78
188 376 24
794 834 42
450 1213 5
253 1343 10
78 1100 35
988 1564 8
314 1222 0
568 1146 50
298 571 18
125 503 8
1067 1078 23
80 654 23
889 1085 17
796 914 8
208 1250 38
632 1377 5
1128 1554 1
104 626 17
85 1118 0
109 125 8
390 1249 17
1137 1480 8
596 781 8
57 414 10
656 783 16
124 572 10
93 846 10
324 1511 20
239 827 0
317 1458 8
127 1362 0
374 843 8
209 870 1
122 1448 17
364 1481 32
272 1249 17
769 842 8
405 753 30
81 862 17
654 1317 5
188 406 24
436 843 8
580 993 13
235 339 10
545 901 10
184 401 1
907 1061 23
1061 1409 23
470 781 8
906 1010 10
1007 1016 8
988 1462 8
343 447 2
59 237 13
476 1415 8
767 1480 8
60 800 17
493 1078 23
433 1061 17
99 249 17
74 850 34
600 1534 23
325 375 5
796 1140 8
516 678 17
585 1221 23
578 930 20
341 425 32
468 1283 53
167 501 17
247 930 20
48 681 27
178 1045 17
160 1054 11
75 1024 62
1366 1386 60
519 877 17
493 1035 9
168 671 12
212 253 23
208 294 8
830 1464 8
1009 1062 23
50 272 17
601 726 38
50 572 17
408 1432 17
235 1295 17
478 771 26
98 930 2
870 1093 1
988 1529 17
240 1317 7
609 709 8
628 1440 17
792 836 76
208 230 87
289 488 19
902 1213 5
142 297 17
630 1433 2
902 1039 5
325 674 29
576 1017 8
249 440 17
163 1095 17
216 972 73
395 758 1
452 678 10
781 1062 23
283 1049 10
502 1465 23
185 907 10
428 892 8
231 1017 8
378 390 10
465 766 10
907 1333 23
90 107 29
843 900 8
9 994 13
728 999 62
788 1326 14
430 707 29
564 955 10
449 1152 5
54 899 17
742 1153 11
276 883 17
1153 1234 34
695 1287 40
494 630 10
182 649 23
1046 1466 14
36 1440 17
149 907 1
493 626 17
442 595 17
1048 1419 23
408 1343 10
89 672 10
314 844 17
169 1234 29
3 9 2
396 785 29
661 770 29
1362 1552 0
432 882 70
75 728 62
523 630 30
429 1326 1
635 781 52
142 1054 17
600 631 10
118 1120 85
99 1363 1
589 631 10
182 1221 23
17 133 50
467 1050 32
15 1133 24
1067 1211 23
140 484 17
879 1071 8
333 1044 62
248 830 8
914 1523 34
869 1448 17
457 1269 8
555 1407 17
425 549 54
732 1269 8
675 1347 51
107 419 1
863 932 2
632 845 23
369 1261 17
208 506 67
157 594 26
1473 1481 5
283 867 10
504 930 2
176 1527 35
968 1540 8
553 848 10
568 961 12
730 1303 12
109 395 7
1448 1540 8
455 602 12
317 1468 17
1153 1192 34
1077 1281 23
747 1152 23
938 1222 13
630 711 10
16 1146 34
464 1269 24
198 676 10
1129 1458 8
84 654 23
137 845 23
768 1466 7
272 1090 17
479 1062 10
317 516 17
615 782 10
138 305 32
429 907 1
338 901 29
9 1447 13
697 1468 17
289 709 23
334 572 8
570 707 29
47 672 10
311 678 17
96 184 1
202 1265 3
1120 1491 14
1129 1564 14
1232 1452 1
178 442 17
663 904 34
96 1078 1
865 1152 23
458 854 12
26 901 29
172 574 17
697 1044 19
46 631 50
294 543 30
96 672 1
80 801 8
60 876 23
368 479 11
639 968 29
364 1521 32
555 1048 8
1101 1390 38
564 648 10
9 108 0
614 660 2
90 305 40
253 1448 17
231 869 17
334 890 8
830 961 42
396 1529 23
148 1220 32
368 1515 34
916 1273 8
340 440 17
1211 1337 14
268 1296 8
263 930 2
172 468 10
693 766 17
744 1003 5
1133 1439 14
167 849 17
608 956 4
338 1228 32
507 1269 24
499 510 19
646 867 10
855 865 23
428 1100 20
476 636 8
338 345 29
131 1295 17
576 740 23
133 688 34
892 1494 23
499 630 19
169 531 29
484 647 17
1042 1223 17
1071 1258 14
169 345 29
654 961 42
230 314 10
489 626 17
588 1491 1
767 1468 74
50 944 10
172 288 3
124 217 27
740 1161 23
1221 1468 23
82 1473 23
297 595 17
734 1060 8
834 1142 42
137 963 21
9 964 13
704 841 26
999 1300 19
374 384 2
602 1273 8
601 740 41
182 325 23
168 743 8
653 1534 1
1279 1420 14
324 564 10
208 608 70
457 1141 14
444 1153 21
77 1338 37
182 311 23
375 1048 5
376 1494 23
407 1216 8
288 1084 24
259 424 29
129 165 52
89 600 10
163 249 17
48 499 10
883 1211 8
1125 1466 14
142 384 10
295 766 17
1377 1547 5
500 653 1
628 1408 42
220 288 21
841 973 23
291 1305 12
470 802 10
69 1261 8
359 1481 32
589 709 23
925 1468 17
483 733 72
484 1185 23
167 647 17
1265 1273 8
9 654 0
61 1211 37
299 559 43
208 703 2
62 1540 14
99 271 1
378 765 13
374 520 34
152 933 1
226 1408 42
554 693 17
348 1269 40
479 1350 42
931 1317 42
470 1448 17
17 925 23
124 1515 2
649 1100 35
830 855 8
711 1529 56
565 801 2
48 381 10
770 1447 18
36 1547 17
566 852 23
694 999 62
249 672 17
1101 1464 78
272 1253 42
543 1451 14
925 1271 24
841 990 38
120 675 2
578 879 14
1135 1316 0
161 1157 51
107 338 29
106 872 10
1048 1247 8
484 1350 5
594 726 26
184 345 8
1463 1489 1
359 1209 24
850 1409 23
364 1444 8
103 849 17
543 614 2
520 1547 20
409 1419 8
1238 1556 1
299 769 28
830 1448 8
180 609 8
478 843 26
510 792 76
337 1161 23
56 396 29
449 1419 37
401 576 8
1234 1556 14
1449 1553 8
93 1275 17
46 854 8
69 1277 8
484 1542 89
299 991 38
565 602 12
654 1512 2
788 1273 14
753 872 2
381 441 10
189 1166 21
209 512 34
226 537 21
690 1536 1
22 1273 8
278 730 26
660 773 30
727 1480 8
26 196 29
407 1141 14
249 887 17
398 1433 2
458 468 12
855 1016 8
96 863 1
833 1192 18
470 1269 24
180 870 1
576 1563 8
384 457 10
516 626 1
288 1279 34
578 1232 22
261 876 18
565 794 34
1153 1386 17
771 1319 40
1136 1464 1
424 674 29
338 709 8
107 1552 1
398 878 2
185 1420 17
589 627 17
602 1185 23
563 709 1
654 686 17
180 1035 8
1277 1448 8
133 596 8
582 1261 17
50 317 17
62 1046 8
503 1333 1
1101 1540 14
830 1007 8
407 1380 2
513 549 52
220 783 2
182 1468 17
500 1406 35
626 1333 8
821 1071 1
576 1494 23
499 576 23
1419 1483 8
13 465 13
870 1128 1
235 1205 51
329 1564 8
176 508 8
578 1103 14
62 809 8
13 586 0
133 604 21
131 1045 17
180 182 8
588 1228 1
324 464 10
311 1141 14
216 289 62
1464 1483 8
46 338 8
361 505 4
638 830 8
499 604 23
437 709 23
337 511 19
588 636 1
47 297 10
1009 1269 8
734 1171 35
484 886 23
500 1515 35
46 1035 8
74 317 8
697 846 10
365 1529 10
801 1103 14
142 183 17
808 892 0
964 1468 21
1333 1536 1
782 1279 34
46 1035 8
471 629 29
180 235 10
433 564 17
165 224 10
209 1137 34
396 570 29
845 914 23
988 1128 1
747 1452 23
469 922 8
125 202 9
261 854 32
208 407 87
510 720 62
578 1466 14
668 766 8
467 1093 23
808 1299 6
484 736 10
901 1481 21
165 1293 52
1289 1536 1
830 1443 8
429 1211 1
80 209 34
297 1085 17
294 589 8
378 407 10
654 844 17
968 1234 14
26 685 32
626 1153 17
455 1007 12
847 1253 12
202 1458 8
849 1395 45
365 1496 70
646 1496 23
152 1476 17
690 1362 0
627 993 17
295 783 10
369 1049 28
927 1339 21
843 1466 8
282 1481 5
149 1008 39
1048 1169 8
849 1456 1
918 938 2
235 872 10
345 1118 8
251 437 42
730 1146 50
726 1323 46
889 1261 17
1128 1489 1
537 635 21
457 501 17
390 564 11
180 299 87
1064 1547 23
572 1440 17
470 1161 23
424 931 29
412 938 0
96 867 10
568 1253 12
198 988 17
596 1269 24
1084 1101 24
1169 1265 8
376 810 8
163 1061 17
364 1016 32
280 447 13
1253 1347 51
654 839 10
1049 1186 37
906 1511 19
234 1050 34
419 1265 3
1159 1244 21
272 872 10
862 1044 33
120 870 1
409 1118 3
999 1480 8
56 1238 8
133 1281 23
429 1277 1
742 1251 10
601 1417 35
142 1153 17
988 1408 42
99 892 1
275 697 10
1464 1564 22
690 765 0
103 1061 48
647 1481 11
70 801 8
48 771 10
646 852 23
512 1554 34
167 588 17
220 608 21
299 1064 23
615 843 38
1071 1536 1
266 755 7
501 964 17
559 1492 40
182 1039 5
239 369 13
188 475 24
96 889 17
26 531 29
284 796 8
137 1136 23
499 1261 17
22 646 8
1008 1178 39
744 1221 29
165 433 10
636 850 23
923 1294 29
96 1064 17
157 548 1
9 180 0
654 683 10
449 1213 28
679 1137 34
460 1100 34
1115 1261 17
106 1205 51
133 1157 51
184 921 8
766 883 17
433 848 17
289 407 10
163 1407 17
170 1118 0
59 1481 21
632 1039 5
432 1283 53
374 1100 34
457 727 17
121 679 12
626 1473 8
1129 1448 1
531 1258 14
62 1268 8
157 1540 8
1032 1529 6
707 1050 39
470 902 23
766 867 10
69 1058 10
400 479 10
170 653 0
281 964 8
198 854 39
821 1275 1
646 1473 23
628 1146 11
130 660 30
217 1299 27
942 1178 1
231 457 17
120 796 8
161 1090 19
441 646 8
876 1362 13
15 198 39
93 775 17
325 364 29
1333 1489 1
400 801 87
654 1133 23
47 1300 10
161 1133 23
847 1118 12
732 1399 10
794 1515 34
484 519 23
636 1077 23
337 1227 8
1221 1350 5
235 589 19
229 1489 1
563 1046 1
118 1369 34
198 694 62
600 654 23
325 1093 23
220 927 21
133 1039 5
390 471 29
781 1211 23
588 1452 1
12 1341 0
69 1118 3
428 561 17
138 329 32
659 892 23
289 1295 17
92 378 67
746 1148 19
632 1317 5
589 732 10
680 800 17
414 1476 10
337 1090 19
60 1419 8
68 720 4
1103 1556 14
82 763 8
497 1090 0
253 1010 10
241 385 7
80 469 11
149 1007 1
683 872 10
325 345 29
646 830 8
468 1377 40
314 636 23
660 872 2
17 608 23
84 150 23
408 842 23
1120 1439 14
702 1221 1
795 1259 34
531 1290 14
89 892 10
62 1325 5
401 1473 1
892 1039 5
1480 1556 8
942 1103 1
1050 1222 0
796 890 8
16 1522 34
476 1275 8
548 775 17
329 956 4
571 620 18
46 1423 8
771 1275 17
90 576 8
437 914 23
127 765 0
863 956 31
314 648 10
248 378 10
107 770 29
276 288 11
821 892 1
794 1157 51
324 1054 50
559 594 26
800 1221 8
299 543 2
944 1148 10
133 325 23
601 765 35
69 310 8
566 1175 21
196 266 29
1008 1065 39
627 654 17
109 241 7
85 278 26
366 991 46
80 249 17
9 971 13
672 1090 17
62 90 8
1203 1552 1
572 1547 17
585 602 23
549 847 12
389 441 1
681 795 27
346 359 24
189 494 2
7 580 2
794 1496 21
925 1077 23
914 1171 35
1048 1213 5
1234 1464 1
20 533 34
253 630 19
1061 1296 17
9 263 0
108 1003 1
287 311 17
454 925 28
690 833 38
148 875 32
747 1213 5
396 990 38
1017 1489 8
447 1288 0
98 170 2
827 1433 2
727 889 17
239 579 0
345 1136 8
206 479 17
230 872 87
414 1090 10
56 596 8
170 998 0
512 809 34
766 1489 1
400 955 31
54 548 17
131 854 17
617 1387 7
235 892 19
531 685 32
619 766 10
212 1153 11
251 340 42
385 1526 38
1282 1420 14
631 901 10
368 1350 42
84 1064 23
97 1247 1
133 1317 42
160 710 40
849 1137 22
132 581 0
501 1536 17
450 927 23
231 395 1
852 1494 23
841 1445 69
287 295 17
833 1362 13
646 1463 1
619 938 0
419 954 4
79 208 43
85 502 0
449 1049 37
118 711 85
970 1049 37
216 647 62
235 944 10
276 681 10
742 938 13
217 295 10
1222 1505 0
660 765 13
46 644 11
168 1305 12
189 266 8
849 1049 1
740 1008 39
198 400 10
4 340 23
869 1275 17
501 630 19
359 921 24
13 385 13
198 230 10
442 906 17
812 1494 23
82 660 49
1462 1549 8
61 1213 28
118 1417 34
899 1227 8
142 693 17
283 846 10
198 1024 62
512 1350 40
229 1141 1
709 747 23
437 452 10
408 802 10
469 1054 11
157 1216 8
130 291 61
160 1150 21
324 1397 20
639 707 29
1261 1465 14
245 1481 21
1403 1491 14
1232 1449 1
236 1353 62
321 1128 1
501 892 19
60 747 23
771 1280 19
365 1220 1
283 744 17
1101 1491 14
127 1526 38
914 1480 8
489 954 4
80 161 11
239 1505 0
376 634 8
106 381 10
1084 1136 24
830 849 17
830 1128 8
196 592 32
626 914 8
196 1277 8
462 1102 72
92 1432 17
604 863 70
632 1095 1
314 464 10
160 317 11
16 288 34
152 1137 1
412 788 40
850 869 17
311 932 5
537 581 21
334 1268 8
408 1273 14
224 646 17
184 389 1
96 172 1
52 869 16
185 1448 17
172 848 17
348 1050 32
149 616 40
1222 1522 13
675 690 36
172 488 17
160 368 11
46 1279 34
668 1128 8
18 1513 12
311 659 23
600 1062 10
554 646 17
1169 1464 1
678 1420 17
931 1129 29
217 1090 10
499 736 10
0 795 34
70 310 14
495 711 4
333 510 62
580 1061 0
383 1489 1
89 676 10
475 1101 24
253 1185 23
134 938 0
340 747 23
92 1271 17
118 796 8
436 508 1
1169 1269 8
196 281 18
781 1008 39
168 1474 34
12 1299 13
45 359 24
520 1232 8
701 709 5
282 325 23
863 964 10
219 1547 17
396 886 23
271 1512 2
559 808 0
70 1534 23
1017 1534 8
703 1299 27
142 464 10
161 1319 40
850 1039 5
424 1458 14
379 580 35
295 595 17
340 983 71
80 1232 23
602 852 14
297 802 10
328 849 1
60 289 17
176 288 35
437 865 23
999 1448 8
476 890 8
12 1061 0
476 1245 8
222 295 10
168 363 34
892 1295 17
1277 1415 8
352 1481 5
732 834 10
654 1300 19
9 767 0
311 927 23
468 978 64
143 1288 1
436 1458 14
563 789 54
363 904 34
821 1363 1
597 1396 38
870 1458 1
429 1415 1
537 899 21
60 445 11
499 925 23
239 805 0
92 437 17
242 1529 17
366 523 20
332 462 72
537 994 21
602 1161 23
1296 1425 8
561 869 17
419 576 8
281 348 18
802 1111 10
627 678 17
295 1148 17
1017 1048 8
849 1048 1
1211 1234 8
428 1213 5
942 1093 1
69 1499 8
843 1227 8
767 892 23
281 1316 13
595 964 17
34 870 1
510 973 19
25 237 0
91 407 10
82 567 23
646 1049 10
543 730 2
619 1376 40
273 1347 51
1090 1249 19
266 999 8
400 830 10
785 1209 29
1296 1471 8
634 883 17
614 863 43
172 1062 23
287 570 17
352 852 23
97 222 1
208 679 2
493 1534 23
152 855 25
777 1317 7
938 1090 0
484 1476 17
1054 1090 11
988 1168 31
777 854 12
794 879 8
902 1221 23
374 1220 24
813 1226 40
1157 1244 51
352 1325 5
97 1232 1
120 449 37
48 289 10
425 512 54
275 470 10
134 229 1
152 672 1
787 1417 32
914 1016 32
283 295 17
636 876 23
1131 1234 8
376 1452 8
259 1261 8
299 1111 10
92 235 17
82 592 18
268 663 35
9 743 13
434 638 84
103 561 19
1067 1213 23
998 1480 8
1190 1234 34
639 923 29
968 1169 8
1180 1271 24
628 1045 17
401 638 1
9 1369 13
142 1049 10
50 902 40
1217 1258 14
79 848 10
709 1062 23
769 1265 8
400 678 10
1009 1135 23
1086 1536 1
152 998 1
769 1221 8
862 964 17
251 834 42
271 1497 38
237 1061 0
54 378 10
120 697 10
576 1060 8
130 789 54
659 1054 21
787 1490 32
230 1211 37
467 830 14
973 1090 19
96 99 17
189 1128 1
660 801 2
922 1247 8
104 1054 11
419 681 2
497 608 0
998 1277 8
322 1511 20
324 989 10
867 1179 40
60 1444 8
548 582 17
889 953 4
702 1489 1
9 464 13
833 1527 38
185 470 17
56 338 29
229 1459 1
266 1549 8
218 1050 32
698 1319 40
794 1300 17
441 1458 8
74 512 34
555 1141 8
455 773 12
576 769 8
942 1420 17
843 1187 38
548 702 1
118 880 34
787 1458 24
842 1141 8
408 883 17
150 1228 37
127 778 88
122 314 17
363 679 34
352 709 23
1131 1277 8
867 1084 24
72 295 10
131 578 33
328 1463 1
450 1552 1
709 902 23
18 660 12
322 925 28
537 800 17
50 414 10
17 309 50
1010 1295 10
245 927 21
261 266 32
82 1525 38
198 841 23
686 1476 17
396 659 23
209 1153 34
322 1186 37
22 1304 12
84 842 23
833 1171 38
579 930 2
131 1085 17
4 1078 23
450 743 8
1222 1489 1
75 501 19
276 588 1
82 493 23
886 1463 1
574 1064 17
311 867 10
206 1407 17
365 830 10
1461 1556 14
747 1362 13
614 753 2
849 1093 1
630 1045 74
499 1480 8
278 653 26
457 636 8
1192 1213 32
855 1281 23
196 707 29
408 925 23
100 1234 32
430 1294 29
659 938 0
272 627 17
810 1273 8
108 131 17
82 212 23
419 1017 8
184 1456 8
96 1227 1
559 938 0
133 602 23
452 1481 10
998 1074 12
796 1090 8
576 1545 8
489 635 52
0 368 34
16 512 34
170 1522 13
610 769 8
352 1198 23
85 313 44
185 1250 20
176 843 35
261 329 32
506 896 57
1095 1137 1
376 1062 23
801 1502 4
317 1536 17
1320 1403 14
609 634 8
160 564 11
80 808 13
96 1275 1
79 974 7
75 216 62
297 516 17
659 711 53
1039 1468 5
62 457 8
324 809 85
189 942 1
126 1244 34
69 801 10
152 337 1
955 1014 4
77 794 21
740 921 23
133 902 23
338 1444 8
554 567 31
396 1362 13
278 1343 7
1 280 34
872 904 10
401 1458 1
661 1297 29
476 675 8
122 499 17
328 1084 24
212 567 23
283 647 17
280 619 2
1228 1462 8
34 37 55
493 1062 17
869 1444 8
419 783 2
401 636 1
1090 1221 1
361 636 4
149 639 1
879 922 8
896 1209 29
1046 1128 1
375 1211 5
668 1063 8
963 1433 2
626 1095 17
168 914 34
609 1216 8
805 1316 0
867 1295 10
568 1376 40
582 1468 17
295 484 17
559 878 43
133 830 11
400 1228 37
359 755 41
196 896 29
844 1399 10
230 322 87
580 1022 0
109 384 12
508 1017 8
704 719 26
563 1078 1
414 627 10
960 1213 28
636 841 23
12 202 0
247 488 19
325 737 39
352 734 23
1131 1563 14
289 1534 23
619 1338 43
495 863 31
876 1500 38
767 872 10
93 617 10
676 1283 70
849 899 17
68 1014 4
150 1161 23
499 930 0
1135 1137 8
338 639 29
709 1169 8
150 709 23
499 771 48
198 632 23
185 1095 1
863 954 31
1077 1080 35
172 887 17
287 484 17
502 902 23
659 933 53
467 1459 14
1003 1039 5
249 283 17
196 1213 32
434 801 10
222 434 10
46 328 8
462 1447 72
668 1227 8
81 564 11
688 703 34
654 1433 2
942 1060 1
429 1246 1
340 879 23
22 1549 8
141 922 8
490 932 2
167 1042 17
852 1290 14
100 1464 22
235 697 19
437 627 17
294 679 30
1086 1420 14
1245 1250 38
389 1261 17
588 1232 1
452 484 10
152 1133 1
334 834 42
430 787 24
1390 1461 38
289 1221 23
711 727 10
92 183 17
183 693 17
266 1491 14
15 565 34
688 1153 34
602 1480 8
1111 1273 8
879 1152 23
442 654 17
732 1474 14
849 921 22
239 1464 1
1135 1141 8
311 1448 17
476 914 8
906 1042 17
476 1067 8
133 1115 17
289 976 19
589 747 23
1234 1444 8
365 1227 8
867 971 2
1136 1444 8
970 991 38
566 709 23
305 844 32
850 855 23
291 294 12
185 297 17
242 582 17
1067 1281 23
468 808 0
9 636 13
54 561 17
469 1364 21
994 1253 42
12 1316 13
627 850 17
46 141 8
544 882 67
401 922 8
476 601 35
266 791 32
381 862 10
93 892 17
90 467 14
13 281 13
1148 1409 7
322 882 10
70 149 1
231 1095 1
896 1462 8
849 1534 1
572 630 17
457 1540 8
89 419 2
108 693 1
680 794 17
1136 1268 34
852 1133 23
186 275 10
62 182 23
90 1322 29
133 1007 34
447 586 0
495 860 4
390 488 17
425 823 41
531 785 29
281 580 13
172 1271 17
222 742 10
189 1540 8
879 1492 5
479 1386 17
376 892 8
441 636 8
444 1481 66
150 767 23
464 738 41
455 827 53
649 1172 35
668 1136 8
288 800 8
555 1401 1
397 1234 29
470 488 17
152 775 17
502 632 23
589 757 62
636 1211 23
82 930 13
72 283 10
6 1093 7
635 838 52
769 1275 8
588 653 1
892 1476 17
17 502 23
103 494 86
408 1222 0
99 1427 1
381 742 10
767 1048 23
352 589 23
363 576 34
845 1376 5
1333 1483 8
794 1222 13
1043 1481 10
730 1397 20
441 553 10
231 1529 17
883 1552 1
914 1245 8
99 1246 1
897 1253 42
833 921 23
1101 1319 14
314 852 23
732 1186 37
849 1423 1
530 960 20
176 334 35
359 1282 24
628 869 17
445 830 11
46 1016 8
740 850 23
545 1300 10
1319 1491 14
376 734 8
773 1281 12
72 654 10
782 1415 34
248 1420 17
600 1547 23
972 1511 62
938 1288 0
450 744 77
77 465 2
22 1232 8
176 447 8
1131 1553 8
60 1386 17
47 938 13
887 906 17
390 629 29
337 467 23
615 795 27
407 988 10
537 1062 10
543 906 34
161 247 19
516 680 17
862 1536 17
511 848 19
1185 1283 23
1 288 34
566 1152 23
22 189 8
130 455 12
368 1146 11
226 1157 51
973 994 58
79 672 10
46 1238 8
163 288 17
75 142 33
563 675 30
54 559 10
1067 1425 14
488 708 17
998 1128 1
149 629 40
849 1275 1
92 672 17
460 1025 34
470 1191 8
775 1443 40
329 1521 32
369 647 17
239 499 0
137 1529 23
769 1227 8
1465 1489 1
359 1253 12
635 1343 52
740 899 62
202 239 0
103 1296 17
124 224 10
314 375 5
438 499 10
196 1228 32
47 48 27
855 1093 23
280 523 27
842 1190 34
230 1449 8
968 1261 14
578 812 23
22 808 8
239 543 13
280 610 40
719 1299 27
1269 1277 8
294 340 8
113 1351 51
497 563 13
445 1420 11
198 239 0
679 1489 34
428 548 8
108 282 1
365 932 2
840 944 55
325 425 32
907 1387 7
1131 1141 8
409 1443 16
324 1476 10
118 979 34
89 186 10
9 80 13
734 1427 23
493 854 17
272 1444 8
160 1131 8
589 808 0
414 1300 10
462 1525 83
253 272 17
137 709 23
79 253 5
160 220 21
276 287 17
383 906 17
563 1448 1
1133 1473 23
879 1035 8
294 876 17
15 85 0
373 479 11
4 70 23
110 879 8
16 1365 34
220 889 21
769 916 8
1320 1452 14
548 1416 1
366 1249 19
26 570 29
1213 1481 32
401 516 1
1060 1101 47
671 777 12
69 942 1
276 447 13
471 530 20
124 287 10
230 767 10
740 1419 23
707 744 29
72 185 10
407 901 10
469 1462 8
493 589 3
390 639 29
933 1222 0
168 1259 34
563 1554 34
182 782 10
242 321 1
38 548 25
288 927 21
833 1221 23
447 747 13
12 1355 51
730 765 0
283 470 17
548 588 17
72 635 21
1 20 34
563 619 2
118 266 8
554 1090 17
1057 1273 1
674 685 32
882 970 37
242 1010 10
103 944 20
345 1128 8
1133 1490 47
152 1471 1
50 1407 17
855 1216 8
879 1223 8
520 904 34
108 1458 1
217 1103 27
580 675 0
827 1303 12
925 1374 34
60 1440 17
1090 1350 42
56 668 29
248 376 8
378 808 13
1433 1443 0
163 185 17
13 711 0
118 190 34
1512 1552 0
537 730 10
276 490 10
152 634 17
217 726 12
236 510 62
566 636 23
9 608 0
289 566 23
1061 1271 17
62 1458 8
235 779 62
1101 1209 14
609 1046 8
125 588 1
322 960 10
479 630 17
1065 1521 32
1353 1397 19
608 932 53
676 862 10
1065 1269 24
206 1275 17
149 646 1
701 956 4
133 299 23
72 1481 21
359 879 24
709 1350 5
719 1037 12
744 1136 5
408 902 23
437 922 8
519 1473 23
690 1508 40
137 927 21
206 727 10
294 944 2
600 1464 1
288 1064 45
479 1473 8
582 1300 17
381 906 10
131 694 62
341 709 32
1232 1246 1
137 608 21
1205 1529 51
993 1481 21
276 545 10
198 468 10
634 1288 1
1223 1295 17
396 938 13
70 121 5
51 961 42
272 678 17
305 998 32
848 1044 19
899 1205 51
906 1238 8
469 676 21
337 907 23
78 1258 35
6 338 7
922 1007 8
168 794 34
62 70 23
1203 1227 8
1448 1466 14
420 738 41
224 470 17
311 568 5
289 1078 23
149 284 1
419 609 8
337 1238 8
444 659 21
120 1338 87
108 196 22
1061 1326 8
98 1222 2
947 1351 51
364 849 22
219 1511 19
842 1025 34
604 654 23
493 615 10
168 1464 1
654 988 17
209 1462 8
17 879 23
143 376 8
341 770 32
137 1198 23
1128 1178 1
309 944 2
755 1317 7
106 408 17
235 1061 19
1017 1480 8
719 1049 2
812 1071 8
96 470 17
229 436 1
930 1522 13
196 590 32
234 1268 34
1135 1452 23
555 848 17
384 1253 12
464 787 24
120 1141 8
631 863 43
131 848 19
152 1064 17
850 1064 23
188 709 32
493 1261 17
619 923 54
133 294 8
108 1563 1
1226 1325 40
287 1062 10
849 1228 1
830 1468 17
565 1146 34
92 906 17
93 838 17
649 812 23
288 1080 35
830 1078 8
1100 1268 34
341 1008 39
671 946 12
4 150 23
429 555 1
61 400 10
580 711 0
555 647 17
120 894 4
685 1521 32
208 1496 70
180 400 87
711 830 10
17 1221 23
198 674 39
636 925 23
561 628 17
184 329 8
78 291 15
522 690 7
1133 1480 8
182 921 8
516 907 1
1135 1136 23
1440 1476 17
1153 1407 17
479 574 17
97 1330 1
850 1552 1
553 867 10
545 730 10
229 734 24
281 753 17
896 1489 1
50 516 17
879 1376 5
287 942 1
152 848 17
1007 1234 34
384 672 10
157 1288 1
274 959 7
505 1377 40
654 993 58
47 490 27
209 1054 34
872 1502 31
118 1035 85
424 1536 1
502 1377 5
92 830 17
120 495 4
297 628 17
653 734 8
567 1136 23
365 499 10
572 1464 1
470 1534 23
732 1387 7
185 287 17
863 1302 67
617 678 10
782 962 10
789 1513 54
90 1466 1
740 841 41
268 1208 35
490 742 10
767 1171 46
477 727 10
46 520 8
681 1295 10
396 1281 23
409 1464 1
169 1271 24
781 907 23
311 899 74
309 565 30
1273 1465 8
266 733 72
1003 1213 5
229 1553 1
519 1283 23
383 654 17
397 901 29
1009 1363 29
879 1211 8
589 907 23
484 889 17
125 216 3
242 1232 1
877 1223 17
240 425 41
50 490 10
70 217 41
564 999 33
397 1209 29
490 971 2
977 1273 8
152 906 1
1421 1512 2
855 999 23
224 464 10
1082 1328 51
1420 1529 17
216 1228 37
408 921 23
69 1547 16
60 484 23
889 1064 17
235 468 10
1217 1317 7
188 1419 24
848 1010 10
852 999 23
408 484 58
482 1554 34
468 1476 10
126 1522 34
366 697 19
927 1150 21
96 275 10
1427 1459 14
167 1244 17
1261 1419 8
441 676 87
268 843 35
609 921 8
22 555 8
608 1175 21
82 1500 38
468 615 10
237 1007 8
106 892 17
476 1425 8
93 161 17
830 883 8
93 1064 17
409 1129 1
756 882 37
433 672 17
428 775 8
675 676 2
408 1064 23
1188 1299 6
376 743 8
1265 1290 8
142 490 10
295 1061 17
1049 1480 8
801 1273 14
112 334 38
649 1258 35
97 1282 1
766 1203 8
1133 1468 17
401 1449 1
938 944 0
157 1048 8
282 288 8
196 1131 14
468 964 10
259 896 29
440 849 17
1288 1417 1
627 973 17
122 470 17
185 867 10
60 1048 23
311 914 23
564 869 17
998 1057 1
123 795 34
582 1255 17
1221 1549 1
133 1350 42
368 477 8
795 925 34
944 1512 2
564 1449 8
79 964 10
233 848 19
564 1300 17
1146 1259 34
1169 1341 1
801 1497 2
317 1296 8
827 961 12
1449 1552 1
157 649 35
62 589 23
365 753 2
580 846 13
709 1350 5
882 1400 37
738 1102 41
1269 1419 8
189 921 8
141 497 0
1192 1228 32
208 913 21
1035 1048 14
736 1473 8
469 1448 8
615 932 2
280 1489 34
511 767 19
620 1483 32
436 1169 8
730 1300 10
476 959 8
1211 1365 14
314 649 23
54 672 17
390 742 21
374 753 30
711 999 20
564 1420 11
892 1438 23
632 1128 1
942 1443 1
488 1468 17
659 1152 23
112 711 55
395 1547 1
631 1303 12
70 1529 23
742 846 2
196 1534 1
736 1295 10
512 736 2
84 1529 23
288 711 50
663 1172 6
237 870 1
604 882 70
450 921 23
383 862 17
149 319 1
70 396 23
340 365 10
614 1303 12
484 872 10
588 1326 1
564 1100 20
9 765 13
499 648 10
236 894 82
597 1050 39
280 1369 30
337 914 23
769 1444 8
104 964 17
462 1134 72
90 1135 14
249 906 19
325 1419 23
1203 1483 8
554 1310 20
437 961 42
703 730 2
124 1437 2
852 1269 40
668 938 0
644 1128 1
339 1167 27
942 1423 1
82 787 24
219 628 17
324 1146 50
565 1129 8
636 1458 14
773 1527 38
533 1050 34
363 1279 34
627 1061 17
103 516 17
282 646 23
883 1476 17
447 490 13
289 468 5
212 1093 23
747 763 8
433 944 10
104 1169 8
280 971 30
376 842 8
372 738 41
1061 1161 23
1216 1232 1
97 507 1
1290 1466 14
449 833 5
160 1540 8
56 1322 29
653 1420 14
288 1481 11
242 1049 1
118 257 8
131 1511 19
1161 1198 23
25 863 37
100 789 39
198 497 0
278 654 26
253 366 19
519 632 23
719 1084 24
103 572 17
271 1527 38
68 942 4
565 765 13
419 1049 2
208 1511 20
249 1386 19
842 1244 34
733 1472 72
769 1259 8
1133 1169 8
852 1419 23
1035 1464 1
180 925 28
376 672 8
294 365 8
925 1376 5
142 644 17
533 543 34
493 812 23
118 971 34
437 781 23
785 901 29
9 973 0
841 1031 6
127 406 16
288 581 21
120 1120 14
628 1168 31
288 383 45
93 464 10
278 973 26
74 1381 34
269 927 21
1171 1234 35
794 1234 34
378 795 27
636 1376 5
276 1049 10
538 1118 12
141 508 1
1153 1547 17
142 1452 14
905 983 88
511 1223 17
646 1062 10
1100 1554 34
968 1046 29
961 988 42
635 1118 3
1128 1288 1
338 1228 32
75 807 62
964 1386 17
198 365 10
627 869 17
1489 1536 1
590 787 32
669 1146 11
867 1271 24
1273 1552 1
734 1409 1
160 849 1
983 1021 38
441 1062 10
235 907 10
636 1425 14
765 993 13
138 791 32
457 1448 17
849 1459 1
212 1377 5
337 646 17
734 942 1
778 787 24
182 1350 5
1111 1296 8
150 289 23
322 407 87
576 609 8
172 1023 17
1133 1409 1
62 653 8
464 1179 40
543 777 12
324 765 0
96 317 17
499 554 17
519 744 5
213 891 8
695 1203 8
588 1146 45
233 574 17
889 955 4
91 230 10
574 1095 17
1017 1465 8
70 1245 14
334 865 23
125 1118 3
172 604 23
580 703 13
167 867 10
653 1136 34
142 501 17
530 1299 30
726 1526 38
236 1502 82
559 679 2
1048 1376 5
921 1325 5
497 974 13
94 1293 52
602 1304 12
1048 1118 8
765 994 13
22 1545 8
479 1153 11
907 1451 14
473 570 66
794 1407 17
801 1403 8
56 842 8
50 208 10
635 1072 52
165 337 10
590 1271 24
77 608 21
253 1045 74
340 876 23
60 133 11
1172 1461 38
103 976 19
104 734 23
737 1135 32
922 1165 8
1333 1376 5
140 567 31
216 222 37
999 1511 19
502 927 23
626 1061 17
806 988 17
855 1556 14
648 848 10
586 1512 2
170 1253 54
672 1271 17
80 488 17
1010 1045 10
127 957 38
48 719 2
686 1085 17
242 1203 1
516 953 1
90 476 8
734 1152 23
419 1419 8
447 659 0
131 672 17
131 537 17
647 844 11
96 1440 17
988 1261 17
991 1245 38
830 1440 17
1027 1549 34
636 1250 6
172 865 23
92 1062 17
457 1466 1
108 808 0
1141 1227 8
22 364 8
449 1058 37
545 1187 38
1140 1401 1
734 892 8
383 889 17
467 1326 14
17 1198 23
604 1244 21
50 727 10
168 1304 12
104 548 17
276 1045 23
1481 1554 32
475 1084 24
9 406 13
259 430 29
511 1439 19
1136 1273 8
208 792 2
769 1137 8
20 168 34
163 172 17
51 1054 21
48 572 10
901 964 89
703 1136 34
589 1317 42
1138 1293 52
679 1054 34
310 469 8
634 1449 8
231 870 1
75 771 19
272 366 33
338 841 18
272 276 11
968 1466 14
959 1004 7
419 1473 8
1 543 34
857 1443 16
249 253 19
709 1487 67
619 974 7
1211 1216 8
468 834 10
883 1386 17
229 1540 1
626 899 17
283 907 10
638 1273 8
742 899 21
257 324 67
104 183 17
225 938 0
369 862 10
291 854 12
719 1118 12
137 294 8
957 1172 38
595 800 17
588 1462 1
382 1347 51
16 294 34
6 252 7
229 469 1
79 830 10
278 663 7
220 783 2
226 654 58
396 744 29
805 1300 10
458 959 7
989 1407 17
167 494 10
938 1299 13
97 672 1
375 932 53
1316 1362 13
1186 1268 8
50 99 17
12 1009 13
365 1462 1
565 1299 27
324 1253 12
512 619 2
850 1333 23
142 493 17
79 123 64
663 1137 34
1417 1554 34
167 646 17
1129 1536 1
671 753 12
442 1536 17
295 1115 17
553 595 10
1008 1483 39
1206 1393 38
1178 1203 8
1067 1448 8
178 488 17
1223 1529 17
253 580 0
1232 1465 23
407 1265 3
252 1220 32
182 626 10
62 876 23
309 447 13
39 1480 34
133 137 21
224 452 10
470 1440 17
62 884 8
512 914 34
109 1376 38
628 1407 17
314 1090 19
499 1249 19
172 1042 17
602 1305 12
834 1220 24
449 632 5
390 1016 32
709 787 32
914 1449 8
225 1232 1
51 251 42
690 1118 3
46 107 8
441 1556 8
46 161 8
46 795 34
646 1198 23
609 1290 8
559 955 4
447 690 0
576 849 1
870 1247 1
767 839 10
632 988 17
1131 1246 14
291 733 72
791 1269 40
830 1095 17
833 1067 23
278 795 7
659 1281 23
549 765 13
1305 1347 51
906 1153 11
674 813 15
16 1137 34
137 709 23
922 1128 8
328 1464 1
1151 1232 1
177 1317 7
848 1061 19
397 808 13
133 276 11
283 457 17
222 1169 8
13 922 0
1369 1374 34
408 1095 17
675 787 32
46 670 11
120 208 87
1093 1288 1
433 1042 17
233 389 17
96 989 17
133 660 34
127 170 0
54 494 10
405 796 8
879 1216 8
872 1275 7
45 1234 29
469 609 8
268 879 14
631 978 64
338 1290 14
478 812 26
681 1148 10
137 337 21
118 1549 34
239 1421 0
512 602 12
502 578 23
538 1351 51
60 352 23
768 1504 84
589 1419 23
1244 1474 34
821 974 34
844 872 10
533 1268 34
617 834 10
75 340 19
495 1529 4
208 287 10
1071 1449 8
796 1275 8
314 747 23
964 1261 17
276 1244 11
26 931 29
1480 1499 8
283 1010 10
1320 1420 14
122 899 17
380 795 34
578 769 14
789 1008 39
339 505 10
408 869 17
830 1261 8
703 808 13
775 1295 17
782 801 10
228 262 54
261 359 24
883 1271 17
69 1473 8
248 414 10
635 1072 52
280 1515 30
830 1244 8
663 1190 34
870 1290 1
479 1045 17
272 1054 11
337 389 1
70 709 23
93 553 10
291 551 12
875 931 32
15 62 24
99 1131 1
340 781 23
311 876 23
1464 1471 1
619 680 10
268 1100 35
1415 1462 8
1014 1317 7
90 430 29
1048 1496 23
242 639 1
1499 1540 8
1049 1502 31
437 1058 10
12 1369 13
233 589 19
433 588 17
561 1397 19
229 1402 1
1048 1451 14
766 1407 17
1171 1417 35
469 1211 8
134 1018 55
653 1474 34
533 809 34
380 1489 34
554 869 17
81 1481 11
478 543 26
512 863 2
168 468 2
452 576 8
1409 1416 1
802 1148 10
99 862 17
450 1246 14
188 339 24
384 537 10
1049 1399 10
93 337 17
295 878 10
288 854 17
1245 1499 8
90 1273 8
672 800 17
1226 1376 40
830 1269 24
289 1425 8
1007 1153 34
80 1452 23
561 872 20
869 1473 8
879 1462 8
476 1261 8
944 1300 10
660 1304 12
479 693 17
663 681 2
1282 1459 14
188 788 24
709 1211 23
709 906 23
280 1259 34
86 1512 2
437 1448 17
737 1141 14
249 433 17
428 901 8
653 1273 8
676 782 10
126 1279 34
850 1317 42
90 338 29
185 1233 71
493 862 17
1062 1465 23
54 89 10
1415 1463 1
1396 1447 38
276 398 21
770 968 29
294 1169 1
188 1506 24
294 1259 34
886 1077 23
50 848 17
425 660 54
366 779 62
54 468 10
554 564 17
906 907 23
740 1333 23
602 1448 1
993 1253 42
289 740 23
149 999 1
106 365 10
77 288 21
635 1113 21
183 1244 45
564 646 17
337 1024 62
60 686 17
1085 1275 17
628 646 31
121 703 12
470 1350 5
608 841 23
812 1211 23
629 674 29
266 1465 14
231 892 17
634 1473 8
1017 1211 8
100 1050 32
185 408 8
72 322 10
363 1474 34
795 1050 34
1093 1234 14
1103 1452 14
130 1515 30
196 734 14
208 495 31
121 631 12
1269 1415 8
262 458 54
467 1203 14
161 1353 19
50 389 40
1211 1481 23
767 1249 19
1035 1489 1
260 661 41
437 567 23
827 930 0
103 433 17
97 646 1
137 185 8
476 1419 8
407 1211 37
538 1007 12
99 1483 1
47 1062 10
812 1131 8
734 1307 8
564 644 11
548 653 1
295 578 17
219 1230 19
248 1300 17
295 317 17
309 580 13
493 842 23
849 877 17
883 1347 51
222 1048 3
266 1563 8
245 627 17
196 709 32
709 1366 60
436 1552 7
993 1317 42
907 1293 10
854 1261 17
7 9 2
631 1061 5
1115 1300 17
108 340 8
1172 1206 38
830 1409 1
104 634 17
80 988 17
288 1547 8
1400 1420 37
727 1449 8
563 847 12
242 1419 1
675 834 42
375 781 5
189 1401 1
1307 1556 14
669 862 17
566 600 23
452 537 10
734 1341 8
322 510 20
134 609 8
324 600 10
1253 1447 42
62 1425 8
767 812 23
1063 1480 8
499 1353 19
272 378 10
185 369 17
727 932 2
1017 1228 8
709 1135 23
870 1203 1
16 280 34
120 1232 1
962 1222 0
124 719 2
1136 1366 60
96 1407 17
608 659 21
54 1310 20
614 1380 55
628 1317 42
636 942 1
169 471 29
310 1491 14
275 545 10
438 782 10
543 1080 35
771 892 48
767 1409 8
9 1528 13
233 588 17
711 1253 12
282 470 23
408 1213 5
576 1211 8
432 688 7
120 1111 10
266 1239 29
475 679 24
93 1085 17
742 906 11
276 944 10
545 848 10
362 1351 51
1071 1419 8
931 1408 42
1289 1332 38
142 530 33
165 782 10
678 964 17
60 1261 17
251 654 42
1316 1505 0
484 1275 17
457 1238 1
170 994 13
4 1512 2
944 1303 12
198 1230 19
1419 1480 8
794 1283 21
841 1198 23
278 309 7
458 671 12
767 907 23
450 1444 8
299 398 2
340 1448 17
467 907 23
322 1186 37
767 1439 19
242 383 17
77 604 21
437 493 11
76 1287 40
368 632 11
253 727 10
631 813 15
836 1157 51
322 744 5
165 1062 10
260 545 27
889 1295 17
96 208 1
854 1448 17
103 989 17
889 1473 8
1198 1409 23
452 1473 8
501 1024 62
82 1377 5
537 1343 10
766 877 17
390 1363 29
834 1153 42
438 537 10
247 720 62
794 1192 34
291 880 12
777 1305 12
708 794 17
675 863 2
172 654 23
48 272 10
248 595 17
84 1054 21
710 877 17
20 850 34
278 812 26
137 359 24
1067 1452 23
169 396 29
189 1288 1
906 1489 34
338 1449 8
150 925 23
609 1136 8
1 374 34
436 1534 1
440 771 17
476 1090 8
213 1221 8
60 122 17
160 398 21
208 432 70
1277 1540 14
381 559 10
450 1480 8
401 732 1
269 537 66
20 974 34
103 730 20
493 595 17
310 328 35
352 1136 23
970 1171 38
233 572 17
230 272 10
516 862 17
409 1296 8
172 566 23
493 1090 19
797 894 4
672 1129 1
118 576 34
933 1512 2
801 1135 8
81 1146 11
1061 1432 17
280 549 12
576 1489 8
877 1054 17
235 1024 62
249 1468 17
225 1169 8
1449 1452 8
602 1008 42
26 149 40
108 297 17
407 964 10
311 1009 23
161 233 19
870 1090 1
294 781 8
1425 1481 14
219 869 17
132 778 13
465 906 10
224 369 10
441 892 8
104 131 19
543 801 2
79 1062 10
365 564 10
639 661 29
654 812 23
361 960 31
163 626 17
184 1103 8
567 865 23
564 669 11
576 734 8
120 490 10
82 239 13
152 1211 1
830 844 11
511 654 19
299 841 23
369 1420 17
576 999 23
428 805 10
907 1463 1
805 1547 10
17 1536 50
251 1350 42
994 1244 21
12 537 13
78 288 35
74 470 8
96 639 1
863 901 10
4 973 23
452 766 10
464 681 27
152 899 17
849 988 17
149 821 1
96 709 1
149 1247 1
198 337 10
1213 1220 32
502 1161 23
15 1271 24
1217 1438 14
728 972 73
12 794 13
600 927 23
999 1280 19
442 848 17
468 988 10
295 1045 17
609 1466 8
273 602 3
317 442 17
1161 1534 23
182 744 5
1008 1071 39
564 1238 1
433 1296 17
424 1449 8
226 962 21
586 938 2
892 961 42
9 110 0
567 1161 23
266 1526 7
188 480 24
493 808 13
659 1273 8
276 1230 19
695 1232 1
82 470 23
568 954 4
617 1293 52
161 249 19
143 1419 8
266 844 32
925 938 13
850 1554 34
272 647 17
253 595 17
157 359 24
247 1299 30
104 519 23
801 890 8
440 1042 17
1407 1547 17
922 1118 8
559 580 0
516 1547 17
374 609 8
921 925 23
167 839 10
872 1246 10
425 798 41
248 693 17
108 792 76
295 440 17
690 763 8
506 1338 67
295 433 17
930 1300 0
563 646 1
180 964 10
239 753 13
589 1362 0
585 906 23
869 892 17
879 1472 8
578 767 33
865 1299 6
842 1061 23
259 787 24
188 259 24
57 72 10
1137 1523 34
470 668 8
709 1232 1
477 862 10
89 614 10
242 1420 17
1133 1448 8
108 615 38
484 1251 10
150 1048 23
1115 1275 17
734 999 8
4 649 23
409 808 13
91 1502 4
222 678 10
276 1064 23
876 1009 23
97 419 1
104 384 10
233 1271 17
1203 1221 1
325 785 29
96 1261 1
22 1125 14
48 172 10
678 1458 8
368 1023 11
566 1465 23
99 771 17
273 1541 7
450 1232 1
22 45 14
922 1290 8
20 133 34
465 727 10
259 397 29
619 906 10
384 988 10
502 1080 15
242 647 17
233 744 17
432 956 82
340 501 19
390 444 66
734 769 8
75 299 20
775 1275 17
48 124 27
51 72 2
1216 1221 8
72 208 10
139 592 32
703 998 12
378 1118 67
70 1216 8
291 945 12
365 767 10
178 1295 17
1167 1347 51
108 420 44
236 499 62
340 1452 23
161 1152 23
773 1303 12
12 490 13
617 1045 10
278 1077 26
294 337 8
361 407 4
1275 1295 17
1090 1343 10
493 628 17
1491 1564 14
234 512 34
405 938 2
619 1253 12
1247 1269 8
132 559 0
282 1416 14
108 1078 1
704 747 26
510 1132 62
82 1062 23
235 1511 19
359 1483 24
801 1545 8
821 1289 1
1211 1536 1
554 561 17
291 325 54
632 646 23
150 1135 23
477 588 10
283 767 17
468 765 0
352 576 23
733 1393 83
1232 1247 1
216 428 5
385 1500 38
627 744 17
734 896 8
82 168 17
827 954 4
493 516 17
90 396 29
20 368 34
1027 1077 34
322 369 28
1128 1268 1
242 1249 17
1249 1275 17
701 960 37
1261 1307 8
337 1280 19
104 545 10
1064 1409 23
216 441 37
408 1333 23
1490 1521 32
639 1458 8
646 775 17
242 802 10
185 537 17
80 512 34
22 1095 1
701 800 62
843 1271 8
576 1095 1
46 226 21
477 1061 10
334 1275 8
865 1221 23
225 870 1
462 571 72
309 1447 17
106 378 10
578 632 23
921 1103 8
441 576 8
1065 1213 32
501 654 19
291 719 12
942 1508 22
1050 1363 32
1425 1462 14
462 615 38
85 930 13
452 904 10
879 1403 8
510 999 19
609 1556 8
775 1148 17
1458 1534 1
841 1192 18
419 1288 25
180 477 8
523 545 27
635 1496 21
274 738 41
537 572 17
1007 1458 1
231 1547 17
269 1244 21
141 229 1
206 490 10
26 1481 32
1216 1259 8
791 1228 32
237 933 0
477 922 8
854 1547 17
647 794 17
0 80 34
730 904 10
389 1300 17
396 437 23
1080 1226 40
368 447 13
186 477 10
734 1213 8
502 1062 10
659 1452 23
17 216 5
208 878 10
922 1035 8
186 1399 10
726 755 7
1227 1547 8
161 1529 12
849 1341 1
118 849 1
314 1300 19
1133 1283 23
385 1504 38
288 1115 17
188 490 24
396 931 29
490 1295 10
484 697 17
904 1279 34
468 1293 10
198 756 39
359 1063 24
289 1407 17
178 830 17
516 1432 17
588 1140 1
709 914 23
773 1504 38
870 1494 1
553 678 10
50 54 17
259 674 29
902 1133 23
160 742 11
108 493 8
575 631 12
839 849 10
364 870 22
163 964 17
425 1483 32
576 886 23
468 680 10
235 708 17
675 769 8
133 865 23
390 433 17
537 1476 17
1461 1504 38
675 727 2
769 1508 14
442 889 17
337 1035 9
843 1071 8
310 1540 14
103 1439 19
68 208 31
1420 1536 17
488 830 17
862 1408 42
548 1423 1
763 841 8
574 672 17
785 1211 29
142 381 10
1234 1473 8
36 368 11
148 1483 32
149 531 1
659 1093 23
632 1283 23
559 989 10
870 1046 1
80 709 23
72 441 10
80 821 34
627 949 66
208 1300 10
968 1050 39
683 808 9
533 1365 34
125 334 8
26 169 29
84 502 23
464 1515 2
132 747 0
228 374 30
220 1054 21
467 781 23
1250 1258 35
253 1115 17
62 927 23
663 1374 34
537 553 10
365 1444 8
395 1275 1
206 287 17
137 844 21
609 1275 8
589 1407 17
253 340 3
198 317 17
235 1095 17
428 850 8
1416 1419 14
942 1466 1
465 553 10
326 838 52
767 1317 42
57 693 17
490 572 10
740 1317 5
1244 1480 34
794 883 17
47 1101 14
133 428 8
814 1512 2
543 1084 24
615 678 10
955 1049 31
89 1111 10
242 686 17
690 1449 8
96 711 10
674 1220 32
841 1500 38
48 1293 10
361 645 4
543 1409 30
324 1500 55
291 719 12
340 676 10
93 182 10
47 1350 40
229 242 71
672 1419 8
634 1045 17
684 1464 1
278 494 7
6 1046 7
830 1042 17
450 1061 23
971 1137 34
405 830 8
297 499 17
378 1317 40
449 1458 8
59 765 13
538 998 12
242 932 1
299 1468 23
249 1511 19
719 1304 12
216 1088 8
168 1529 56
278 477 7
1057 1090 1
843 914 8
1118 1464 1
283 892 17
314 400 10
280 1474 34
580 900 0
317 855 8
753 1226 40
161 686 17
310 1409 8
222 1295 10
728 1280 62
653 1452 14
1203 1473 8
686 877 17
479 883 31
373 428 11
434 458 4
788 1003 14
711 1117 55
742 944 10
589 960 10
1419 1529 23
180 1483 8
769 1178 8
161 1232 23
54 678 17
168 1409 30
457 1128 1
56 1084 24
80 92 45
253 288 8
107 1489 1
767 938 0
310 1208 35
6 770 7
1238 1471 1
450 506 57
630 732 10
555 1473 8
830 998 14
1203 1333 8
339 470 10
478 568 26
268 1406 35
253 1283 23
1137 1423 14
600 844 10
127 983 88
638 1473 8
1275 1386 17
636 1171 6
97 329 1
1009 1325 5
942 1491 22
142 767 17
668 1322 29
634 1048 8
821 1458 1
220 604 21
289 757 62
104 1261 17
230 1118 3
944 1295 10
160 882 21
82 914 23
376 450 23
1513 1521 32
789 1118 54
68 899 4
1128 1415 1
520 555 20
54 488 17
1 904 34
425 455 54
242 648 10
488 582 17
672 960 10
222 671 12
247 698 19
531 1239 29
51 1113 21
552 695 79
235 867 10
1148 1366 60
322 1211 37
104 960 10
1250 1461 38
872 1187 38
9 79 0
444 1496 21
576 1463 1
596 787 24
352 886 23
839 1090 10
295 582 17
708 1045 17
365 660 2
80 1128 8
877 1397 33
1024 1148 62
70 1277 8
450 1438 23
180 225 8
295 553 10
907 1203 8
701 1438 5
449 1552 1
457 1275 17
765 857 13
334 693 8
505 1325 40
464 964 10
378 553 10
295 1062 17
325 352 23
457 609 8
400 675 2
553 1443 2
889 1464 1
299 554 10
1296 1540 14
1172 1447 38
1185 1433 2
1086 1095 1
247 630 19
854 1483 32
396 1502 4
283 559 10
734 1016 8
142 589 17
99 839 10
690 1169 1
631 766 10
588 672 1
1265 1480 8
904 1153 34
554 1448 17
376 809 8
230 1547 10
688 753 34
161 883 17
253 709 23
172 1054 17
1 679 34
961 1001 42
1153 1474 34
568 1062 10
297 442 17
109 242 1
1017 1443 8
843 1223 8
680 727 10
855 1452 23
734 1135 8
96 1452 1
104 781 23
930 1061 0
280 324 2
1161 1377 5
172 1176 6
428 475 59
753 906 34
359 1366 60
72 322 10
1067 1542 21
314 384 10
564 889 17
574 744 17
282 1465 23
1151 1540 8
381 1547 10
30 962 6
542 854 12
91 956 4
0 1381 34
703 801 2
80 568 50
233 646 17
225 796 8
17 447 50
740 1064 23
224 964 17
484 627 17
1008 1457 39
334 916 8
46 1471 8
79 228 61
219 647 19
1463 1556 1
676 1476 10
1128 1449 1
458 946 12
283 800 17
588 1078 1
12 134 0
841 907 23
50 1061 17
91 981 12
1271 1407 17
396 1480 8
559 1502 4
433 1261 17
107 588 1
202 1048 8
390 1542 89
420 808 13
72 484 10
484 626 17
419 1325 53
1332 1461 38
489 780 52
79 1303 12
172 1009 23
222 299 87
769 1222 0
1221 1553 1
121 1529 12
59 368 40
1137 1261 14
465 697 10
90 734 8
841 1316 13
588 830 17
1049 1058 87
1090 1261 8
548 1126 1
668 1245 8
646 800 17
198 464 10
589 1333 23
295 1223 17
437 502 23
99 442 17
127 176 35
120 654 10
519 1350 5
152 231 1
84 589 23
276 627 17
879 1465 8
85 711 0
476 1268 8
89 457 10
855 1480 8
1221 1438 14
160 1499 8
310 1003 8
334 580 13
757 1090 62
1221 1451 14
224 595 17
419 747 69
104 870 1
305 787 32
275 675 2
376 580 8
1273 1563 8
81 1480 8
488 501 19
401 672 1
289 704 26
61 960 10
815 1232 1
470 1249 17
433 999 33
548 1277 1
401 1317 7
60 1095 17
533 782 34
359 464 24
615 827 10
167 1114 59
319 609 8
167 844 17
395 576 1
311 801 10
34 638 55
1048 1377 5
363 1480 34
464 839 10
1211 1376 5
125 408 42
369 906 2
1171 1466 7
184 565 8
276 1223 17
467 1508 14
1133 1310 35
732 1131 8
208 781 8
1078 1438 23
103 578 33
1245 1530 38
198 960 10
855 1169 8
46 125 8
659 927 21
209 688 34
567 1492 5
9 794 13
249 499 19
80 1333 23
319 1451 1
366 498 19
1473 1552 1
82 767 23
767 1221 23
800 1407 17
1403 1540 8
266 690 7
653 1232 1
374 468 2
325 543 54
942 989 17
314 580 0
800 1468 17
84 855 23
340 734 23
437 499 23
142 775 17
133 251 42
1064 1271 17
60 627 17
345 1060 8
843 1007 8
1046 1220 32
447 559 0
80 1115 17
96 1295 17
477 830 8
46 672 17
631 1222 0
369 686 17
424 1277 8
802 1502 4
1131 1499 8
275 322 10
455 458 12
103 131 19
890 1141 8
549 1084 24
348 1521 32
438 1032 6
1140 1480 8
248 1448 17
374 736 2
103 295 17
275 614 10
84 742 21
319 1048 14
563 600 8
50 198 17
1137 1203 14
620 1220 32
280 580 13
1152 1494 23
638 1552 1
543 1350 40
1071 1534 1
564 1275 17
209 681 10
508 1564 8
107 1234 29
554 1128 1
833 902 23
796 1060 8
1186 1419 8
841 971 49
654 1299 30
1366 1549 60
663 1409 30
226 340 21
1220 1556 14
576 644 8
167 944 10
186 494 10
365 1400 37
50 537 17
107 1536 1
51 627 16
70 150 23
883 1499 8
271 629 38
266 709 32
846 906 2
198 352 23
345 471 29
707 1008 39
125 572 45
54 295 17
1035 1265 3
230 796 8
68 878 31
876 1529 23
202 769 8
921 1326 14
376 808 8
1452 1547 23
253 614 5
468 697 10
217 1111 10
683 960 10
1067 1552 1
288 1238 8
163 188 24
338 401 22
219 1536 17
160 1471 1
632 744 5
401 1120 1
968 1221 14
428 767 17
276 634 17
120 512 2
998 1452 14
447 631 0
176 1275 1
152 477 10
359 1234 24
906 1273 14
108 1395 45
54 648 10
163 314 17
742 1164 66
125 894 82
106 681 10
675 956 4
675 1521 32
906 1230 19
390 938 13
217 1146 50
376 520 8
845 921 23
338 896 29
437 1462 8
328 649 35
364 1103 14
373 564 11
1221 1420 14
490 839 10
142 1386 17
133 849 17
384 390 10
686 1095 17
668 1556 8
889 1339 21
734 968 8
834 964 21
352 907 23
932 938 0
561 634 17
82 938 13
846 1362 13
834 1100 8
801 1338 87
424 1448 8
99 141 1
892 1473 8
922 1480 8
170 1198 0
1132 1439 62
1133 1547 8
1277 1483 8
85 704 26
906 1534 23
79 1049 43
436 914 8
565 795 34
1007 1203 1
1 563 34
266 852 32
309 425 54
209 529 10
118 798 34
310 872 8
104 646 23
9 580 13
1211 1540 14
1186 1338 37
1268 1521 32
549 809 44
82 1512 13
419 833 69
322 1148 10
322 631 43
219 428 17
398 930 0
1261 1480 8
437 1023 11
1232 1300 1
253 488 19
311 561 48
400 554 10
516 1062 17
239 769 0
1281 1534 23
297 559 10
508 566 21
732 1466 1
938 1391 13
709 1529 23
619 1080 15
34 434 84
100 480 7
46 374 8
295 488 17
476 988 8
381 882 10
80 892 23
821 872 1
317 767 17
82 139 18
60 842 23
122 142 17
1152 1161 23
152 1300 17
48 849 10
409 1169 8
108 287 1
291 953 4
206 678 17
464 782 10
502 1409 23
202 602 3
782 1515 34
220 247 21
646 1161 23
408 1296 8
20 782 34
447 1131 8
888 1135 14
1078 1283 23
89 444 16
75 77 41
406 475 24
376 1118 1
287 1347 51
198 877 17
671 1253 12
364 709 8
133 634 45
57 288 17
272 433 17
152 1402 1
726 891 8
57 564 17
278 521 26
395 1135 1
137 1492 5
34 614 55
679 736 2
1192 1269 40
92 595 17
433 516 17
141 1480 8
1461 1474 14
1049 1246 10
340 494 10
447 900 0
1103 1220 24
225 229 1
54 1171 20
266 896 29
766 892 17
133 1473 23
414 1295 10
428 588 8
839 1295 10
374 1265 3
340 999 19
99 1049 1
266 274 7
850 1549 34
437 1009 23
1067 1221 23
585 701 5
914 921 8
973 1281 23
247 1132 62
48 209 10
516 787 24
75 578 33
742 967 21
384 543 2
647 1115 17
447 668 0
157 1232 1
131 340 19
809 1120 85
96 161 1
69 730 10
490 1090 10
576 1178 8
1363 1552 1
925 1131 8
325 646 23
470 582 17
609 869 8
305 424 40
449 1062 5
99 1203 1
499 801 10
288 390 11
230 1473 8
233 578 33
375 608 5
12 1443 0
60 999 33
276 1283 21
340 833 23
773 1369 30
808 1362 13
788 1459 1
553 907 10
475 1209 24
1017 1549 8
711 1188 6
78 1444 8
401 1489 1
4 1409 23
1137 1141 8
137 1064 23
574 678 17
747 1133 23
363 1282 34
944 961 12
734 1090 8
1045 1213 5
499 944 5
62 133 8
184 1007 8
494 1331 51
294 841 17
288 488 17
860 1502 4
771 1062 10
216 891 3
632 865 23
80 734 23
288 719 34
794 1316 13
359 695 24
233 247 19
973 1251 10
468 1488 61
907 1048 23
48 1481 10
376 1415 8
108 276 8
842 973 23
635 843 8
647 1448 17
236 1397 62
13 409 13
287 1476 17
212 842 23
231 988 17
104 711 5
202 733 7
334 1281 23
266 931 29
589 1251 10
830 907 8
497 850 13
779 1388 62
314 672 17
233 1439 19
121 602 12
272 800 17
224 767 17
938 1118 0
209 830 10
384 904 10
615 1269 24
436 702 7
734 1417 8
198 217 10
585 852 23
401 809 1
295 340 17
467 921 14
212 914 23
381 626 10
288 660 34
711 719 2
744 1035 77
381 1111 10
693 806 17
602 1366 60
217 322 43
133 1494 23
79 274 64
132 1067 0
887 1536 17
398 659 21
208 544 67
872 1044 20
395 726 7
938 1515 13
767 1326 8
167 537 17
559 805 43
719 961 12
364 1290 14
4 1377 5
22 639 8
96 1420 17
161 226 21
249 1476 17
675 876 69
493 1326 8
615 1179 40
1077 1463 1
22 953 4
383 989 17
490 938 13
813 1369 35
118 122 85
815 1171 46
636 907 23
1095 1228 1
709 921 8
848 1271 17
1017 1540 8
1234 1239 29
289 845 23
564 973 17
272 1100 20
437 1095 1
545 771 10
185 1296 8
13 653 0
464 523 27
807 1420 37
757 892 62
272 794 11
464 646 10
295 883 17
636 938 13
783 1061 10
452 938 13
1277 1489 1
484 901 17
384 1547 10
632 654 23
944 1188 6
231 769 8
167 961 42
272 368 11
920 1050 32
50 283 17
390 1343 10
1172 1188 6
588 1129 1
672 1296 8
384 736 27
84 631 53
12 72 13
1135 1220 32
272 1552 1
219 627 17
766 846 10
475 1506 24
141 1473 8
470 1419 23
297 389 17
0 906 34
502 646 23
1133 1415 8
237 586 0
198 1468 74
1129 1494 1
477 628 10
636 1474 14
90 1462 14
646 693 17
57 1432 17
185 678 17
1007 1341 1
268 1271 8
988 1489 1
13 827 0
669 1341 56
1244 1408 42
150 921 23
26 45 29
1325 1377 30
46 213 8
424 1552 1
1232 1463 1
771 1227 8
1044 1299 30
1103 1167 27
989 1090 17
582 1440 17
396 513 52
632 1281 23
230 310 8
85 805 0
983 1443 38
555 678 17
932 1049 2
564 1186 8
678 1064 17
849 1416 1
424 661 29
222 1534 1
25 322 37
213 334 8
674 1178 29
77 1238 8
745 1016 32
801 1213 28
84 902 23
80 602 23
634 1017 8
1048 1417 8
821 1223 1
566 882 70
15 512 34
1137 1265 8
1003 1400 37
169 770 29
161 615 10
565 1054 34
1135 1462 8
614 1018 55
20 703 34
84 781 23
1113 1496 21
378 973 10
414 1399 10
60 972 42
973 1468 8
311 1058 10
54 143 17
99 690 1
408 1323 46
464 1167 27
208 1502 31
445 877 17
833 1419 23
69 272 16
172 276 23
589 879 23
805 849 10
709 1494 23
1035 1448 1
167 1045 17
378 602 27
572 988 17
494 771 10
1288 1459 1
85 1090 0
484 988 17
530 901 20
680 683 10
17 566 23
636 1502 4
365 955 31
457 508 1
314 537 17
497 1444 8
364 467 32
654 1244 11
4 842 23
1536 1563 1
99 830 17
1269 1425 8
242 436 1
184 808 8
60 602 23
198 1161 23
251 283 42
627 839 10
22 452 27
365 732 87
436 942 1
161 1230 19
148 1521 32
769 1449 8
133 1419 8
493 914 23
82 519 23
1009 1409 23
280 808 13
646 680 17
566 1161 23
259 1221 8
1261 1271 17
180 727 8
490 1062 10
628 834 42
294 396 8
973 1115 17
338 1458 14
576 927 23
185 648 10
499 834 8
247 340 19
13 46 13
429 1406 1
292 1220 32
289 1058 10
172 1147 31
106 124 10
678 1129 1
688 1523 34
974 1474 34
131 1420 17
479 862 31
80 614 50
767 1049 10
812 1077 23
493 1168 10
592 1228 32
178 1275 17
1192 1554 34
543 876 49
419 1195 90
25 636 37
379 1234 35
374 777 12
212 844 11
96 1465 1
559 901 10
217 314 10
266 1307 8
202 765 0
262 280 54
1128 1277 1
615 726 38
266 1483 8
781 1283 23
69 988 16
495 551 4
849 1464 1
843 1239 14
239 276 13
314 465 10
133 1542 21
324 970 53
709 1480 8
609 1234 8
1188 1351 51
549 703 12
180 796 8
72 390 21
46 1407 17
419 1035 36
222 782 10
15 216 24
654 709 23
548 801 1
338 785 29
15 673 91
127 1222 0
22 468 12
376 787 24
849 999 1
337 1153 11
295 559 10
428 1062 8
767 1353 19
537 1043 10
170 963 0
122 1432 17
96 1010 10
654 698 19
172 183 17
1067 1547 23
479 589 17
142 1317 42
942 1239 22
649 1496 23
602 876 23
1 1381 34
589 1275 17
85 571 13
1273 1564 14
733 1172 35
123 690 7
168 872 2
217 863 43
268 730 15
1046 1234 29
4 1496 23
198 452 10
773 1500 38
767 1440 17
846 932 2
452 964 10
229 1234 1
81 1023 11
104 322 10
494 537 10
779 973 62
424 1129 1
441 1221 14
375 1161 5
167 1058 10
627 1529 17
1135 1564 8
132 1443 0
1129 1556 1
672 1449 8
131 511 19
568 1399 10
688 1365 34
46 938 13
268 809 8
390 396 29
737 896 32
1228 1458 8
899 1275 17
694 1400 37
1129 1464 1
288 588 45
708 862 17
549 1535 14
1447 1491 14
533 653 34
150 636 23
1064 1427 23
107 165 52
886 1185 23
801 1553 8
620 745 32
120 280 2
697 775 17
469 844 11
1223 1534 1
701 902 5
601 914 35
601 956 82
161 1146 11
796 998 8
740 1062 23
341 1050 32
465 938 13
338 1363 29
374 833 17
1045 1232 23
701 1419 37
1080 1100 35
79 457 10
168 475 24
795 1057 7
253 1511 19
148 261 32
530 746 19
89 93 10
564 727 37
299 530 20
48 559 10
548 891 1
1146 1273 8
794 1115 17
280 359 12
248 1552 1
198 1192 39
182 1476 10
184 468 14
502 876 23
81 1113 21
660 777 12
922 959 8
588 727 1
437 608 23
702 821 1
906 1353 19
235 253 19
1146 1216 8
133 1325 5
470 830 17
589 1439 19
794 1529 11
251 499 42
340 1044 19
217 867 27
447 478 26
1111 1129 1
442 862 17
108 639 8
182 849 10
259 734 8
366 701 62
744 1209 29
103 1223 17
185 993 8
522 733 72
89 848 10
143 1540 8
792 878 2
608 1222 0
46 892 8
13 220 0
1007 1222 8
118 904 34
907 1317 5
280 543 30
208 589 8
340 614 10
407 1497 2
80 1317 42
152 229 71
582 693 17
646 1452 23
879 1425 8
628 1261 17
15 549 24
892 1062 23
1468 1480 8
408 1227 8
287 863 10
103 734 35
104 1464 1
753 1100 34
107 1211 29
133 1061 23
449 1494 5
337 1198 23
90 259 29
907 1077 23
310 1213 28
590 685 32
433 1064 17
224 1275 17
962 1153 21
434 726 38
295 697 17
973 1185 23
369 1090 10
1009 1465 23
338 1333 8
959 1226 71
81 801 8
588 1245 1
499 1067 23
408 678 17
289 334 23
62 675 8
1048 1473 23
1128 1275 1
1228 1269 8
433 1253 42
337 902 10
468 678 10
822 959 7
450 1468 17
84 212 23
50 960 10
839 1481 10
497 925 13
854 1564 8
390 683 66
1045 1325 5
81 670 40
795 1027 34
1277 1471 8
742 1054 11
582 738 9
902 1481 5
477 1062 10
733 847 72
180 428 10
283 889 17
148 305 32
802 892 10
1137 1234 34
1118 1401 1
709 1206 39
289 490 10
428 1048 23
1226 1377 40
178 767 17
48 1148 10
447 1184 0
142 646 17
9 253 0
150 567 23
993 1032 6
317 1085 17
159 1347 51
51 1326 8
390 907 10
1249 1300 19
914 1035 8
383 561 17
743 923 40
1195 1443 90
1136 1496 23
437 648 10
99 1221 1
122 337 17
609 850 8
1140 1448 8
452 646 10
324 414 10
604 1283 21
280 464 2
537 942 17
998 1473 14
287 433 17
245 398 21
133 1054 11
595 626 17
163 1042 17
103 779 62
291 703 12
673 1128 1
632 833 23
45 1220 24
69 1444 8
120 830 8
346 1347 51
54 800 17
9 465 13
896 1326 14
216 1317 42
742 1010 10
401 673 1
753 1118 12
314 1420 17
433 802 10
182 964 10
433 457 17
247 1440 17
609 1137 14
59 271 16
647 1353 19
106 1061 17
47 767 10
62 833 23
282 767 23
334 704 26
678 711 10
220 400 21
54 863 10
1042 1271 17
22 188 24
513 1343 52
863 1090 10
615 773 38
736 1090 10
821 914 34
237 905 8
50 369 10
407 734 8
827 830 10
1007 1275 8
428 1319 40
82 1161 23
428 1295 8
680 1042 17
450 830 8
222 476 8
172 680 17
390 899 21
519 614 5
85 369 13
1333 1452 23
172 452 10
437 846 10
1131 1447 14
659 1064 23
688 1381 34
364 478 26
801 1140 8
566 614 53
309 619 2
169 1046 29
533 1417 34
801 863 87
961 994 42
9 767 0
310 1545 8
1169 1425 8
104 1135 23
96 1168 31
295 736 10
1024 1386 62
202 808 0
830 1300 8
505 545 10
257 339 67
75 1049 20
738 1476 9
47 988 10
808 1447 13
82 1299 6
400 1250 38
235 775 17
297 1271 17
744 877 17
1065 1133 47
872 925 28
390 872 10
796 1103 8
1244 1489 34
602 1332 83
1407 1468 17
782 1381 34
747 1483 18
46 1135 8
120 1444 8
484 602 23
74 1100 34
235 1440 17
60 907 23
275 378 10
369 942 17
401 1419 1
152 1232 1
775 1300 17
328 334 8
787 788 24
225 1288 1
324 1317 40
188 512 24
363 1153 34
74 1259 34
242 574 17
788 1290 14
433 1148 17
452 830 10
84 340 21
276 530 19
340 1323 46
287 1049 10
305 1464 78
628 766 17
497 568 0
178 844 17
879 1438 14
457 775 17
596 672 8
615 973 10
185 1271 8
139 196 32
235 1350 42
944 999 20
99 160 1
719 923 54
295 872 10
295 1295 17
328 921 8
914 1465 23
245 962 21
368 647 11
516 1300 17
54 93 17
537 1295 17
46 178 17
68 567 37
484 1448 17
636 911 5
1061 1064 23
964 1164 66
48 242 10
1169 1221 1
1232 1451 14
424 1473 8
551 956 4
783 932 2
531 1234 29
340 1049 10
289 1077 23
494 1481 10
477 1111 10
325 747 23
879 1419 8
334 1332 38
328 1519 35
231 564 17
225 1458 14
879 1046 8
310 580 35
922 1268 8
649 999 23
48 971 2
253 886 23
161 794 11
103 564 17
797 1303 12
325 833 23
198 523 30
97 225 1
282 902 23
615 1547 10
109 615 38
247 972 62
297 488 17
520 663 34
565 1271 24
956 1147 4
574 892 17
519 830 11
512 1146 34
235 564 17
962 1113 21
440 730 10
348 1228 32
865 886 23
182 340 23
91 245 21
17 437 23
989 1547 17
240 385 7
230 870 1
69 1481 10
475 1247 24
231 887 17
701 852 5
476 1265 8
180 424 8
97 1549 1
576 690 7
46 994 21
396 1496 23
75 1386 19
311 865 23
663 1244 34
408 808 0
208 242 1
12 282 13
493 634 17
99 161 1
1333 1499 8
906 1427 23
609 1282 14
309 543 30
365 553 10
468 493 10
659 845 23
647 1090 19
206 767 17
648 676 10
900 1273 8
802 894 4
92 124 67
60 281 42
635 1343 52
75 711 20
180 999 8
1444 1553 8
600 830 8
609 1448 8
208 589 10
96 299 10
107 282 52
647 1458 8
452 1129 8
469 962 21
242 855 25
138 196 32
276 1128 8
362 468 12
81 644 40
62 785 8
702 1463 1
408 1009 23
533 842 34
1046 1228 32
182 781 23
678 1010 10
352 1152 23
927 1244 21
921 1427 23
206 862 17
310 400 8
324 594 26
108 248 1
251 988 42
26 620 32
408 1205 51
51 629 35
198 678 17
131 317 17
914 1427 23
161 1317 42
185 1042 17
896 1220 32
877 1049 10
675 930 0
137 299 23
47 1061 10
222 877 10
730 1502 4
600 1133 23
1153 1529 11
126 209 34
497 659 0
183 794 17
340 635 21
62 1443 8
345 1297 29
879 968 14
139 791 32
916 1269 8
92 794 17
222 314 10
537 1496 21
329 852 32
589 1077 23
414 766 10
295 1476 17
161 907 23
571 660 49
61 581 2
894 956 4
242 883 17
561 698 19
1129 1245 1
1118 1303 12
648 844 10
272 617 10
1406 1444 8
167 1223 17
906 1465 23
711 768 55
272 693 17
608 781 23
247 701 62
47 295 10
449 1045 5
647 1148 19
118 1007 34
523 654 30
499 627 17
1082 1328 51
1439 1508 14
449 1048 37
245 1253 42
1333 1449 8
216 848 62
444 566 21
561 578 33
955 956 4
440 672 17
484 615 10
1084 1221 24
70 907 23
54 440 17
295 742 21
314 1534 23
709 1468 17
887 1432 17
499 938 0
229 690 1
635 846 21
740 1211 23
334 508 8
429 1090 1
703 1084 24
288 697 17
272 324 10
1319 1320 14
1277 1462 8
469 656 21
297 553 10
107 942 1
1 1136 34
589 802 10
660 1303 12
160 365 21
635 1481 21
46 1148 17
134 1540 8
50 907 10
690 1443 36
1027 1554 34
226 850 21
679 1100 34
733 951 72
428 1496 23
588 1221 1
359 812 24
839 1547 10
235 647 19
1085 1295 17
89 1159 2
1077 1547 23
272 537 11
660 808 13
744 766 17
892 1042 17
34 242 1
68 863 31
961 1447 42
90 441 8
383 396 45
108 1468 17
758 1552 1
1151 1480 8
849 1232 1
449 454 37
690 1447 38
452 1399 10
849 1480 1
614 768 55
554 862 17
261 709 32
827 1492 40
520 1474 34
133 444 21
602 1238 1
429 1300 1
1386 1407 17
589 1157 51
430 1234 29
160 1128 1
842 1067 23
224 233 17
185 869 17
1128 1216 8
801 1232 1
165 1443 2
294 961 12
276 1024 62
172 445 17
833 1369 49
85 787 8
77 962 21
375 1093 5
59 834 42
124 470 10
604 938 0
428 883 8
62 79 8
100 1118 32
597 615 38
310 1458 8
124 1101 14
484 801 10
112 385 38
1146 1268 34
12 464 13
668 1135 8
79 537 10
408 727 10
149 913 1
876 1332 38
266 1317 7
167 1448 17
22 911 12
325 1325 5
188 743 24
72 1474 14
107 396 52
737 1213 32
161 1281 23
217 555 10
133 1339 21
484 781 23
545 681 27
588 1395 45
271 959 36
196 531 29
512 960 2
328 1250 35
973 1299 30
198 863 10
1300 1448 17
686 1061 17
1135 1480 8
311 1489 1
801 850 8
217 460 27
732 932 2
495 981 4
295 554 17
711 813 15
172 510 33
142 219 17
564 609 8
580 922 0
1499 1547 8
414 830 10
1187 1526 38
1401 1473 8
266 916 8
104 182 23
177 821 94
870 1363 1
77 863 37
139 571 18
1326 1416 14
363 374 34
1269 1363 24
508 1067 21
870 1273 1
125 960 70
288 1296 8
365 1211 37
292 787 32
273 1480 8
545 555 10
295 1271 17
54 711 10
235 1386 19
1008 1228 39
56 305 32
635 1067 21
849 1295 17
74 1282 34
794 1458 8
242 282 1
800 1024 62
62 711 56
9 827 0
122 1511 17
374 452 2
92 152 17
139 1206 39
253 1296 8
390 1297 29
484 1213 5
469 1265 8
15 809 34
69 149 1
1009 1250 38
252 1016 32
12 1185 0
1115 1296 17
340 545 10
520 1054 34
1016 1480 8
824 1483 8
899 1221 8
732 1409 1
74 516 8
1127 1269 24
288 469 11
89 104 10
219 516 17
548 1071 1
1216 1416 8
680 878 10
9 1505 0
614 1304 12
134 1449 8
183 442 17
500 765 8
15 475 24
1213 1549 32
734 1187 38
104 902 23
589 697 19
694 1044 62
902 1003 23
1447 1515 17
504 1512 2
334 1061 23
1045 1480 8
501 1136 8
990 1009 38
96 1061 17
118 271 34
833 927 23
141 185 1
791 841 18
222 894 4
1131 1425 8
1 1522 34
922 1227 8
9 109 13
734 1492 5
672 1061 17
248 821 1
310 1026 35
634 1131 8
396 634 45
92 1420 17
127 365 25
959 1132 71
266 348 32
505 847 12
70 701 5
516 989 17
883 988 17
310 765 35
233 1468 17
497 1169 1
299 1377 5
585 604 23
366 1171 46
305 412 40
444 1362 0
50 299 10
345 999 8
6 298 7
441 1554 8
701 781 5
337 1085 17
1421 1433 2
771 1230 19
458 1305 12
84 845 23
213 1326 8
449 1077 5
566 654 23
150 1152 23
1078 1269 8
202 1557 79
511 708 17
520 1128 8
337 809 34
397 1271 24
72 630 10
480 778 71
68 608 4
810 1269 8
769 813 35
376 1223 8
206 322 10
767 1227 8
425 1481 32
62 1273 8
342 510 62
70 906 23
797 911 12
47 309 2
647 1238 8
338 1050 32
619 1045 10
877 1253 42
208 495 31
808 1009 13
9 104 0
988 1468 17
777 789 54
389 1536 17
395 1178 1
511 672 17
289 839 10
82 578 23
70 1283 23
564 1440 17
189 1419 8
363 1136 34
839 872 10
1058 1295 10
408 452 10
727 1420 17
96 152 17
736 989 10
363 460 34
236 1388 62
830 916 8
555 732 10
989 1448 17
708 1448 17
46 54 17
809 925 34
272 589 17
508 1463 1
998 1449 8
796 1465 8
345 1540 14
295 1275 17
1146 1448 1
247 757 62
429 450 1
1273 1444 8
585 1135 23
944 970 53
57 672 17
208 894 31
849 944 10
465 834 10
765 973 0
13 289 0
548 1085 17
130 1529 12
142 1271 17
74 1016 8
1209 1491 14
126 1054 34
680 1481 21
1131 1552 1
617 1300 10
368 1489 34
126 234 34
182 872 10
161 659 21
707 1206 39
464 543 2
341 747 18
654 1316 0
148 1213 32
266 952 7
85 615 13
188 1465 24
48 989 10
419 802 2
631 704 26
1269 1499 24
1118 1222 0
92 488 17
344 695 40
208 559 43
242 1407 17
1153 1480 34
262 359 54
476 892 8
96 727 1
457 848 17
47 971 2
375 614 40
103 872 20
787 1178 32
555 843 8
310 1489 8
812 906 23
9 405 0
615 697 10
678 1062 10
921 1489 8
249 511 19
469 668 8
484 902 23
646 1529 17
883 1420 17
626 1440 17
309 1167 27
323 594 26
619 660 2
9 566 71
131 794 17
198 216 62
447 918 0
736 1481 10
744 1228 32
1111 1221 1
726 1271 24
468 742 10
450 497 8
54 511 17
572 763 17
484 1067 23
93 877 17
1035 1473 8
131 1042 17
235 889 17
1035 1216 8
654 1024 62
338 1297 29
77 1564 8
490 617 10
45 430 29
467 1281 23
90 359 24
325 886 23
248 794 17
62 892 23
80 753 34
152 582 17
60 369 17
70 1062 23
875 1016 32
870 1326 1
431 880 7
108 561 17
247 976 19
289 681 10
337 672 17
766 1458 8
424 707 29
379 447 35
548 1403 1
206 224 17
50 988 17
649 767 23
198 1135 39
137 1152 23
121 455 12
99 276 1
617 1062 10
262 1513 54
766 1042 17
69 648 10
734 1423 8
709 833 23
305 674 32
710 844 11
852 1420 14
880 1351 51
631 1325 40
1401 1449 1
709 1045 23
566 635 21
16 280 34
287 730 10
124 988 10
297 383 17
317 942 17
576 785 8
249 697 19
1133 1209 24
132 1447 13
126 1190 34
337 1042 17
433 877 17
516 877 17
198 1417 39
182 295 10
1135 1279 14
1078 1203 8
334 449 5
1419 1536 1
568 1443 53
149 1316 40
77 182 2
407 955 4
405 775 40
771 1564 8
311 897 58
134 1128 1
82 359 41
927 1054 21
80 627 17
390 1351 51
188 703 24
0 1365 34
907 1376 5
561 807 62
808 938 13
352 927 23
337 477 10
180 297 10
782 1192 34
810 1017 8
845 1283 23
208 1211 37
1064 1146 45
703 906 34
314 564 17
674 1447 18
9 614 0
654 879 23
615 747 38
1045 1058 10
329 1228 32
190 809 34
609 977 8
369 589 10
500 1077 35
50 442 17
62 467 23
441 1245 8
340 693 17
234 543 34
259 334 8
1220 1449 32
765 1090 0
572 838 17
168 602 12
922 1061 8
703 1153 34
747 1445 69
185 802 10
554 1261 17
169 188 24
614 1305 12
576 1333 23
284 1221 8
235 1468 74
976 1230 19
428 672 8
863 1044 20
563 1167 27
329 1448 1
1018 1035 55
477 769 8
134 1443 36
299 1009 23
9 559 0
883 1042 17
1048 1444 8
501 1547 17
925 1481 5
34 1504 84
899 942 17
693 1448 17
9 378 13
376 1377 5
364 1564 8
268 619 15
165 1286 52
276 561 19
225 1128 1
1 753 34
170 1459 0
433 846 10
314 901 17
740 833 23
374 942 1
555 617 10
537 1064 17
233 390 17
89 782 10
1039 1133 5
124 1299 27
77 381 2
15 109 24
892 1148 19
149 502 40
883 1048 8
698 728 62
359 1118 12
877 1045 17
561 877 17
93 850 17
390 982 10
34 944 55
1269 1465 8
96 400 10
189 644 40
229 1491 1
899 1300 74
608 962 21
733 1108 72
899 1407 17
922 1137 8
1077 1458 8
248 1489 1
636 663 34
769 1319 14
1423 1564 8
989 1275 17
744 745 77
220 530 21
26 674 29
617 906 10
1300 1317 42
800 1064 17
345 1401 8
96 999 1
334 1481 5
667 796 14
305 1065 32
892 1465 23
60 501 17
812 1403 8
163 340 17
150 276 23
60 283 42
167 1440 17
138 148 32
261 709 32
845 927 23
497 1447 13
1377 1452 5
188 237 24
224 960 10
209 295 10
1353 1386 19
477 964 10
734 1540 8
1261 1540 8
1222 1458 14
324 1396 55
48 703 2
226 1113 21
697 1353 19
272 501 17
428 1010 10
305 1410 14
589 649 23
172 530 33
226 1399 10
834 1463 1
1042 1440 17
408 1067 23
120 904 10
846 1476 10
737 770 32
340 805 10
100 770 32
104 1499 8
905 1456 8
1211 1545 8
161 961 42
578 855 23
964 993 21
118 925 34
647 989 17
50 104 17
54 248 17
77 1227 8
107 471 52
631 1362 0
425 703 54
849 1071 1
746 1299 6
865 1039 5
291 1037 12
678 862 17
582 794 17
310 855 8
595 862 17
844 1496 21
782 795 34
1427 1496 23
1290 1556 14
707 788 29
138 364 32
806 1448 17
1120 1480 8
497 1391 13
295 942 17
368 877 17
59 80 21
495 645 4
519 1529 11
1035 1288 7
262 543 54
428 1564 8
678 763 17
185 628 17
519 973 23
795 1374 34
830 906 11
672 1510 33
1288 1425 1
576 1317 5
78 90 57
372 1461 7
1330 1445 14
1009 1294 29
907 1529 23
185 630 17
122 185 17
231 548 1
60 1317 42
50 452 10
291 952 12
9 1198 0
879 1319 8
452 1045 10
143 180 8
176 271 35
338 571 18
249 314 19
1220 1221 24
299 812 23
441 1078 8
848 906 19
918 1362 2
574 1395 45
183 647 17
113 408 42
82 138 18
830 1140 8
765 1203 8
212 1409 23
589 626 17
104 727 10
899 1502 4
283 555 17
295 438 10
683 1293 10
54 537 17
104 408 23
84 1427 23
564 887 17
1061 1251 10
441 878 87
464 944 10
230 1369 2
172 582 17
690 938 0
1054 1234 34
109 1032 6
914 1269 8
921 1064 23
578 608 23
594 1120 26
420 942 44
565 907 2
437 1529 11
709 781 23
907 1419 23
1137 1273 14
297 681 10
295 384 10
1062 1300 10
1049 1213 28
595 794 17
22 711 84
69 295 10
225 870 1
1211 1281 23
59 630 58
566 580 0
559 1049 43
685 1458 14
121 371 12
931 961 42
1188 1310 6
161 224 17
282 1293 52
690 1288 1
468 938 0
1120 1209 14
299 852 23
106 805 10
523 753 27
17 886 23
149 1403 1
122 582 17
242 711 10
849 1141 1
22 773 12
345 475 24
1307 1499 8
273 1216 8
288 942 17
693 1090 17
711 1153 50
46 767 17
476 659 8
626 1547 17
317 889 17
294 973 8
366 646 33
548 1545 1
45 1133 24
693 1131 8
120 701 37
282 1185 23
230 1128 1
414 553 10
401 1223 1
172 588 1
382 1253 42
493 1045 23
19 1250 35
576 1269 8
675 1269 8
9 368 13
222 953 4
1211 1552 1
390 669 11
1023 1146 11
479 1141 8
230 1500 2
765 900 0
619 646 10
1131 1399 14
902 1093 23
314 892 23
364 1009 29
468 1303 12
519 1048 23
425 462 41
183 1420 17
519 631 5
365 1187 38
785 931 29
744 771 17
615 798 38
588 1427 1
685 747 18
325 865 23
134 1330 47
608 1150 21
842 1481 5
137 334 23
742 882 10
801 1118 3
176 1100 35
81 1095 1
198 1232 23
479 1128 1
198 1058 10
563 747 49
126 368 34
959 1007 1
497 867 13
693 1464 1
295 337 17
57 295 17
507 1419 8
746 767 19
905 1129 8
366 930 20
888 1458 14
670 1547 17
1128 1131 1
9 581 0
96 801 1
1090 1118 3
324 1246 10
220 846 2
60 1281 23
646 1317 42
850 1427 23
519 1213 5
650 1206 39
180 396 8
734 977 8
736 1437 2
317 766 17
219 295 17
325 812 23
843 1035 8
1003 1325 5
276 1253 42
766 1141 8
182 559 10
559 973 10
172 669 17
282 849 1
80 989 17
737 1228 32
376 1178 8
124 289 10
869 1095 1
133 445 11
626 628 17
165 906 10
523 660 27
1133 1452 23
328 1466 14
80 942 17
938 1184 0
287 545 10
555 736 10
553 1293 10
376 594 26
1140 1463 1
1206 1250 38
490 553 10
1111 1265 8
17 1078 23
22 888 14
295 727 10
396 597 32
602 609 8
281 294 17
49 1050 32
862 961 42
1290 1326 14
226 834 42
988 1244 17
740 1303 5
359 1303 12
142 217 10
464 1172 35
50 337 17
180 1425 8
137 852 23
26 707 29
85 963 0
118 1190 34
1277 1457 8
1080 1449 8
529 680 10
441 1474 14
1419 1492 5
311 428 8
508 1457 1
578 1386 33
340 383 17
90 1007 8
709 1447 18
740 879 23
85 630 0
561 1044 19
654 1064 23
79 671 12
334 1016 8
578 1529 23
57 676 10
310 1261 8
103 1148 19
572 1261 17
646 1064 17
775 794 17
122 897 45
654 1048 23
280 322 2
338 1103 14
419 711 53
93 381 10
1152 1376 5
457 1310 20
1480 1545 8
914 1563 8
62 500 8
564 1448 17
930 1135 0
830 989 17
500 1140 35
104 337 23
116 278 26
1050 1213 32
1234 1419 8
305 785 40
208 991 38
1062 1377 5
322 932 2
289 1481 5
519 1136 23
339 998 67
198 976 19
441 1419 8
1279 1508 14
216 337 62
1247 1288 1
693 1221 8
209 648 10
479 1449 8
564 1261 17
497 971 13
1269 1403 8
744 988 17
576 1281 23
809 1153 34
34 942 1
519 855 23
137 921 23
396 775 40
20 363 34
219 693 17
236 276 62
122 1009 45
659 1444 8
555 942 1
70 1377 5
663 1025 34
248 572 17
225 1462 8
690 932 36
906 1271 17
425 1007 54
271 447 0
390 1010 10
75 1299 30
671 998 12
82 896 18
614 1062 10
178 806 17
70 1462 8
7 1222 2
1216 1483 8
374 549 12
805 1045 10
659 734 8
4 1067 23
938 1506 13
108 570 8
1131 1556 8
766 834 45
142 295 17
139 737 32
428 1534 23
429 1483 8
711 1300 10
1017 1137 8
311 1043 10
470 906 17
1234 1363 29
124 1476 10
50 802 10
133 1462 8
1132 1269 40
865 878 87
369 1440 17
582 883 17
125 882 70
60 834 42
1009 1297 39
384 1443 2
1133 1220 32
12 419 0
212 1350 5
1333 1547 23
268 830 8
60 519 11
299 648 10
482 782 34
46 224 17
209 964 10
512 1474 34
636 1007 8
104 325 23
366 1230 19
103 499 48
46 1295 17
198 619 10
726 959 38
1086 1288 1
97 508 1
1419 1452 23
220 566 21
143 801 8
20 280 34
310 449 62
235 553 10
830 872 10
383 1061 17
649 1250 35
305 1268 32
1269 1459 40
688 1415 34
96 1103 1
352 566 23
660 867 2
490 849 10
374 572 8
1067 1234 14
48 697 10
850 922 8
1048 1443 8
100 854 32
455 998 12
395 425 41
390 445 11
45 412 40
484 730 10
848 1296 17
650 1366 60
338 1216 14
93 767 17
97 1296 1
322 614 43
390 1407 21
630 867 10
224 561 17
263 938 2
484 1481 5
208 387 67
582 1464 78
921 1093 23
371 671 12
516 1045 17
944 955 4
82 1185 23
9 409 13
681 1369 2
564 843 8
13 566 0
602 921 8
169 1009 29
408 886 23
734 1062 23
231 830 8
1098 1137 34
856 988 59
608 1152 23
74 1415 34
424 1294 29
429 1449 1
433 775 17
892 1135 23
574 589 17
1035 1239 77
149 1458 1
470 501 17
291 1007 12
896 1449 8
82 781 23
75 972 62
531 921 8
22 441 8
1238 1549 1
54 314 17
1245 1396 38
396 842 23
311 322 10
683 1547 10
12 409 13
632 1481 5
1136 1438 23
630 1343 10
90 1128 1
381 1131 8
188 216 24
720 1420 37
261 1521 32
299 781 23
172 395 1
686 767 17
791 1008 39
602 886 23
314 1077 23
709 1494 23
589 1273 14
99 1417 1
588 1419 1
167 1054 17
4 299 23
375 1221 5
69 324 10
477 1463 1
632 1220 1
1448 1554 8
390 479 11
632 855 23
276 519 11
217 746 41
249 484 17
18 563 12
130 1007 30
384 1300 10
378 408 10
879 1423 8
4 602 23
9 1300 0
12 85 13
108 134 1
138 920 32
444 1153 21
796 1232 8
901 1467 89
1017 1103 8
133 1420 11
537 1432 21
361 777 4
9 490 13
843 1519 35
484 1317 5
736 743 8
317 1238 8
855 1077 23
253 490 10
660 787 24
185 627 17
425 1206 39
530 701 62
22 813 15
131 830 17
239 683 9
552 657 40
303 462 72
843 1221 8
116 326 52
493 1280 19
345 1084 24
732 1462 8
999 1427 23
17 104 23
92 775 17
365 988 10
690 734 8
581 608 21
271 808 0
167 708 17
365 670 66
892 1325 5
389 627 17
235 964 17
212 1465 23
137 1273 14
170 220 0
1054 1064 45
276 635 21
303 478 26
104 574 17
576 672 8
235 407 10
1046 1480 8
152 1449 1
90 668 29
168 663 34
143 1552 1
225 602 3
12 608 0
74 185 8
12 654 0
537 944 10
775 988 17
555 1489 1
907 1129 1
502 661 40
1214 1362 2
1133 1268 8
589 1048 23
209 846 10
914 1462 8
408 1386 19
631 945 64
585 1376 5
113 627 17
629 1363 29
278 294 26
38 791 16
565 1552 1
299 1039 5
1243 1527 71
467 767 23
376 769 8
1048 1077 23
310 578 14
383 850 45
604 930 0
1061 1244 11
383 582 17
568 572 7
493 892 23
883 1017 8
1128 1169 8
231 501 17
107 149 1
769 960 28
849 855 25
188 1022 24
554 849 17
259 1239 29
429 508 1
219 272 17
280 1374 34
1017 1136 8
287 892 17
1169 1333 8
96 1128 1
883 1440 17
484 841 23
570 1084 24
787 921 24
288 1326 8
502 1473 23
348 770 40
814 1222 2
609 1090 8
585 781 23
543 627 30
0 565 34
545 1476 10
740 1331 51
589 617 10
548 1476 17
379 1213 28
80 1407 17
219 295 17
109 760 7
6 1487 67
79 80 50
142 212 17
79 580 0
555 964 17
1063 1221 8
1466 1547 1
1326 1458 8
311 632 23
0 663 34
604 1529 23
339 1094 2
85 1301 13
185 734 8
632 830 11
75 1008 41
131 1296 17
96 872 10
1042 1547 17
1481 1496 5
842 1152 23
1048 1071 8
272 839 10
278 589 26
249 1275 17
644 1095 1
442 766 17
878 962 70
870 1465 22
231 297 17
602 1169 8
124 537 10
938 942 0
944 956 4
1101 1220 24
1265 1553 8
571 1172 38
325 1271 24
554 863 10
499 746 19
1093 1377 5
812 876 23
281 289 8
549 838 52
906 1024 62
999 1492 5
104 649 23
490 730 10
124 1045 10
163 390 21
1118 1521 32
856 862 59
208 1045 10
106 441 10
126 294 34
419 876 69
444 1061 7
368 1326 8
601 921 35
9 1092 71
125 863 70
531 1178 29
1473 1490 47
229 1140 1
567 1100 8
334 447 13
365 865 87
450 502 23
709 1333 23
744 1140 77
608 734 23
142 710 17
85 368 13
46 614 50
22 1515 12
654 1171 46
887 1045 17
452 998 67
1054 1364 21
502 1007 12
646 1148 17
259 1203 14
15 795 34
646 648 10
428 1228 30
1228 1547 30
79 764 64
26 770 29
365 971 2
149 436 1
126 1381 34
755 1351 51
688 842 34
299 1400 37
84 428 23
50 108 17
334 337 23
175 1458 8
578 833 23
247 1353 19
765 962 0
9 630 0
1077 1534 23
839 1420 17
161 1049 10
79 1350 40
589 736 10
340 886 23
299 892 23
1077 1213 5
93 806 17
62 253 23
79 765 0
907 1494 23
409 1451 14
99 185 17
428 1058 10
827 1054 50
185 1064 17
108 632 1
922 1271 8
259 1269 8
1377 1443 53
334 1185 23
90 1269 8
1 1474 34
882 960 10
964 1448 17
99 1216 1
653 704 26
108 176 8
305 329 32
545 1167 27
96 310 71
1221 1279 14
1135 1449 8
647 1253 42
198 746 19
626 734 8
334 1111 8
183 1095 17
108 242 1
470 845 23
442 771 17
120 1211 37
337 502 23
589 865 23
730 1496 53
865 1133 23
1078 1185 23
305 789 32
553 1111 10
376 1464 8
288 1136 34
100 1297 32
854 1521 32
738 1004 41
125 932 53
213 1273 8
253 732 10
775 1085 17
235 1547 17
747 1427 23
400 846 10
602 671 12
374 1529 56
81 288 11
414 1420 17
766 1171 20
188 1363 24
1067 1093 23
198 1253 42
161 872 10
253 930 0
282 796 8
902 914 23
449 519 5
168 1007 12
57 561 17
273 1366 60
50 1064 17
497 1232 1
659 767 23
289 352 23
134 702 7
785 1491 14
580 730 0
744 1547 17
464 703 2
1203 1401 8
0 209 34
428 440 8
245 1159 21
1401 1494 1
168 1100 34
872 1158 67
579 938 2
280 906 34
989 1058 10
260 1351 51
172 1420 17
288 1261 17
1273 1491 14
519 589 23
124 564 10
675 983 38
132 419 0
564 678 17
96 768 1
247 973 19
163 1440 17
1049 1511 20
54 499 17
381 697 10
148 425 32
1203 1419 8
988 1458 8
810 870 1
25 676 37
701 1547 5
781 1045 23
1185 1492 5
511 1440 17
80 600 23
441 1462 8
260 746 14
589 830 17
161 1397 19
208 1067 70
744 1129 29
849 1545 1
13 615 13
1023 1153 11
602 1463 1
97 921 8
56 737 32
317 1481 11
401 1111 1
159 359 41
80 1049 8
185 414 10
198 734 23
813 1026 35
365 572 9
280 1268 34
266 359 32
896 1294 29
288 679 34
142 499 17
152 1508 1
206 1062 10
1477 1526 38
1067 1409 23
131 1529 17
85 1035 0
184 1552 1
1269 1273 14
682 1541 7
942 1512 2
289 567 23
1131 1417 8
565 872 2
262 778 71
951 1351 51
133 1175 21
609 843 8
1259 1268 34
457 892 17
566 902 23
676 742 10
209 1381 34
512 847 12
385 1380 38
1221 1288 1
299 387 67
636 1009 23
4 375 5
972 999 62
1419 1473 23
271 690 36
280 1226 40
702 1129 1
961 1547 42
52 1463 1
475 703 24
383 680 17
409 765 13
338 397 29
537 927 21
337 1035 9
775 964 17
208 927 70
222 1131 8
248 783 10
478 690 26
1209 1297 29
588 1440 17
844 982 10
230 892 10
688 1050 34
311 408 23
679 1259 34
609 1151 8
497 742 13
1 1259 34
47 727 10
259 364 29
275 280 2
133 288 11
220 1067 21
62 441 8
325 685 32
597 738 56
849 1268 1
849 913 1
15 169 24
311 989 17
120 727 10
368 834 8
127 1035 36
742 765 13
850 1496 23
468 563 2
923 971 54
431 1536 45
879 1268 8
160 1481 11
253 564 17
408 619 5
208 894 31
289 907 23
602 1077 23
50 365 10
581 844 21
249 272 17
72 1246 10
1058 1420 37
345 469 8
249 390 17
428 1409 8
430 1220 24
899 1295 17
9 690 0
1401 1554 1
135 1202 7
231 843 8
289 1496 23
395 1508 22
516 1054 45
287 564 17
615 631 10
209 753 34
36 1481 11
801 894 4
663 1027 34
999 1438 23
165 340 10
973 1350 42
407 1369 2
576 1376 5
212 646 23
374 1137 34
578 1499 14
879 1409 23
361 1529 4
1515 1541 7
914 1494 23
812 1540 8
970 1169 8
185 730 10
892 1499 8
564 1010 10
60 566 23
1045 1492 5
54 501 17
744 1448 17
563 892 1
578 1458 14
206 1300 17
879 1275 8
383 646 17
631 1048 5
79 337 10
251 408 42
850 1300 17
182 999 23
366 734 35
0 576 34
9 783 13
656 1481 66
222 291 12
609 659 8
429 1120 1
49 566 53
283 1261 17
921 1281 23
314 1253 42
359 431 7
785 1129 8
530 697 19
182 740 23
631 798 64
376 1319 8
259 602 3
167 520 20
744 1476 17
143 1017 8
70 314 23
108 734 1
4 62 23
15 925 24
813 981 15
168 291 12
589 632 23
249 470 17
543 841 49
608 827 53
275 299 10
20 1381 34
1067 1159 21
672 680 17
974 1137 34
60 571 42
708 1146 45
248 734 8
1275 1458 8
727 1095 1
441 680 10
75 899 62
1064 1135 23
588 1086 1
1135 1296 8
359 1147 40
827 971 44
172 206 17
794 887 17
659 1048 23
168 753 30
576 1245 8
602 970 3
1261 1269 8
262 738 41
1223 1275 17
9 464 13
469 1277 8
445 519 11
732 1049 87
462 1481 32
576 1009 23
361 981 4
108 1433 2
927 1135 23
844 1016 32
738 1238 56
892 938 0
226 968 16
337 510 19
297 686 17
322 839 10
324 1111 10
206 468 10
137 1061 23
242 887 17
189 669 40
690 828 7
693 1407 17
54 185 17
938 1512 13
9 108 0
1135 1552 1
516 733 44
93 233 17
707 1363 29
401 1060 1
523 867 27
253 449 62
291 998 12
57 103 17
505 927 53
69 118 34
130 1253 12
801 879 8
167 1115 17
892 902 23
441 968 8
408 961 42
81 602 3
291 434 4
437 1185 23
22 361 4
730 840 55
646 1133 8
999 1288 1
914 968 8
338 1419 8
531 914 8
338 1273 14
284 497 8
647 1295 17
110 127 36
51 60 42
369 1295 10
149 450 1
1128 1423 1
450 609 8
188 1007 24
295 678 17
709 1077 23
1211 1275 8
62 1169 8
276 378 10
365 1186 37
531 1211 29
50 732 10
59 961 42
1009 1131 8
545 849 10
683 1049 10
253 1223 17
490 906 10
218 1112 7
634 1216 8
742 805 10
9 86 0
634 1146 45
555 1085 17
222 280 2
139 329 32
322 495 31
1363 1489 1
730 906 10
732 1547 10
674 852 32
180 1420 37
441 1269 8
82 709 23
870 1035 1
876 896 18
46 1273 14
636 769 8
401 766 1
364 914 8
632 1198 23
548 1282 1
667 1171 38
478 896 26
609 1552 1
311 615 10
1473 1494 23
609 1499 8
747 1494 23
81 1141 8
468 970 53
253 709 23
660 1279 34
470 588 17
195 815 7
100 787 32
763 1464 1
493 1275 17
405 1220 32
971 1032 6
582 1295 17
1035 1564 8
960 1420 37
646 850 23
276 449 62
406 497 13
734 922 8
9 867 13
149 1554 1
106 198 17
188 467 32
6 914 7
580 971 13
484 502 23
276 465 10
148 876 18
373 1408 42
879 1300 8
565 961 12
1185 1473 23
1133 1333 23
857 938 13
479 1468 17
133 999 23
553 614 10
999 1009 23
225 983 38
54 959 78
168 571 17
914 1078 23
428 582 8
475 1540 24
710 1054 11
1018 1127 55
185 1169 8
142 247 33
701 720 73
697 862 17
295 548 17
414 554 10
242 561 17
1239 1363 29
490 973 10
1042 1045 17
139 359 32
15 177 24
98 765 2
161 222 10
172 247 33
409 1007 8
1402 1556 14
172 1095 1
242 555 17
646 1090 17
678 989 17
530 1061 19
408 604 23
132 1184 0
478 683 26
248 559 10
408 494 10
501 1299 30
149 364 1
632 906 11
690 830 8
235 1280 19
1131 1547 8
646 1042 17
80 855 23
226 608 21
680 863 10
97 1093 1
373 1317 42
110 938 0
1131 1448 8
82 961 42
275 988 10
668 1449 8
614 1500 55
998 1513 12
96 676 10
13 447 13
1005 1461 7
1234 1269 24
130 1488 61
1136 1333 23
317 389 17
231 288 17
337 879 23
78 619 15
433 736 10
849 1203 1
172 1295 17
464 932 2
234 688 34
643 913 16
668 1269 24
428 1045 23
791 1213 32
46 253 17
676 973 10
1261 1476 17
104 1039 5
773 1380 38
1462 1471 8
553 630 10
172 310 8
198 261 39
753 1167 27
698 757 62
455 675 53
767 1281 23
141 1265 3
126 280 34
206 488 17
449 925 5
129 1010 52
632 1534 23
196 1128 1
954 1338 31
129 489 52
497 668 0
266 1009 8
433 850 11
132 502 0
494 1387 7
563 1008 39
1064 1221 23
511 1347 51
1239 1296 8
462 1005 72
45 1297 29
46 1060 8
709 1221 23
401 1290 1
288 654 8
122 693 17
727 736 10
707 901 29
172 178 17
1386 1448 17
108 520 8
512 549 12
900 1512 2
769 1512 2
220 1397 21
134 1203 14
1100 1282 34
120 1288 1
600 1093 23
1211 1363 29
430 1046 29
57 1042 17
170 1090 0
505 1303 12
239 962 0
1447 1466 14
295 457 17
555 734 8
1133 1307 8
172 1133 23
676 697 10
690 823 7
736 1350 40
182 914 23
833 1525 38
104 1077 23
152 1459 1
225 609 8
231 775 17
499 709 23
433 1223 17
132 368 13
502 549 12
118 362 34
444 608 21
85 390 13
600 740 23
185 559 10
545 617 10
396 1062 23
368 753 34
51 337 21
176 663 35
82 262 41
425 455 54
812 1048 23
294 1303 12
1477 1504 38
385 1299 6
993 1136 8
17 1093 23
462 471 72
626 1564 8
82 1220 24
407 840 2
476 1499 8
51 1238 8
1077 1093 23
906 1452 23
419 659 53
412 1316 0
108 1536 8
72 904 10
1003 1468 23
62 896 8
548 970 1
172 659 23
176 671 15
272 1061 17
104 1211 23
797 1305 12
476 1269 8
93 1153 17
708 1296 17
567 1185 23
282 1325 5
738 755 41
22 339 27
876 1409 23
490 944 10
734 1271 8
180 295 10
69 683 10
9 134 0
295 887 17
468 675 53
328 1220 24
1213 1490 32
1133 1325 5
90 901 29
260 1232 1
756 1186 37
288 647 11
765 854 13
334 1187 38
362 425 41
1093 1283 23
580 983 38
777 1502 4
189 242 1
142 999 33
82 133 23
734 1046 8
160 1118 3
630 1044 19
1101 1535 14
398 808 0
84 493 21
103 767 19
675 1265 3
384 1054 50
378 782 10
854 1566 32
168 407 2
261 1481 32
365 878 10
845 944 5
121 512 12
145 1341 77
50 499 17
865 1400 37
180 955 4
217 262 41
364 1220 32
733 978 72
234 460 34
325 359 54
1152 1317 5
1271 1451 24
830 867 10
813 1288 1
554 1172 20
1063 1238 8
1185 1350 5
465 600 10
436 1330 47
36 742 11
145 202 77
709 841 23
1261 1547 17
578 1135 23
237 1545 8
797 1037 12
62 1009 23
609 914 8
77 839 2
876 1481 23
464 1317 40
428 961 42
678 727 10
507 684 8
571 675 69
288 1283 21
376 1220 24
266 1271 8
834 933 42
283 1090 17
247 333 62
627 1044 17
476 1552 1
317 1221 8
69 79 10
429 1265 1
89 582 10
161 604 21
294 688 34
802 849 10
512 753 30
962 1157 51
879 1480 8
408 1448 17
15 812 24
152 970 1
424 1084 24
465 1045 10
869 1476 17
654 744 17
821 906 34
209 1474 34
630 1261 17
812 1376 5
121 671 12
653 1480 34
468 659 53
672 907 10
572 921 8
1282 1480 34
1111 1489 1
172 508 1
855 1438 14
271 891 25
152 381 10
834 1045 8
1536 1549 1
82 990 38
964 1067 21
809 1316 20
169 475 24
374 1464 1
202 1203 8
944 1497 55
131 964 17
249 1061 19
1444 1563 8
1118 1433 2
85 1512 13
862 877 17
9 1035 0
168 322 2
1362 1515 13
37 849 1
409 580 13
283 322 10
224 493 17
407 973 10
589 973 19
922 938 0
231 511 17
769 1171 35
878 954 31
977 1216 8
93 322 10
646 672 17
559 1377 40
231 734 8
497 1301 13
118 176 8
324 1512 2
572 1048 14
543 1474 34
339 971 2
507 609 8
654 1476 17
841 1078 23
108 184 8
69 734 8
672 783 10
247 272 33
447 1171 35
922 1463 1
437 566 23
230 401 1
248 381 10
482 1136 34
60 574 17
1295 1448 17
93 964 17
810 1296 8
482 520 34
324 447 0
361 891 82
206 369 10
161 1464 1
1125 1462 14
37 588 1
1258 1519 35
484 834 17
441 1448 8
266 849 8
75 960 20
554 680 17
875 1366 60
82 348 18
234 1146 34
1449 1465 14
424 639 29
247 999 19
585 892 23
340 366 19
767 993 58
433 806 17
787 1129 29
1111 1540 8
993 1054 21
167 678 17
266 1141 8
60 457 17
848 1095 17
220 742 21
371 425 41
325 740 23
834 877 42
68 291 4
865 1213 5
167 251 42
516 672 17
646 1407 17
537 1164 66
381 1090 10
96 442 17
476 1427 8
839 944 10
249 1347 51
248 708 17
240 1351 51
1131 1423 8
109 1343 12
568 794 50
883 1169 8
602 1133 14
369 1223 17
604 1198 23
879 1288 1
576 1472 8
688 904 34
249 647 19
493 942 8
834 862 42
690 1102 7
4 1316 0
108 245 8
137 1185 23
262 636 41
697 877 17
437 693 17
902 906 10
266 913 8
499 1039 5
476 1063 8
494 904 10
686 1062 17
282 1206 39
89 678 10
756 1050 32
1221 1471 1
672 1489 1
484 614 10
196 602 3
841 892 23
476 727 8
220 510 21
450 1556 14
202 938 0
248 253 17
104 757 62
765 971 13
220 1338 21
879 1133 8
709 1128 1
96 1363 1
341 854 32
1048 1350 5
701 1133 5
322 991 38
880 1317 7
615 841 38
13 783 13
169 359 24
364 396 29
430 1273 8
737 1465 14
46 126 34
801 1046 8
441 849 1
567 1463 1
449 493 62
226 566 21
48 484 10
649 1281 23
184 452 8
96 440 17
292 436 77
511 989 17
428 925 23
276 442 17
419 872 2
738 808 13
636 659 23
99 1545 1
801 1290 8
74 1417 34
299 572 10
737 844 32
1045 1185 23
649 1534 23
484 1494 23
253 747 23
160 921 8
580 867 13
794 821 34
259 744 29
185 711 10
602 660 12
407 672 10
441 1380 2
245 944 2
795 1025 34
1103 1423 14
82 329 18
709 1420 14
619 727 10
1062 1350 5
1017 1261 8
396 1253 42
869 906 17
107 1286 52
549 580 13
125 676 70
208 1044 20
428 600 23
352 781 23
501 869 17
247 366 19
1151 1489 1
614 680 10
9 420 13
765 1323 46
1126 1288 1
273 1269 8
464 795 27
709 1265 3
185 289 8
582 834 45
849 1401 1
1039 1221 5
168 703 30
457 488 17
499 907 23
325 1521 32
1185 1494 23
1295 1529 17
48 555 10
291 1118 12
653 942 1
161 502 23
182 508 1
68 291 4
390 469 11
229 673 1
100 1483 32
636 1045 8
79 676 43
120 576 8
882 927 70
720 1213 28
276 1515 44
1406 1473 8
340 855 8
189 643 16
1054 1554 34
680 848 17
437 578 23
830 896 8
167 999 33
338 1265 3
251 382 42
906 1221 23
684 1333 1
185 879 8
771 1295 17
719 1153 34
1245 1380 38
294 334 17
85 373 13
519 654 23
455 500 15
659 740 23
90 390 29
340 863 10
239 329 13
108 383 1
269 1153 21
209 1146 34
668 1512 2
479 530 33
468 565 2
51 268 35
508 1480 1
299 510 20
108 1472 1
732 904 10
15 520 34
1261 1452 8
886 1409 23
118 719 34
248 574 17
182 1464 1
282 428 23
478 590 26
484 848 17
168 1153 34
390 614 10
287 490 10
676 753 2
371 549 12
93 570 17
425 601 41
259 345 29
9 502 0
444 566 21
507 1131 8
262 563 54
161 808 13
1111 1473 8
325 1135 23
1333 1521 32
213 1480 8
627 676 10
172 563 1
268 777 15
631 904 10
870 1547 1
484 1534 23
1178 1297 29
288 555 11
470 1353 17
634 1148 17
734 1085 8
172 1536 1
283 681 10
904 1374 34
259 1211 8
561 595 17
59 1408 42
396 661 29
25 1338 37
46 844 11
124 589 10
180 429 1
510 578 33
615 1517 10
239 850 13
601 1026 35
843 1268 8
576 812 23
686 1271 17
189 882 21
634 1444 8
89 226 2
338 1534 1
96 1415 1
26 390 29
678 907 10
576 1564 8
175 310 8
673 1223 1
457 1547 17
60 1223 17
196 875 32
56 968 29
69 365 10
644 1464 1
188 1366 60
89 209 10
397 668 29
848 1529 17
48 167 10
289 876 23
1425 1471 1
1232 1443 1
322 506 67
337 697 19
801 1111 10
237 1394 13
561 1148 19
1135 1178 14
477 493 10
787 1050 32
70 1045 23
1216 1425 8
161 1128 8
108 1133 1
870 921 22
493 1157 51
468 845 5
219 559 20
1209 1271 24
429 758 1
46 507 8
882 1067 70
369 783 28
843 1211 8
467 1468 17
369 501 17
468 519 5
369 1064 17
619 872 43
458 1351 51
1249 1448 17
478 944 26
497 765 8
872 901 10
289 698 19
1273 1319 14
888 1491 14
133 249 17
77 322 37
921 1071 8
683 727 10
96 906 1
93 867 10
911 998 12
62 1399 47
297 1420 17
571 834 42
376 704 26
631 679 2
782 805 10
452 600 10
844 993 21
709 1203 14
545 563 2
609 1417 8
467 1406 14
22 1071 14
57 1062 10
510 680 17
183 1547 17
619 933 53
428 872 10
325 797 54
163 167 17
70 767 23
533 1190 34
850 1213 5
1279 1466 14
1064 1296 17
763 883 17
1152 1409 23
180 956 4
57 167 17
467 1547 23
80 902 23
56 1521 32
709 1133 23
36 1054 11
272 1407 17
97 1333 1
447 905 13
777 961 12
942 1135 1
796 809 8
217 1377 40
180 794 8
563 1305 12
1449 1491 14
104 1481 23
626 1042 17
902 1061 23
465 1476 10
150 282 23
104 553 5
160 1153 11
671 894 4
276 1299 30
142 465 10
16 1234 34
137 537 21
118 1374 34
855 1534 23
182 1333 23
245 973 58
508 1444 8
224 686 17
590 592 32
703 944 2
1299 1529 6
1153 1481 11
850 877 17
70 276 23
879 1060 8
82 585 23
554 602 3
365 1128 8
70 143 28
378 971 2
288 1146 11
441 1213 28
563 688 34
104 821 1
150 927 23
24 1066 16
337 537 11
363 1315 34
131 869 17
13 1299 13
626 634 17
512 1443 30
1399 1425 14
585 907 23
185 1131 8
68 956 4
345 850 8
293 744 77
808 1515 13
93 827 7
262 1118 54
1048 1563 8
896 1118 3
437 634 17
839 1062 10
561 766 17
395 1128 1
363 794 34
208 1061 10
482 1137 34
184 849 8
314 608 23
80 827 50
4 1494 23
169 787 24
520 1523 34
675 1458 14
46 196 8
442 964 17
543 1171 35
368 580 13
913 1007 1
1399 1466 14
294 433 8
781 1135 23
766 1420 17
407 433 10
932 957 53
516 654 17
180 433 10
182 636 23
452 834 10
497 559 0
760 1351 51
1 512 34
1425 1536 1
437 796 8
512 1271 24
475 942 24
925 970 28
537 1407 21
872 1048 8
149 1363 1
237 1300 0
604 852 23
1211 1325 5
152 452 1
395 1464 1
781 1136 23
942 1078 1
494 867 10
96 595 17
646 1093 23
812 842 8
213 470 8
70 104 23
152 369 10
196 1294 29
130 549 12
555 902 31
516 595 17
288 440 17
103 198 48
245 444 21
281 991 38
231 253 17
364 852 32
783 1090 10
767 886 23
900 1269 8
1129 1290 1
208 1443 2
311 537 17
289 1296 17
108 1425 1
17 1452 23
561 1223 17
894 899 4
266 362 7
1064 1419 23
1129 1363 1
659 1061 23
710 862 17
142 408 17
172 299 23
186 1251 10
675 867 2
216 601 62
62 493 8
139 685 32
208 1293 10
1275 1407 17
647 1476 17
597 961 12
639 785 29
499 1152 23
249 1223 17
54 182 10
407 867 10
942 1077 1
217 280 2
452 787 8
1016 1118 32
654 1283 23
51 566 21
566 765 0
46 684 8
477 1444 8
337 493 19
585 709 23
636 955 4
588 1402 1
841 1494 23
493 1511 19
60 897 42
631 1067 53
237 604 0
545 834 10
131 231 17
854 1232 1
381 1540 8
497 1022 0
84 602 23
440 862 17
834 1049 8
619 988 10
548 1223 1
566 676 70
150 1547 23
581 635 21
1249 1319 40
500 1129 8
168 614 2
17 1152 23
324 1049 43
248 1232 1
69 1131 8
902 1009 23
163 630 17
266 1245 8
276 877 17
1135 1320 14
222 627 10
15 116 24
75 697 19
97 180 1
537 1399 10
615 1045 10
1048 1185 23
373 993 40
1317 1333 5
1228 1273 8
476 1300 8
467 801 14
220 1153 21
801 1491 14
124 1135 14
563 999 1
230 499 10
134 942 1
765 905 13
22 495 4
60 1232 42
447 1522 13
292 1213 32
9 631 0
1061 1449 8
337 701 62
566 925 23
340 1249 19
170 1465 14
108 447 0
288 1408 42
1451 1535 14
1064 1452 23
771 1300 8
654 681 10
364 1232 22
808 1512 13
810 921 8
921 1549 8
1049 1090 10
601 746 41
168 998 12
636 976 19
497 930 13
107 471 29
925 1213 5
329 1419 8
619 1048 5
376 1061 23
730 794 50
602 1141 8
376 1090 8
293 572 44
26 266 29
467 1045 23
1093 1409 23
1316 1459 0
1288 1547 1
419 1035 36
1178 1296 8
1206 1228 39
1024 1388 62
226 808 0
626 1300 17
172 561 17
460 914 34
942 1273 1
168 425 54
242 998 1
334 1556 8
249 889 17
475 743 24
627 1148 17
502 892 23
581 1113 21
22 1462 14
566 930 0
886 1273 8
674 788 29
503 1444 8
608 1376 5
419 787 32
566 889 21
1120 1427 14
931 1211 29
229 328 1
361 878 31
925 1185 23
465 973 10
531 629 29
116 1084 24
1247 1489 1
183 775 40
812 1417 8
57 744 17
450 1465 23
1120 1545 14
555 839 10
245 563 9
886 1269 8
212 1438 23
493 746 19
161 1078 23
709 1136 23
233 289 19
85 1394 13
389 493 1
1288 1402 1
455 1074 12
54 133 17
850 1269 8
299 1335 67
17 408 23
467 1481 32
730 1304 12
499 1185 23
531 1552 1
122 437 17
475 507 24
1067 1438 23
769 1140 8
681 971 2
1288 1419 1
77 676 37
225 879 8
46 488 17
222 1462 8
646 846 10
142 433 17
143 836 28
97 632 1
345 1563 8
82 1409 23
338 471 29
876 1161 23
251 635 42
276 1319 40
176 764 35
801 870 1
441 840 2
1315 1549 34
46 90 8
317 1529 17
632 1131 8
188 325 24
167 555 31
572 1168 31
927 999 23
537 846 2
905 1490 47
736 753 2
914 1131 8
1118 1206 39
109 614 12
104 441 10
1247 1265 8
368 1227 8
401 1452 1
519 872 28
1128 1228 1
765 1232 1
25 222 37
533 1523 34
57 1064 17
441 998 14
288 710 11
676 925 28
259 668 29
188 563 24
432 567 7
719 1167 27
348 744 77
821 1419 1
476 993 8
182 297 10
339 359 24
537 617 10
737 1239 32
841 1135 23
567 841 23
537 1153 11
104 497 0
9 1443 0
50 887 17
747 1031 6
850 1283 23
1048 1103 8
182 1293 10
636 1540 8
180 672 8
1281 1283 23
921 1417 8
597 1527 38
447 1203 8
794 1085 17
497 1506 13
787 1457 32
734 1169 8
149 1095 1
773 911 12
1146 1449 8
1283 1529 23
559 582 10
499 1227 8
280 681 2
366 630 19
96 554 17
96 224 17
219 523 30
424 602 3
161 467 23
574 1448 17
484 709 23
104 636 23
294 1409 8
287 288 17
856 877 59
36 964 11
133 1164 21
324 927 53
429 1086 1
69 1010 10
848 1319 40
22 869 8
508 1265 8
161 239 13
801 1245 8
438 1062 10
217 600 10
960 1387 7
850 914 23
339 631 10
626 1261 17
51 783 2
299 801 87
508 1221 1
630 848 19
1477 1510 38
626 1048 8
39 1279 34
680 711 10
131 588 17
364 425 32
17 1465 23
60 1114 59
462 981 72
672 1100 20
282 604 23
850 1223 45
39 533 34
490 711 10
750 808 2
1062 1148 10
72 962 2
50 678 17
79 627 10
1288 1363 1
465 1481 10
149 202 1
501 1529 17
670 742 11
132 963 0
501 1238 8
464 512 2
141 1362 0
927 1496 21
297 801 10
283 383 17
842 999 23
275 660 2
271 406 16
48 808 13
490 697 10
428 863 8
133 216 5
152 1148 17
905 1209 40
77 276 37
142 1440 17
37 638 55
796 1133 8
619 773 61
378 470 10
830 1295 17
428 602 23
325 455 54
830 1483 8
289 1386 19
149 1473 8
742 1343 10
927 1166 21
765 1473 8
830 921 8
1234 1474 34
627 1353 17
396 1211 23
1103 1464 1
566 1496 21
604 1362 0
568 1153 50
291 538 4
208 530 20
781 1093 23
288 520 34
108 476 1
709 1447 18
17 660 50
432 883 45
763 1565 8
608 635 21
841 1171 38
801 1062 10
869 1061 17
217 1399 10
798 1250 35
395 1273 1
62 567 23
801 1416 14
57 369 10
499 730 5
157 812 8
1186 1533 51
531 1462 8
167 889 17
157 1203 8
72 1362 13
226 1496 21
0 679 34
1084 1209 24
299 479 10
672 1511 33
890 922 8
449 740 62
9 405 0
1057 1465 1
82 253 23
654 678 17
1126 1376 84
213 961 42
372 726 7
570 639 40
216 510 62
272 295 17
248 468 10
561 1061 48
490 493 10
108 1307 1
1408 1547 42
284 345 8
791 833 18
359 755 41
20 1027 34
970 1213 28
287 572 17
769 808 0
80 844 11
781 1206 39
325 842 23
261 791 32
678 889 17
914 927 23
364 668 29
508 554 1
108 1466 1
676 1295 10
730 1376 40
956 1529 4
216 855 5
1063 1227 8
512 1007 12
79 559 65
1419 1556 8
292 1141 14
428 501 8
561 892 48
1464 1545 1
1128 1140 1
408 1271 17
1136 1540 8
703 1228 30
126 1474 34
266 785 29
744 1213 32
60 1271 17
561 889 17
141 1222 0
369 989 10
224 1042 17
103 272 17
709 841 23
747 1393 38
1353 1440 17
82 311 23
567 1468 23
465 654 10
442 626 17
1268 1480 34
865 1009 23
359 834 24
1136 1552 1
609 1288 1
499 740 23
419 734 8
1277 1333 8
338 785 29
124 1090 10
419 732 2
145 690 77
1118 1536 1
479 1499 8
373 654 58
878 964 10
747 1187 38
282 299 23
237 373 13
62 1277 8
675 1409 30
567 646 31
592 1481 32
20 794 34
428 1168 31
488 627 17
48 906 10
364 1459 14
143 1255 37
276 1420 11
103 1271 17
345 1169 1
855 998 14
311 1169 8
554 1045 17
635 899 52
636 796 8
578 600 23
499 1529 17
81 1273 8
176 847 15
74 1190 34
235 299 10
69 879 8
701 848 62
602 1074 12
973 1085 17
310 959 9
452 932 2
69 839 10
1275 1463 1
310 968 8
899 901 17
484 1205 51
892 1230 19
1265 1554 8
324 938 0
126 363 34
632 1146 11
726 991 38
589 615 10
348 737 32
82 865 23
490 1084 24
785 1239 29
961 962 42
170 747 13
408 1042 17
586 938 2
262 660 54
80 833 23
133 1166 21
1223 1552 1
226 245 21
479 1448 17
334 376 23
183 800 17
60 104 23
206 222 10
230 1045 10
1211 1547 8
180 1457 8
289 452 10
248 400 10
865 1093 23
233 428 8
675 1325 53
291 1317 7
396 938 13
922 1211 8
54 1250 20
563 1129 1
1054 1417 34
767 801 10
89 765 13
989 1468 17
436 602 3
185 202 1
733 1014 72
676 1156 67
1211 1403 8
879 1045 23
182 337 23
92 452 67
659 1269 8
167 1061 17
185 568 7
794 1279 34
60 856 59
172 314 23
733 946 72
833 875 18
1420 1440 17
9 1369 13
766 848 17
647 961 42
1206 1525 38
914 998 14
938 1146 13
994 1350 42
791 1220 32
1054 1164 21
617 635 52
281 1172 38
892 1131 8
660 730 2
922 1048 8
1281 1547 23
475 1047 24
794 1420 11
131 283 17
78 1464 1
449 886 5
340 1035 9
85 742 13
222 468 12
274 1351 51
104 1458 14
400 600 10
253 1534 23
245 608 21
476 809 8
877 1095 17
1396 1466 7
697 964 17
921 1141 8
172 854 17
484 833 23
216 801 37
753 960 2
870 1131 1
497 1127 13
383 830 17
1283 1438 23
500 711 15
375 1427 5
1444 1554 8
266 1140 8
543 1444 8
369 960 28
372 809 34
447 1505 0
289 921 23
340 511 19
288 842 34
78 462 35
366 976 19
1161 1281 23
85 436 0
130 502 12
120 734 8
441 1451 14
493 899 17
709 843 8
870 1466 1
381 676 10
85 98 0
196 1135 14
709 1427 23
493 502 23
747 1433 13
1288 1448 1
84 1003 23
913 1277 8
107 870 1
812 1084 24
989 1095 17
74 280 34
273 1540 8
172 390 17
765 1341 0
549 1253 12
434 1101 38
118 134 85
462 1171 35
345 1483 8
46 887 17
276 927 21
248 537 17
234 914 34
1141 1547 8
295 501 17
690 1296 8
971 1007 12
99 998 1
188 294 24
314 428 17
338 1206 39
74 1271 8
340 771 19
661 778 71
334 1489 8
636 646 23
229 672 1
253 740 23
1062 1409 23
189 830 8
646 709 23
185 743 8
3 447 2
630 1316 0
288 1045 17
396 1045 23
198 272 17
100 675 32
198 989 17
77 927 21
626 1250 20
169 674 29
169 896 29
220 794 21
553 1300 10
508 1425 1
509 961 12
1273 1536 1
325 565 54
222 798 12
470 1085 17
582 672 17
212 1077 23
180 865 31
9 25 0
497 944 0
782 783 10
152 1323 46
428 701 5
572 619 10
288 1157 51
104 921 23
1049 1275 7
609 1416 8
477 771 10
219 999 19
913 1175 21
849 1419 1
676 944 43
72 1147 10
338 1131 14
988 999 33
879 1169 8
582 959 78
0 971 34
854 973 17
914 1564 8
574 767 17
124 973 10
1477 1527 38
495 726 4
26 100 32
1136 1281 23
46 373 21
9 202 0
630 1115 17
375 1003 5
334 879 23
365 589 10
186 278 7
125 1220 1
709 1458 14
182 467 23
896 1141 8
631 938 0
104 1269 8
747 1281 23
13 833 13
767 964 17
476 1489 8
369 765 13
548 1009 1
1471 1489 1
944 973 10
161 510 19
519 769 28
51 176 35
338 1213 32
867 1443 2
568 1244 50
1466 1530 7
872 1397 20
589 634 17
9 271 0
414 964 10
1341 1534 1
578 646 23
57 1085 17
287 877 17
186 846 10
299 1133 23
730 878 43
69 617 10
719 773 30
338 1118 3
266 1192 32
168 478 26
654 806 17
84 133 21
92 440 17
248 960 10
1044 1386 19
1078 1281 23
807 1400 37
180 495 4
157 508 1
1234 1534 1
25 970 37
374 1048 8
1008 1206 39
340 962 21
36 212 11
428 1275 8
89 337 2
998 1234 14
99 470 17
322 1481 28
78 1208 35
322 648 10
248 508 1
180 1480 8
294 325 54
511 899 17
1007 1483 1
198 342 62
1353 1409 7
437 1198 23
178 989 17
653 1490 78
576 766 8
548 1128 1
823 959 7
428 499 8
46 99 17
555 1480 8
288 973 8
564 954 10
507 1464 1
589 775 17
488 800 19
440 1295 17
455 944 53
289 732 10
9 390 13
842 1050 34
886 1067 23
152 1135 1
757 1481 28
9 85 13
198 585 23
15 202 91
79 1317 40
198 892 10
1049 1111 10
131 698 19
508 1563 1
904 1190 34
921 1080 35
4 734 23
632 734 23
693 1296 17
80 809 34
869 1141 14
89 1399 10
543 580 13
600 944 10
701 907 37
291 797 4
781 1419 23
122 959 1
608 1161 23
1103 1462 8
1221 1466 14
433 627 17
79 1061 5
676 1273 8
865 1492 5
425 951 41
457 1286 17
755 1351 51
120 519 28
701 1386 62
408 594 26
777 1304 12
132 930 20
470 511 17
96 646 17
260 339 27
516 1061 17
672 1168 31
276 802 10
251 1054 42
580 876 13
369 414 28
364 1277 8
180 703 2
747 1310 6
198 500 1
364 1534 1
47 678 10
311 1376 5
660 782 34
1258 1279 14
276 839 10
276 765 13
172 396 23
283 899 17
408 1133 23
733 1481 32
1133 1508 14
736 998 67
361 711 4
830 887 17
883 1462 8
769 1216 7
359 503 24
815 1322 39
92 317 17
108 462 44
615 1310 35
580 1300 0
839 877 10
84 841 23
707 1234 29
879 1090 8
233 479 17
999 1499 8
92 276 17
80 1536 50
852 914 23
1463 1466 1
781 914 23
15 615 24
172 634 17
796 1146 8
676 1067 70
424 475 24
206 628 17
51 398 21
178 582 17
1239 1449 8
408 1547 17
70 566 23
373 581 21
830 1058 10
555 563 1
100 562 7
134 337 9
303 733 72
242 479 17
538 1037 12
549 1452 14
125 834 42
561 1468 17
808 867 13
364 1228 32
1048 1491 8
1135 1240 14
93 276 17
60 248 17
927 1153 21
678 846 10
152 794 17
198 1261 17
709 922 8
142 892 17
79 248 10
160 493 11
879 1341 8
17 654 23
299 627 10
93 1420 17
118 159 34
0 1374 34
152 800 17
220 659 21
927 1064 23
56 734 8
157 1444 8
988 1540 8
925 927 23
1234 1417 34
962 1310 6
1078 1129 1
537 830 11
209 295 10
178 499 17
189 1471 1
311 340 8
108 500 8
1141 1480 8
620 1366 60
295 1049 10
852 1481 32
15 1234 24
54 275 10
668 1016 8
235 523 30
592 875 32
419 619 53
468 1080 15
765 1288 0
626 892 17
1048 1111 8
75 428 33
9 170 13
314 414 10
365 1148 10
48 69 10
220 299 21
408 1185 23
182 1499 8
679 809 34
450 1131 8
660 850 34
1376 1461 38
359 1427 14
167 1062 10
537 1147 40
499 1448 17
202 830 8
189 878 21
237 408 0
74 1085 8
709 787 32
1131 1228 8
90 531 29
1146 1462 8
756 1206 39
441 1090 8
22 922 8
646 1408 42
800 1440 17
314 1350 42
152 627 17
239 922 0
288 632 11
219 1064 17
251 1253 42
352 659 23
809 1259 34
85 310 35
280 1268 34
732 921 8
971 1118 12
299 1061 23
233 249 19
133 887 17
1281 1409 23
17 701 5
545 1317 40
678 736 10
365 782 10
555 1536 1
295 501 17
237 1288 0
303 458 12
248 899 17
734 1228 8
647 999 19
361 365 31
209 727 10
269 390 66
82 1003 23
311 848 19
54 384 10
143 1221 8
319 1275 1
381 564 10
1102 1351 51
794 1118 3
646 1464 1
437 614 10
602 892 3
701 1061 5
97 383 1
272 668 17
516 675 1
767 1009 23
276 999 19
288 688 34
271 500 35
365 565 2
208 1067 70
182 1133 23
288 1153 11
923 1297 29
843 1120 8
120 971 2
798 1310 35
46 511 17
1423 1444 8
693 1148 17
281 875 18
989 1010 10
508 1417 1
291 813 15
397 430 29
555 1054 11
477 855 8
743 959 8
278 765 26
927 1045 23
441 1228 8
384 523 27
468 484 10
425 522 41
383 1146 45
132 631 0
854 1008 39
588 1296 17
157 288 8
107 1232 1
100 1549 32
672 944 10
183 830 17
188 378 24
281 1483 18
1232 1239 22
879 1067 23
46 763 8
572 1255 17
1084 1540 24
1416 1459 14
1249 1432 17
90 1333 8
892 1319 40
457 711 10
208 608 70
1425 1464 1
103 322 20
479 647 17
340 627 17
202 983 38
85 900 0
585 1198 23
408 1261 17
342 671 4
1171 1246 35
794 964 11
124 295 10
615 733 38
161 567 10
769 1103 8
259 609 8
646 1153 17
209 1133 8
600 1480 8
744 1161 5
464 470 10
75 449 62
50 477 10
570 1363 29
122 973 17
278 1221 26
294 809 3
198 1350 5
906 1007 34
198 1044 19
869 883 17
849 1120 1
629 707 29
755 1461 7
9 1061 0
161 635 21
1534 1549 1
467 1290 14
325 1064 23
1007 1054 34
33 51 35
576 1473 23
1084 1425 24
85 444 0
408 441 10
686 1153 17
1062 1452 23
897 942 45
133 182 23
646 1432 17
600 1492 5
180 408 10
90 292 40
150 502 23
9 198 0
25 564 8
646 961 42
103 1064 17
1010 1331 51
15 397 24
669 830 11
436 1464 1
794 1164 21
419 1250 35
1152 1211 23
566 1542 21
944 1039 40
508 1178 1
131 1432 17
104 680 17
867 1061 10
475 1133 24
1048 1067 23
338 1297 29
988 1409 1
1057 1415 1
976 1439 19
617 672 10
1304 1347 51
1067 1269 8
109 112 38
69 782 10
414 892 10
878 913 21
291 500 15
235 247 19
222 1489 1
672 1463 1
697 1386 19
46 206 17
359 450 24
310 769 35
208 1480 8
850 876 23
96 384 10
325 770 29
922 1035 8
428 1261 8
20 1100 34
1009 1234 29
493 845 23
1115 1432 17
892 1024 62
106 452 10
310 679 56
855 1273 8
680 1353 17
242 275 10
676 1211 37
401 1128 1
383 589 17
182 630 10
615 957 38
54 222 10
324 1048 5
60 408 17
99 118 1
1071 1120 14
1399 1444 8
702 1007 8
516 988 17
310 1277 8
262 847 54
4 9 0
185 1115 17
1443 1552 25
281 1445 69
60 325 23
490 1310 35
469 1221 1
266 661 29
565 957 40
309 1317 40
365 428 8
923 1239 29
925 1444 8
328 563 1
988 1440 17
425 875 32
794 1481 11
390 1054 11
230 701 37
632 781 23
697 989 17
548 1042 17
646 892 23
1085 1386 17
365 1246 10
765 944 0
476 1203 8
206 545 10
161 1042 17
1152 1452 23
1048 1211 23
855 922 8
338 1048 14
149 769 1
131 206 17
100 620 32
152 1146 1
280 998 12
794 1554 34
69 433 16
758 1463 1
89 447 13
13 579 0
488 499 19
278 802 7
212 907 23
1552 1553 1
733 1134 72
1131 1333 8
161 289 3
248 806 17
80 97 1
317 989 17
310 576 8
47 408 10
9 675 0
175 734 8
233 1261 17
1071 1540 8
469 1164 21
753 1153 34
266 875 32
1004 1171 35
383 1265 3
1150 1153 21
340 877 17
499 872 10
921 1269 24
433 441 10
1061 1283 23
865 1232 23
697 973 19
765 805 0
867 1172 35
235 960 10
268 1258 35
588 906 1
376 998 14
235 561 48
1071 1135 8
512 872 2
103 183 17
6 674 7
365 554 10
328 500 35
842 1153 34
973 1136 23
185 488 17
283 499 17
208 964 10
271 993 16
62 225 8
62 1275 8
678 1529 17
857 1220 24
1452 1536 1
769 1439 14
20 280 34
1198 1317 5
458 619 12
1061 1407 17
862 1114 59
497 614 0
85 794 13
261 341 32
118 942 34
564 634 17
476 508 1
674 745 32
337 709 23
742 850 11
363 1417 34
4 276 23
324 906 10
661 738 41
788 1209 29
295 470 10
22 455 12
59 846 2
21 1232 7
133 585 23
407 1296 8
299 1317 5
604 1211 23
50 1536 17
127 444 16
787 852 32
13 406 13
738 1090 47
680 960 10
830 1465 8
324 490 10
11 960 0
1046 1464 1
519 833 23
196 747 18
563 1553 1
400 441 87
141 1131 8
46 906 8
37 1126 55
216 1529 5
854 961 12
291 1134 12
907 1474 14
925 1133 23
889 1432 17
324 582 10
1459 1545 14
383 678 17
230 727 10
124 1300 10
654 801 10
337 390 11
15 1047 24
17 46 50
1438 1465 23
564 988 17
93 676 10
109 278 26
732 1500 2
103 1511 19
570 627 40
161 766 17
508 1003 8
50 567 40
973 1343 10
545 660 2
913 1534 1
407 476 8
9 833 13
476 477 8
608 1048 23
669 794 11
879 1128 8
974 1316 13
224 288 17
249 989 17
92 1153 45
278 1125 7
647 1049 10
80 442 17
452 938 13
291 798 12
62 499 23
229 1227 1
120 295 10
679 1146 34
15 309 34
769 959 8
216 767 62
272 1064 17
409 932 16
734 1471 8
425 502 54
22 549 12
580 944 0
588 693 17
280 325 54
359 734 24
148 787 32
198 231 17
654 862 17
159 1461 7
467 855 14
531 920 32
1077 1496 23
507 1288 1
1451 1508 14
150 836 23
206 848 17
1017 1547 8
1234 1462 8
216 649 5
48 766 10
17 493 23
311 478 26
764 1250 35
634 767 17
275 1045 10
794 1269 8
241 462 72
233 697 19
82 659 23
266 576 8
22 1008 39
266 674 29
1137 1259 34
1136 1549 34
511 574 17
770 1366 60
295 324 10
626 647 17
428 615 10
299 1078 23
925 1362 13
4 906 23
108 653 8
182 224 10
508 646 1
17 921 23
245 1317 42
530 698 19
157 821 1
879 1545 8
51 1481 21
259 661 29
511 530 19
414 572 10
74 842 8
566 1211 23
282 1480 8
340 742 11
161 444 21
50 163 17
311 619 5
678 867 10
282 1095 1
9 89 13
470 1153 17
679 703 30
289 646 17
830 1275 8
615 1084 24
161 437 11
507 1203 8
1035 1443 36
390 988 17
299 561 20
1213 1494 5
600 747 23
150 1409 23
745 833 18
276 794 11
161 1115 17
79 575 64
409 1265 3
364 830 14
282 1540 8
494 906 10
242 1086 1
118 764 34
45 305 40
639 788 29
50 182 10
325 879 23
338 914 8
548 1111 1
120 429 1
126 1027 34
788 1445 14
744 800 17
639 1480 8
884 1552 1
322 766 10
781 1350 5
160 1420 11
104 709 23
401 1351 51
337 630 3
631 970 53
501 1468 17
1249 1347 51
37 434 84
775 1042 17
96 365 1
732 852 14
104 1118 3
646 1427 23
47 867 27
96 222 1
680 742 21
352 1377 5
719 876 17
196 476 8
183 295 17
280 660 30
938 998 0
1103 1269 8
1283 1534 23
208 988 10
1271 1296 8
990 1101 38
615 1293 10
61 1048 8
268 914 35
283 389 17
297 440 17
231 484 17
925 1552 1
644 1113 21
1281 1403 14
251 993 42
282 340 23
363 688 34
99 1095 17
647 1317 42
247 470 17
188 1065 24
499 783 10
848 1468 17
681 1547 10
467 865 23
553 783 10
701 1408 73
216 1420 37
889 1481 21
257 991 71
505 1246 10
209 414 10
844 1249 17
872 1211 37
122 595 17
794 1150 21
249 1115 17
1140 1288 1
383 1547 17
1269 1545 8
161 1077 23
235 698 19
253 899 74
6 1133 7
106 494 10
617 1331 51
209 378 10
142 627 17
548 1290 1
949 1351 51
988 1146 17
369 782 10
85 900 0
488 1353 19
50 253 17
565 906 34
294 571 17
220 1397 21
654 1440 17
132 604 0
337 942 8
338 1480 8
49 608 53
338 707 29
287 634 17
447 493 13
471 1220 24
60 1093 23
437 479 17
827 1376 40
1133 1521 32
406 938 13
447 1127 13
1078 1464 1
763 1476 17
253 906 3
470 690 8
108 1489 1
56 830 8
1131 1268 8
85 543 13
276 1496 21
100 1213 32
548 1448 1
543 549 12
601 1502 82
133 1496 21
4 502 23
248 337 17
79 142 10
124 1362 13
1035 1449 8
626 838 17
601 1172 35
51 1159 21
787 1213 32
1178 1363 29
852 1077 23
499 1222 0
60 1078 17
253 676 10
872 1335 67
172 744 17
253 1386 19
45 97 1
90 788 29
801 955 4
364 1466 14
736 1464 1
381 609 8
84 1093 23
334 1553 8
99 709 1
206 494 10
15 1209 24
345 531 29
507 1480 8
440 767 17
857 938 13
614 1377 40
45 1363 29
400 932 2
1232 1554 1
22 1050 32
726 1390 38
345 830 8
103 792 76
4 21 7
437 628 17
1269 1490 40
548 1169 1
740 925 23
585 902 23
766 862 17
168 1317 40
424 1445 14
196 668 29
17 865 23
1093 1458 14
693 1425 8
1007 1071 1
384 484 10
287 627 17
299 879 23
16 74 34
468 631 99
468 983 38
168 565 30
219 1353 19
288 317 11
50 646 17
359 1016 32
588 1458 1
785 983 38
118 1027 34
324 627 10
834 1141 1
455 502 12
1111 1251 10
727 1111 10
1048 1228 8
1355 1377 51
305 590 32
564 805 10
70 502 23
879 1494 23
882 1048 8
679 1253 12
325 791 32
660 809 34
927 993 21
396 1048 23
288 1536 50
679 1167 27
675 681 2
288 1564 8
1297 1363 29
1230 1249 19
143 830 8
555 1397 33
97 1228 1
390 519 11
440 1084 24
555 1064 17
289 497 0
400 428 10
424 1017 8
314 1133 23
649 1417 35
767 1273 8
688 1136 34
46 1067 14
345 1071 8
545 827 10
118 743 44
428 927 23
70 1135 23
334 737 18
104 1480 8
1061 1316 0
126 543 34
172 1377 5
1077 1078 23
902 953 4
1077 1325 5
889 1153 17
80 663 34
907 956 4
653 1552 1
185 442 17
408 742 17
507 1007 8
239 942 0
295 1448 17
359 440 24
92 1275 17
672 973 17
471 635 52
615 1461 38
674 1294 29
288 993 21
161 845 23
830 1062 10
1062 1534 23
1141 1545 8
493 574 17
248 1118 3
913 1232 1
855 1283 23
252 1481 32
441 913 8
490 1529 56
288 869 17
902 1427 23
1003 1492 5
674 854 32
9 579 0
133 363 34
359 412 24
374 458 12
99 149 1
1093 1213 32
170 675 0
646 877 17
378 736 27
457 476 8
149 626 1
84 993 21
850 1295 17
235 484 58
470 1067 23
127 882 25
378 452 27
390 424 29
124 678 10
407 1547 10
1120 1232 1
610 1190 40
152 516 17
801 904 10
208 407 87
299 719 2
878 891 70
383 564 17
429 1135 1
636 1048 23
51 1542 21
13 944 0
1221 1547 23
365 1480 8
457 1444 8
728 740 62
103 389 17
226 497 0
588 1483 1
444 1481 21
60 1452 23
429 1129 1
219 287 17
765 922 0
999 1039 5
572 614 10
626 869 17
838 1476 17
48 161 10
396 1135 23
231 1458 8
180 1419 8
821 1474 34
647 1564 8
198 499 10
276 862 17
959 1239 77
283 1275 17
450 1238 8
572 1419 8
80 582 17
888 1131 14
964 973 17
359 1048 24
1141 1178 8
582 654 17
127 268 35
401 1457 1
511 883 17
142 537 17
1131 1463 1
288 311 8
470 490 10
152 862 17
165 933 2
484 1468 17
56 1213 32
906 1009 23
352 654 23
785 1221 8
1093 1468 17
80 781 23
339 753 2
424 1322 29
337 973 3
167 1085 17
340 634 17
795 1054 34
46 808 8
862 1064 17
428 450 8
62 690 8
408 464 10
198 1223 17
216 1133 5
373 1222 13
476 1046 8
821 1247 1
81 1048 8
217 428 10
268 1527 35
1232 1289 1
964 1153 11
576 767 23
672 796 8
458 495 4
568 904 10
476 601 35
419 805 2
339 629 35
341 833 18
396 1216 8
615 648 10
340 744 17
339 703 2
927 1078 23
428 964 11
328 1444 8
428 1473 23
1228 1473 32
188 719 24
627 1049 10
407 507 8
103 1132 62
1095 1448 1
730 1222 0
167 530 33
765 1127 13
1142 1466 14
334 765 13
574 1271 17
516 1468 17
1090 1141 8
282 1216 8
397 744 29
964 1090 17
383 440 17
433 440 17
167 288 17
107 338 29
185 322 10
376 1125 8
280 565 30
1244 1481 11
74 1296 8
887 1064 17
554 727 10
206 501 17
1153 1417 34
282 1556 14
288 906 11
75 930 20
1148 1295 17
914 1227 8
9 72 13
437 879 8
61 295 10
375 1152 5
649 798 35
92 484 17
149 555 1
1047 1220 24
276 322 10
253 883 17
963 1316 0
26 891 8
337 442 17
196 325 29
202 891 9
1078 1377 5
734 1268 8
208 1221 8
545 703 2
93 1432 17
568 1054 50
295 782 10
604 1045 23
519 555 11
604 1465 23
801 1137 14
390 964 21
209 324 10
130 911 12
219 989 17
13 141 0
604 783 16
447 630 0
395 462 72
1401 1452 1
907 1281 23
142 1244 17
906 1397 19
904 1415 34
588 914 1
206 672 17
9 1506 13
163 1271 24
479 988 31
337 568 6
1355 1492 51
676 1420 37
627 672 17
588 892 1
668 1220 24
687 1427 14
141 891 9
219 578 33
830 1146 8
106 275 10
9 1035 0
405 663 30
93 103 17
107 788 29
845 1039 5
619 704 26
444 1049 2
697 906 19
681 933 2
645 894 4
863 970 37
89 834 10
1258 1448 14
968 1425 14
122 295 17
168 732 2
245 378 2
869 879 8
233 276 19
1213 1409 5
649 1077 23
425 674 32
634 1115 17
614 849 10
479 775 17
239 1203 8
22 796 8
100 1269 32
280 1167 27
1288 1433 2
208 484 10
1203 1438 14
202 1098 7
564 628 31
502 734 23
549 719 12
870 1137 22
239 334 13
89 767 2
973 1547 8
248 1564 8
219 634 17
378 672 10
57 572 17
447 604 0
1393 1477 38
1198 1283 23
1239 1564 8
93 771 17
727 1141 8
340 1064 23
470 647 17
311 444 7
678 1153 17
767 897 58
407 609 8
771 1439 19
96 1222 1
381 1296 8
1259 1523 34
845 1093 23
738 952 41
529 782 10
865 1326 8
632 925 23
4 740 23
424 1101 14
701 954 4
80 152 17
408 801 10
458 462 72
54 634 17
493 1093 23
282 548 1
906 1157 51
68 208 31
216 1386 62
185 697 17
475 563 24
89 1164 16
120 1048 3
710 1244 11
1216 1417 8
188 424 24
60 914 23
732 1148 10
396 1093 23
131 1280 19
659 709 23
973 1058 10
161 600 23
428 740 23
572 794 17
769 801 8
567 600 23
99 1118 1
182 1078 23
247 276 19
60 382 42
359 385 44
189 400 21
654 962 58
167 365 10
494 999 86
230 882 87
925 1283 23
1216 1244 8
469 1540 8
570 629 29
96 1449 1
61 865 87
369 572 17
1007 1410 47
476 1061 8
548 794 17
457 1265 3
134 152 1
253 572 17
649 1213 28
272 973 17
369 390 10
424 1463 1
565 1234 34
441 1425 14
1458 1499 8
48 96 10
736 834 10
555 906 17
1151 1288 1
152 295 17
1103 1465 14
22 542 12
242 364 1
99 178 17
508 602 1
50 783 10
783 906 10
1185 1427 23
709 907 23
734 1275 8
428 654 17
168 559 2
165 1481 10
629 734 35
973 1077 23
433 470 17
886 1062 23
646 944 10
588 1049 1
380 1259 34
129 781 52
589 887 17
365 1331 51
883 1171 20
295 595 17
921 1474 14
149 548 1
766 1271 17
582 1347 51
172 1350 5
1086 1448 1
237 468 0
586 1222 2
812 845 23
726 1393 38
476 1232 1
85 1443 0
567 742 40
206 1010 10
50 964 17
266 1131 8
849 1025 7
172 801 8
100 1228 32
97 959 1
626 1216 8
450 781 23
280 1381 34
132 405 0
338 1269 8
15 56 24
124 167 10
249 297 17
170 253 0
59 1244 21
133 1407 17
1444 1473 8
879 1456 8
732 1300 10
407 1293 10
295 1353 17
437 833 23
938 1522 13
54 72 10
376 1216 8
1095 1277 1
830 1444 8
163 479 17
437 1067 23
419 1464 1
419 447 0
530 877 33
927 962 21
132 1505 0
149 1136 1
902 999 23
79 1307 8
62 180 8
870 1178 1
60 865 23
72 276 10
686 1420 17
738 1001 41
198 494 10
334 600 23
206 1271 17
709 1131 8
530 1090 19
444 1542 21
121 458 12
537 794 11
22 1178 8
311 407 10
469 1232 1
882 1211 37
242 892 1
414 730 10
56 99 1
1061 1540 8
157 601 35
971 1220 24
74 693 8
494 589 10
99 1025 7
1078 1547 17
680 867 10
206 437 17
248 295 17
769 998 14
1077 1494 23
69 1449 8
248 1265 3
502 600 23
471 923 29
222 1449 8
602 1540 8
237 1146 8
109 891 8
209 962 10
271 882 25
149 1222 40
348 931 66
374 841 49
734 855 23
97 1448 1
305 685 32
288 493 11
78 458 15
13 630 0
844 882 10
275 703 2
464 938 13
602 973 23
505 1496 53
1433 1447 13
564 1141 8
92 340 17
883 891 45
13 314 0
30 365 71
133 632 11
419 490 2
1203 1403 8
467 854 32
626 1273 8
89 559 10
1077 1492 5
672 870 1
638 1126 55
266 396 8
188 328 24
85 1169 1
1140 1419 8
340 376 23
268 468 15
25 1471 8
172 844 11
239 1459 1
328 1290 14
493 1085 17
339 964 10
627 907 10
988 1153 17
92 369 17
516 1261 17
499 1343 10
359 1459 14
457 914 8
79 408 10
152 1307 1
537 1115 17
328 601 35
48 1171 35
441 769 28
50 805 10
576 1129 8
184 563 1
595 1420 17
99 1086 1
20 74 34
1017 1333 8
765 1394 13
378 1547 10
299 1325 5
142 849 17
585 841 23
732 1216 8
365 600 10
809 1474 34
70 1261 8
1271 1449 24
746 1386 19
963 1054 21
406 1443 16
747 842 23
288 628 11
730 813 15
157 769 8
465 1246 10
311 555 17
600 681 10
96 1086 1
654 1534 23
206 595 17
407 428 10
276 740 23
1135 1325 5
1007 1253 12
311 519 23
259 338 29
519 709 23
396 1273 8
1459 1563 14
764 1171 35
863 1511 20
249 530 19
13 409 13
9 619 0
879 1273 8
663 703 30
1253 1547 42
508 1151 1
1416 1464 1
1491 1536 1
709 1232 1
1062 1090 10
626 877 17
132 879 8
636 1304 5
499 1476 17
46 288 8
736 1369 2
273 1444 8
469 921 8
212 602 23
206 783 10
462 639 72
22 732 8
694 848 62
1288 1545 1
56 576 8
742 1341 8
89 1062 10
138 685 32
769 1111 8
37 942 1
209 732 10
757 800 62
619 675 53
167 295 17
266 332 7
469 863 21
855 1545 14
288 646 17
208 955 31
100 1554 32
248 619 10
477 879 8
734 1142 14
289 1473 23
206 1295 17
876 1078 23
568 827 81
281 675 69
849 867 10
317 1386 17
594 631 26
576 973 23
62 734 23
163 1448 17
50 854 17
80 384 50
108 1268 1
734 1239 14
365 766 10
1131 1307 8
1238 1459 1
777 798 12
844 1045 21
338 1464 1
152 925 1
122 680 17
911 1074 12
56 1401 1
719 960 2
511 1081 7
808 1127 13
617 989 10
291 953 4
830 968 8
202 1449 8
239 778 13
709 1326 14
219 510 19
390 441 10
554 1468 17
79 1253 12
508 572 8
384 697 10
152 1401 1
233 775 17
16 1054 34
169 266 29
143 1458 8
1283 1465 23
287 1261 17
493 545 10
310 766 8
488 647 19
891 956 82
15 1483 24
378 1528 27
564 630 17
1 1098 34
841 1390 38
334 516 45
942 1480 1
324 844 10
444 604 21
109 1390 38
494 1044 86
773 847 61
602 1427 23
564 1228 30
16 1381 34
646 922 8
185 676 10
89 872 10
224 572 17
396 879 23
428 742 11
103 678 17
182 537 10
375 925 5
889 1542 21
490 727 10
150 408 23
478 709 26
1129 1419 8
675 1171 35
334 1296 8
1136 1279 34
133 973 23
468 1481 10
845 852 23
139 261 32
407 1540 8
1125 1141 14
571 704 26
890 1048 8
497 964 13
977 1050 32
369 470 10
747 767 23
447 738 13
1009 1408 42
1022 1084 24
812 1350 5
942 1295 17
378 1172 35
1045 1152 23
688 891 7
13 343 0
226 1159 21
1247 1444 8
922 1078 8
165 1061 10
441 872 87
436 1095 1
148 745 32
767 994 58
79 339 10
54 283 17
1024 1230 62
475 753 24
437 1463 1
322 744 5
602 773 12
314 1316 0
216 1397 62
395 1090 1
922 1316 0
56 572 8
142 680 17
548 693 1
368 1100 34
20 906 34
400 559 43
104 1275 17
13 396 13
419 1172 35
672 964 17
479 537 17
1016 1232 1
1269 1480 8
99 198 17
441 1396 2
425 671 54
120 1300 10
777 959 7
867 932 2
124 384 27
48 839 10
225 395 1
412 497 0
366 862 33
1409 1545 1
69 468 10
78 764 35
449 1333 5
332 690 38
841 959 38
1060 1239 77
865 1062 10
1549 1554 34
280 497 13
408 470 17
1198 1213 5
537 904 10
54 783 10
419 615 2
108 690 1
904 1025 34
566 567 23
744 1009 29
892 906 23
690 921 8
634 1007 8
548 675 1
249 862 17
842 1085 8
129 494 52
142 1481 17
993 1564 8
89 437 10
737 1071 32
927 1529 23
923 1118 54
239 1323 46
1103 1552 1
475 480 24
395 709 1
726 787 24
988 1048 8
309 747 49
383 1564 8
469 1419 8
585 1317 72
600 1049 10
108 328 1
1093 1211 23
180 202 8
239 601 35
812 1118 8
222 1300 10
206 1058 10
182 212 23
152 219 17
345 916 8
561 1064 17
48 1220 24
674 923 29
75 276 19
107 1286 52
728 961 42
253 433 17
168 789 54
92 289 17
457 1169 8
578 983 38
334 1093 23
231 1048 8
202 1131 8
1078 1232 23
216 1049 37
778 1060 71
288 1250 35
649 738 41
175 345 8
938 1300 0
234 1007 34
198 333 39
22 96 1
553 827 10
639 770 29
79 184 8
636 1326 14
72 85 13
70 499 23
317 680 17
559 906 10
1232 1261 1
276 742 11
1410 1481 14
108 1502 1
170 202 0
457 942 1
588 1061 17
9 630 0
60 1407 17
710 1481 11
968 1277 8
161 1238 8
1216 1275 8
376 1536 1
103 988 17
85 127 0
833 1494 23
854 1552 1
16 460 34
313 883 44
582 849 17
523 615 27
1042 1085 17
46 338 8
15 683 24
17 1213 5
253 1529 17
373 1157 51
322 582 10
85 1421 0
984 1220 24
843 1203 8
425 755 41
1046 1564 14
942 1415 1
634 1095 1
447 594 26
1007 1529 12
169 1084 24
165 437 10
368 1137 34
922 1425 8
500 602 3
237 973 0
160 479 11
464 537 10
126 914 34
783 889 10
555 889 17
582 839 10
785 1552 1
519 1377 5
1230 1353 19
202 462 7
850 1238 8
328 1246 8
365 1473 8
433 488 17
742 782 10
282 1333 23
104 231 17
142 564 17
1268 1417 34
844 1062 10
703 1279 34
697 1223 17
322 440 10
172 1003 23
84 1166 21
468 938 0
1508 1540 14
882 894 31
314 600 23
867 1465 14
198 576 23
219 892 48
122 288 45
281 738 41
1017 1563 8
1206 1269 39
1067 1175 21
876 1515 49
138 833 18
133 440 17
79 170 81
361 863 31
938 1443 0
635 1444 8
99 809 1
1259 1444 8
802 1090 10
962 1054 21
287 383 17
484 555 17
855 1048 23
879 907 23
567 1133 23
1054 1300 11
1397 1439 19
299 309 2
365 390 10
478 1554 26
12 82 13
152 999 1
636 1299 6
455 711 53
185 248 17
93 738 9
493 844 11
45 1135 14
217 753 2
1377 1534 5
104 801 10
921 1529 23
172 559 10
1186 1554 8
609 1547 8
202 1221 1
437 1465 23
149 1508 1
600 781 23
850 1494 23
1211 1409 23
288 744 17
283 615 10
1132 1420 14
663 833 49
555 1058 10
510 848 19
132 769 0
78 271 35
6 364 7
697 1095 17
913 1141 8
441 844 10
1049 1420 37
152 389 17
79 400 43
921 1221 23
180 1120 14
467 850 23
337 1244 11
103 428 17
60 855 23
288 795 34
15 921 24
879 1220 24
921 1468 17
876 1232 23
845 1473 23
1443 1489 1
104 1153 17
773 1007 30
334 1198 23
239 271 0
437 477 10
663 872 2
226 276 21
375 1232 5
339 973 10
510 564 33
781 1061 23
408 502 23
879 1007 8
511 1409 7
1133 1494 23
342 405 62
608 964 21
1451 1536 78
213 288 8
548 1086 1
182 925 23
1067 1216 14
668 1417 8
284 476 8
99 626 17
690 1014 7
396 901 29
206 849 17
701 728 73
96 830 17
390 896 29
1185 1529 23
122 877 17
1007 1135 1
328 1459 14
37 778 88
9 850 13
220 927 21
676 848 10
103 1468 17
636 960 8
508 849 1
84 676 70
902 1077 23
96 376 1
198 720 62
0 1259 34
1458 1540 14
79 850 50
1185 1496 23
420 424 40
84 1213 23
545 738 41
775 850 45
744 1451 77
310 886 8
572 629 20
185 727 17
365 1302 67
62 810 8
396 447 13
787 1135 32
92 1054 45
999 1161 23
660 1228 30
400 973 10
1090 1401 1
283 732 10
283 407 10
374 1303 12
180 887 27
241 809 34
1095 1153 45
1016 1521 32
131 440 17
337 783 10
675 1163 16
632 709 23
512 1226 40
235 295 17
747 1171 38
130 797 12
922 1330 25
777 1037 12
801 913 8
867 1250 35
479 1536 17
753 944 2
499 1238 8
412 1084 24
131 989 17
249 1024 62
294 747 17
89 287 10
341 920 32
289 1432 17
395 1466 1
877 899 17
906 1234 34
468 727 10
709 1050 32
636 1128 1
134 1541 7
796 1333 8
1553 1564 8
276 1213 5
170 711 81
782 863 10
1146 1444 8
1325 1547 5
519 646 23
511 999 19
639 1129 1
272 648 10
13 619 0
409 938 13
429 1273 1
1353 1366 60
444 767 7
801 810 8
46 142 17
892 1249 19
25 576 8
1271 1536 17
6 359 7
396 843 8
337 1221 23
660 1137 34
208 1213 28
578 1425 14
1169 1416 8
1045 1198 23
676 834 8
734 1452 8
497 1035 0
629 764 35
879 1416 8
1275 1534 1
626 1129 1
1093 1376 5
287 1058 10
787 1268 32
634 849 1
545 553 10
1095 1300 17
493 1439 19
45 1084 24
79 493 10
152 1071 1
994 1481 21
97 120 1
450 1220 24
549 1305 12
796 809 8
99 964 17
727 782 10
78 1140 35
852 879 14
152 1545 1
744 1366 60
228 1304 12
1461 1564 14
225 1362 0
172 1407 17
709 1464 1
188 1048 24
493 1283 21
1171 1258 35
85 876 13
217 679 2
956 1502 4
1140 1216 8
374 1095 1
150 1452 23
914 988 8
801 1448 8
1009 1492 5
297 877 17
744 1363 29
615 933 2
630 1319 40
242 1425 1
429 1169 1
675 942 1
130 777 61
870 1483 8
46 865 8
886 925 23
236 366 62
452 1547 10
516 794 17
133 1536 50
120 1480 8
449 1388 62
407 1463 1
437 1492 5
944 988 10
1265 1448 8
450 1534 23
104 930 0
291 602 12
1113 1481 21
375 499 5
373 767 58
672 1529 17
167 887 17
925 1152 23
516 636 1
424 609 8
533 1522 34
595 1296 17
1458 1552 1
592 737 32
709 1009 23
298 1220 32
574 1090 17
178 369 17
91 777 12
280 1304 12
649 1026 35
348 1481 32
942 1323 46
430 785 29
70 697 23
376 1261 8
57 433 17
877 1296 17
212 408 23
91 479 31
253 294 8
149 563 1
582 648 10
212 877 17
311 697 19
401 1137 22
188 1206 39
830 1343 10
184 869 8
563 794 34
630 631 10
545 742 10
1048 1457 8
289 747 23
369 869 17
585 1281 23
734 1496 23
405 476 8
765 938 13
661 668 29
345 842 8
906 927 21
369 938 13
675 841 69
118 1515 34
50 378 10
80 1374 34
428 781 23
209 465 10
397 531 29
96 862 17
152 172 1
659 914 23
103 219 19
568 626 7
1152 1492 5
189 1205 51
567 1198 23
602 1283 23
1045 1090 74
271 1080 35
61 1275 7
450 608 23
54 490 10
46 1549 34
675 1351 51
167 1064 17
253 834 8
1135 1439 14
4 914 23
843 1078 8
875 1220 32
574 647 17
683 889 17
849 1300 1
647 976 19
212 272 11
668 849 8
812 1458 8
198 588 17
62 202 8
132 475 24
219 960 20
801 830 8
441 507 8
280 602 12
133 627 17
152 1223 17
794 904 34
79 938 0
268 476 35
464 1061 10
460 1489 34
690 906 9
108 1148 17
455 1118 12
638 1444 8
755 1347 51
96 311 1
512 1529 56
299 679 2
830 1403 8
734 1039 5
183 1440 17
852 1326 14
609 1129 8
470 585 23
248 870 1
208 248 10
1282 1552 1
516 1536 17
261 833 18
588 1111 1
400 449 37
1216 1307 8
299 585 23
390 877 17
90 1491 14
237 814 0
564 1115 17
672 1085 17
176 198 1
16 653 34
991 1447 38
242 849 17
68 827 4
1216 1545 8
809 1523 34
602 1547 3
490 1517 10
567 891 7
85 660 13
600 812 8
13 1185 0
999 1547 33
408 1494 23
369 1115 17
913 1473 8
549 959 7
508 634 1
566 827 53
632 914 23
133 231 17
340 1273 8
877 1100 20
168 378 2
476 1452 8
62 419 8
20 48 67
180 512 2
70 198 23
1016 1192 32
892 1064 23
324 783 10
849 1035 1
519 1333 23
25 765 0
294 384 2
944 1044 20
322 1502 31
576 841 23
614 782 10
654 701 62
737 876 18
877 883 17
462 828 72
424 1220 24
208 294 8
311 429 1
942 1536 8
646 1409 1
519 865 23
138 747 18
1095 1556 1
781 1322 39
744 842 5
742 1399 10
339 630 10
182 841 23
578 1131 14
337 1077 23
168 1137 34
139 770 32
103 806 17
161 1249 19
777 1369 12
390 464 10
334 396 23
440 960 10
295 883 17
447 1473 8
452 1458 14
390 1209 29
161 765 13
842 1547 23
183 283 17
419 1127 16
295 683 10
1283 1364 21
62 842 8
561 767 19
433 883 17
51 1299 6
22 745 12
62 436 8
1062 1115 17
259 1363 29
110 933 36
68 1481 28
470 708 17
72 553 10
297 588 17
916 1419 8
595 1271 17
468 850 50
821 1545 1
3 132 2
209 736 10
1277 1417 8
533 1136 34
1090 1552 1
564 1534 1
733 1499 72
907 1185 23
225 1007 8
9 369 13
994 1153 21
104 1295 17
334 701 5
337 1438 23
663 738 94
982 1481 10
744 931 77
512 1118 12
424 1232 1
854 1054 17
875 1050 32
82 1172 38
249 1300 19
740 852 23
340 1386 19
376 1468 17
189 1216 8
297 381 10
601 801 8
395 1403 1
107 849 1
275 849 10
383 775 17
96 103 17
1261 1458 8
493 694 62
226 930 0
262 740 41
389 516 17
600 1141 8
1046 1178 29
9 769 0
1151 1444 8
886 1347 51
785 1462 14
863 953 31
225 1246 14
103 216 62
964 1010 10
178 1064 17
493 775 17
493 1115 17
359 1125 24
676 869 21
872 971 2
626 1115 17
69 96 1
338 1409 1
1084 1282 24
96 120 1
141 808 0
9 905 13
272 1058 10
484 548 17
220 1362 0
133 994 21
198 1444 8
747 1077 23
938 1528 13
709 1007 1
1061 1093 23
429 1489 1
170 314 0
233 561 19
647 686 17
248 441 8
120 537 10
226 373 40
104 686 17
289 1494 23
801 1095 1
9 794 13
390 730 10
878 1211 37
554 1407 17
99 647 17
17 812 23
576 632 23
589 1408 42
339 390 10
433 1244 11
531 1463 1
440 907 10
902 1438 23
217 564 10
97 564 1
359 500 41
843 855 8
217 1045 10
844 1420 11
441 1048 8
424 921 8
17 1419 23
46 938 13
229 1216 1
631 726 12
636 1489 1
609 1203 8
57 108 17
480 1269 24
365 627 10
208 1547 10
1213 1483 32
4 282 23
888 1465 14
206 736 10
383 1048 8
1049 1293 10
408 994 58
582 1085 17
740 876 23
627 1319 40
70 619 5
449 906 62
566 576 23
85 1464 1
294 458 12
434 768 84
295 574 17
968 1232 22
208 548 1
589 834 8
56 376 8
512 1228 30
60 131 17
755 959 7
283 794 17
892 930 0
401 420 1
684 769 8
208 1564 8
1078 1093 23
217 988 10
247 314 19
585 925 23
22 842 8
531 709 64
253 802 10
867 1515 2
339 1293 10
659 1175 21
522 738 41
188 570 24
337 805 10
833 1433 13
571 991 38
601 1420 37
460 904 34
129 838 52
632 1473 23
15 450 24
437 1407 17
470 1213 5
615 1250 35
178 289 17
100 1093 32
46 998 14
771 863 10
588 932 1
758 1473 8
800 1432 17
1547 1564 8
48 260 27
366 999 19
239 497 8
366 800 19
572 738 9
217 766 10
834 849 1
93 493 17
50 630 17
703 842 34
457 988 17
275 512 2
572 906 17
457 1131 8
266 1333 8
247 342 62
1128 1135 1
305 690 47
311 1397 19
563 676 2
189 1203 8
660 671 12
348 841 18
309 688 34
137 1077 23
1347 1529 7
103 493 19
81 1444 8
1366 1473 60
923 1178 29
582 619 10
564 1095 1
773 1332 38
168 787 24
635 1481 21
1171 1515 6
141 609 8
123 738 41
773 1497 38
938 1035 0
1152 1534 23
139 744 77
1007 1171 38
100 502 32
137 1227 8
1035 1444 8
708 1061 17
675 846 2
109 594 26
567 1529 23
588 877 17
738 1206 47
447 468 0
188 744 77
274 462 72
467 1427 23
600 1288 1
314 1024 62
576 600 23
1146 1554 34
921 1341 8
841 991 38
424 1451 14
597 923 40
609 1093 8
1465 1496 23
22 1269 8
543 602 12
314 830 17
127 676 25
62 1419 23
531 1216 8
235 1115 17
376 907 23
288 1063 8
1220 1363 32
163 272 17
85 309 13
408 1439 19
185 1432 17
86 930 2
131 757 62
1245 1296 8
337 383 17
1213 1449 32
230 543 2
646 886 23
12 653 0
600 744 5
54 872 10
437 464 10
278 374 26
235 449 62
384 678 10
369 1061 10
99 1046 1
176 883 8
531 833 18
779 1044 62
281 1526 38
695 1462 8
56 744 29
85 378 13
340 516 17
167 973 17
821 1135 1
477 906 10
299 683 10
889 1168 31
740 973 23
225 580 0
886 1480 8
247 877 33
963 1153 21
376 1554 8
892 1093 23
365 646 10
249 523 30
1444 1459 8
887 1275 17
314 1409 23
500 619 15
50 1115 17
374 870 1
289 973 19
234 1315 34
262 294 54
161 709 23
746 800 19
604 872 70
108 374 1
530 1044 19
659 1128 21
287 891 45
180 545 10
636 879 23
809 1415 34
646 1244 17
449 510 62
325 1483 32
220 968 16
1288 1464 1
50 548 17
916 1499 8
216 1135 5
537 627 17
1203 1474 14
249 288 17
262 601 41
176 554 8
137 428 8
441 1497 2
1048 1269 8
239 1447 13
80 537 11
563 1228 1
228 309 30
362 619 12
409 1129 1
92 233 17
120 361 4
668 1403 8
1071 1458 8
213 1253 42
734 1534 8
989 1223 17
72 960 10
365 904 10
314 511 19
703 1409 30
9 490 13
180 554 8
675 765 2
476 896 8
1465 1499 8
120 660 2
379 1420 37
638 1504 84
208 892 10
217 697 10
139 787 32
636 1300 8
471 1129 29
620 1228 32
127 891 25
26 396 29
46 1090 8
269 469 21
340 631 10
1048 1221 23
567 1465 23
46 561 17
447 1172 35
365 701 37
217 299 43
854 1366 60
212 767 23
48 470 10
408 522 42
436 675 36
484 1281 23
1395 1536 45
407 434 10
1269 1466 40
595 678 17
92 1085 17
70 911 5
289 619 5
13 408 0
122 1275 17
15 280 34
604 999 23
245 537 21
1009 1185 23
1045 1061 74
176 282 8
157 1462 8
1044 1230 19
287 849 17
710 742 11
1136 1494 23
887 1295 17
588 1048 1
813 1552 1
295 1271 17
821 1374 34
617 973 10
389 1271 17
564 1168 31
291 972 4
771 877 17
833 1133 23
276 899 17
208 470 10
525 787 24
0 1136 34
79 882 43
359 1425 14
340 441 8
138 931 32
68 322 31
727 730 10
77 1273 8
1350 1409 5
833 1003 23
1211 1556 8
450 1269 24
242 690 1
553 801 10
1093 1496 23
1090 1444 8
1232 1462 8
120 1497 2
484 529 10
124 1350 40
1035 1330 47
1153 1271 17
72 744 17
314 1529 17
578 892 33
56 107 29
198 1244 11
1064 1300 17
626 1420 17
17 325 23
801 901 10
409 1362 13
126 1415 34
548 646 1
634 1432 17
390 1294 29
437 1295 17
441 709 51
219 288 17
619 1295 10
537 635 21
310 690 9
368 930 13
291 1317 7
737 1232 22
719 1474 34
288 1407 17
449 852 5
337 906 19
85 983 38
1457 1462 8
753 1381 34
401 1273 8
688 1279 34
22 531 14
81 133 11
56 1288 1
559 1044 20
588 1489 1
609 1035 8
82 251 42
670 1409 8
862 988 17
295 863 10
441 537 10
278 704 26
176 424 57
198 545 10
257 990 71
85 324 0
688 782 34
775 869 17
794 849 17
376 1444 8
450 1333 23
571 852 18
1057 1549 1
142 1010 10
1133 1185 23
902 1325 5
299 1228 37
198 334 8
792 1044 76
464 971 2
548 1480 1
927 933 53
80 710 11
1093 1534 23
1153 1157 51
229 1333 1
1171 1188 6
407 676 87
284 1489 1
405 879 8
262 432 41
178 233 17
97 913 1
635 1283 21
142 1168 31
62 727 8
659 833 23
176 1226 40
785 1427 14
444 782 10
626 921 8
322 619 43
543 663 34
1007 1046 8
564 1547 17
994 1283 21
962 1496 21
282 1281 23
855 1131 8
839 1529 10
381 921 8
338 430 29
233 906 19
674 875 32
7 132 2
182 1462 8
182 830 8
543 679 30
51 906 21
615 1443 2
1050 1071 32
209 1025 34
1443 1458 14
675 959 36
311 1409 23
993 1250 35
634 921 8
925 1448 1
62 659 23
100 602 32
1057 1491 1
125 1221 8
1232 1458 1
50 295 17
78 1238 8
559 1222 0
97 1416 1
711 872 43
4 1362 0
165 973 10
1141 1300 8
185 619 10
437 449 5
839 904 10
812 916 8
132 324 0
248 548 1
555 1128 1
1238 1452 1
733 952 72
340 709 23
1163 1443 16
962 1299 6
849 850 17
833 1465 23
96 1508 1
430 709 7
283 628 17
237 675 0
578 1468 23
565 571 49
564 801 8
16 1027 34
322 1048 8
131 708 17
82 629 38
363 1137 34
516 554 1
338 1534 1
99 142 17
0 1369 34
4 1281 23
224 299 10
566 1213 23
1118 1458 14
188 281 18
690 981 7
519 1420 11
400 964 10
84 220 21
842 1100 34
1100 1489 34
493 1295 17
141 765 0
364 1333 8
352 1045 23
863 1211 37
675 957 53
467 1061 23
208 1420 37
239 833 13
122 647 17
310 810 8
364 1007 8
299 954 31
338 668 29
328 942 1
711 988 10
104 614 5
137 734 23
504 1362 2
338 1288 1
499 683 10
675 1017 8
1018 1035 55
141 769 8
182 276 23
79 1244 50
291 797 4
942 1403 1
462 787 32
165 1295 10
582 763 17
572 1064 17
62 284 8
398 1283 21
294 425 54
821 1054 34
635 659 21
428 1147 31
69 1293 10
615 1477 38
516 646 17
676 913 21
242 702 1
90 1473 8
46 1350 42
133 669 11
54 834 45
122 440 17
324 1045 10
504 1222 2
278 438 7
576 1471 8
582 744 17
45 639 29
375 1419 5
103 771 19
960 1090 10
398 1153 21
134 395 1
295 428 17
639 1540 8
390 938 13
429 922 1
1136 1325 5
172 198 23
248 964 17
141 1463 1
104 530 19
1317 1408 42
576 1401 8
1129 1444 8
133 1146 11
1275 1338 7
1185 1316 0
374 787 24
1140 1564 8
564 872 10
742 988 11
390 1049 10
537 744 17
681 834 10
683 904 10
132 833 13
808 1163 13
167 283 17
1216 1540 8
1288 1423 1
167 856 59
1136 1463 1
424 1135 14
82 809 34
1221 1341 1
132 827 0
122 1271 17
654 1271 17
107 345 29
282 850 23
889 1407 17
288 408 8
663 1523 34
79 1300 10
297 892 17
1118 1508 8
870 1300 1
505 1399 10
150 852 23
74 795 34
462 549 72
508 1333 1
253 1473 23
746 901 89
488 1541 7
964 1481 66
142 468 10
1035 1265 3
77 1153 21
401 1126 1
54 839 10
226 311 58
84 1281 23
902 1136 23
395 727 1
585 1333 23
795 1234 34
77 601 41
235 906 19
753 808 13
1203 1449 8
502 773 12
938 1163 13
469 1409 1
669 690 56
4 84 23
732 1464 1
311 647 19
220 247 21
272 1062 17
470 628 17
118 372 34
48 142 10
334 1271 8
566 635 21
54 442 17
876 1048 23
1290 1465 14
22 197 16
609 1564 14
273 1007 8
1499 1563 8
839 901 10
441 630 10
865 1064 23
185 1172 20
241 1351 51
830 1135 8
860 953 4
172 1152 23
698 892 19
198 1009 39
143 1499 8
79 849 10
849 1086 1
222 744 5
595 906 17
217 904 10
189 1261 8
821 1129 1
726 755 7
47 1557 14
869 913 40
79 911 12
152 479 17
359 778 24
376 1146 8
217 310 41
615 719 2
844 1220 32
744 767 17
160 1186 8
266 1133 8
175 1118 3
609 1472 8
1077 1529 23
477 596 8
736 932 2
766 1468 17
490 787 24
886 1317 5
185 766 17
571 808 13
334 781 23
322 944 43
879 1135 8
133 272 11
324 953 4
821 1027 34
628 1049 10
372 690 7
305 1273 8
107 129 52
242 999 1
922 1554 8
224 676 10
701 921 5
1338 1481 28
852 1521 32
865 1136 23
271 299 25
407 654 10
272 830 11
594 726 26
543 1169 1
376 1084 24
800 1541 7
632 1452 23
268 359 41
830 1046 8
458 549 12
1064 1133 23
614 961 12
452 555 10
180 1296 8
342 1044 62
476 843 8
56 429 1
488 1045 17
468 933 53
161 1326 8
1489 1554 1
249 1439 19
479 519 11
352 632 23
730 964 10
433 1085 17
588 1556 1
224 324 10
1135 1464 1
272 856 59
809 1027 34
339 767 10
734 833 23
1046 1232 1
133 1499 8
230 960 87
226 1362 0
862 1407 17
994 1067 21
89 493 2
848 1153 17
512 787 24
260 431 7
294 533 34
50 555 17
921 1492 5
149 1277 1
365 1283 70
96 1458 1
470 709 23
429 1341 1
224 433 17
1017 1128 8
222 572 10
530 1249 19
493 834 8
479 1044 33
343 1362 2
48 1111 10
1350 1481 5
564 1463 1
233 488 19
449 1009 5
235 340 19
161 792 76
82 852 23
991 1101 38
680 801 10
295 626 17
9 444 71
567 1350 5
1067 1496 21
747 1067 23
484 1148 17
275 490 10
51 1244 21
1425 1474 14
907 1172 2
325 852 32
800 1062 17
36 830 11
9 141 0
709 865 23
182 1131 8
457 830 8
390 1008 39
441 1400 37
1129 1223 1
571 1483 18
51 1067 21
163 444 66
488 1448 17
565 1269 24
490 1547 10
272 961 42
130 753 30
1050 1118 32
921 1259 8
25 239 0
251 1001 42
850 1153 11
844 1481 66
554 763 17
212 781 23
137 1062 10
619 777 12
892 1377 5
12 149 13
519 659 23
124 672 10
262 303 41
96 157 1
597 1220 32
572 1090 17
272 862 17
711 742 10
127 1171 38
1039 1350 30
56 870 1
855 968 14
352 1534 23
261 1269 24
50 942 17
659 1419 23
309 671 12
932 1127 16
810 1419 8
931 1234 29
378 892 10
758 1458 8
107 390 29
381 734 8
152 896 1
470 1271 17
646 869 17
468 553 10
499 1319 40
170 559 81
253 576 23
499 1090 19
1045 1064 23
322 844 10
60 226 42
800 844 17
1027 1234 34
299 567 23
636 1024 62
582 1386 17
414 493 10
75 614 20
324 428 10
1220 1333 32
149 922 1
198 727 10
4 12 0
744 1333 5
1090 1408 42
185 1061 8
132 962 0
753 1146 34
180 1136 8
580 796 8
268 288 35
1261 1564 8
125 251 42
668 1268 8
93 222 10
998 1304 12
97 381 1
519 669 11
49 1496 53
9 750 0
108 129 52
231 1168 31
376 821 1
1253 1335 12
374 704 26
1296 1480 8
906 1417 34
15 338 24
390 863 10
1333 1462 8
602 734 8
178 555 17
424 576 8
626 806 17
186 1343 10
740 906 23
530 1300 19
262 822 41
1332 1566 83
872 882 10
1216 1549 8
322 659 70
1129 1508 1
1164 1496 21
276 311 8
182 609 8
1232 1529 23
543 998 12
208 907 87
870 1271 1
533 1381 34
253 384 10
338 796 8
345 1307 8
889 1529 17
133 1048 23
865 1198 23
520 1554 34
635 1169 8
425 1016 32
329 808 13
12 180 0
681 703 2
4 182 23
563 1271 24
475 788 24
131 133 17
74 118 34
1049 1338 10
615 834 10
676 1058 87
398 844 21
196 1564 8
848 976 19
632 1023 11
25 998 8
629 773 38
1057 1131 1
484 1133 23
444 872 16
47 680 10
684 1425 8
209 617 10
428 1009 23
259 1131 8
697 1271 17
771 1409 7
429 702 1
92 630 17
202 376 8
639 1288 1
588 899 17
1209 1290 14
555 697 17
1090 1458 8
198 325 39
396 923 40
673 1085 1
160 1288 1
288 601 35
614 938 0
889 1269 8
160 843 8
904 962 10
13 134 0
999 1376 5
502 1333 23
233 1153 17
131 654 19
469 794 11
334 854 18
82 1048 23
501 989 17
1088 1239 8
1090 1536 1
170 1301 13
208 1171 38
409 870 1
47 69 10
576 602 8
896 1228 32
268 764 35
127 960 25
60 844 11
91 433 31
609 653 8
248 433 17
493 757 62
781 845 23
530 1397 19
609 1269 8
161 654 23
602 1265 8
430 531 29
80 865 23
484 578 23
337 1296 8
110 276 9
608 1547 23
340 398 21
59 635 21
510 988 33
661 1220 24
554 906 17
548 1536 78
150 1496 23
553 932 2
437 927 23
1417 1448 8
580 738 13
405 959 36
701 894 4
632 1211 23
1134 1317 7
309 1054 34
103 1045 17
120 1463 1
84 1135 23
520 877 20
272 1529 17
104 1078 23
654 1386 19
206 464 10
278 280 7
180 1293 10
133 516 45
74 1549 34
339 340 10
1255 1286 52
278 465 7
368 1529 11
561 775 17
639 1462 8
964 1095 17
580 1462 1
678 1288 1
646 841 23
576 809 34
108 1459 1
295 970 10
424 1557 14
395 801 1
602 1222 0
468 600 10
272 844 11
184 1203 8
407 921 8
476 1128 1
409 1269 24
471 1211 29
849 1508 22
1465 1534 23
15 82 24
17 563 50
143 734 8
1046 1419 8
295 849 17
457 1017 8
668 693 8
442 1062 17
855 1564 14
441 796 8
108 120 1
182 1547 23
600 1481 5
62 865 23
843 1080 35
104 899 74
582 680 17
108 1265 1
126 512 34
999 1061 23
504 808 2
678 988 17
902 1419 23
328 1080 35
317 574 17
925 1057 1
212 1333 23
272 1275 17
848 942 17
167 1547 17
89 1293 10
239 930 13
1279 1523 34
374 808 13
744 1443 77
230 753 2
212 845 23
726 956 4
627 630 17
248 676 10
636 767 23
1439 1445 14
133 701 5
96 1333 1
289 886 23
99 152 17
100 1457 32
12 1421 0
794 1137 34
230 1269 8
92 744 17
103 711 20
289 396 23
1472 1499 8
564 1148 17
675 1433 2
408 867 10
581 938 0
1216 1265 8
4 855 23
938 1355 51
545 1293 10
872 1062 10
230 433 10
914 1417 34
659 1468 23
150 654 23
672 683 10
54 887 17
428 1133 23
9 614 0
112 120 2
676 701 37
225 1540 8
172 1464 1
9 220 0
103 133 17
36 906 11
471 1209 29
180 578 14
815 1480 8
502 1061 23
235 1271 17
499 511 19
276 783 10
844 1150 66
796 913 8
841 865 23
150 437 23
104 1350 5
508 1545 1
878 907 87
74 914 34
575 619 12
876 1393 38
170 1061 0
734 1136 8
499 808 0
904 1137 34
57 628 17
672 1319 40
376 507 8
249 369 17
72 1300 10
788 1250 35
428 1095 8
401 1245 1
1062 1283 23
630 1299 30
169 325 29
46 470 8
444 1054 21
289 568 5
133 567 23
1223 1300 17
196 1447 18
1273 1438 14
520 785 8
184 830 8
129 1010 52
668 923 29
109 956 4
294 437 8
570 901 29
519 863 28
906 1480 8
428 809 34
1078 1376 5
711 1362 0
758 1448 1
843 1472 8
242 1268 1
376 767 23
635 906 21
648 882 10
667 1425 14
879 1244 8
405 843 8
830 1271 8
484 732 10
96 914 1
120 167 10
182 206 10
283 961 42
287 794 17
694 697 62
849 1148 17
122 248 17
619 971 7
457 1449 8
248 1288 1
450 767 23
17 753 50
337 414 10
137 1496 21
544 863 67
1265 1463 1
96 1141 1
340 779 62
1220 1540 24
425 543 54
248 494 10
849 1223 1
289 442 17
109 1351 51
1185 1465 23
848 889 17
763 1035 8
231 493 17
561 627 17
216 1062 5
233 942 17
1016 1464 1
888 1232 22
537 654 17
124 553 10
15 1521 24
1050 1451 34
289 701 62
220 882 21
1045 1296 8
796 1417 8
555 589 17
1048 1178 8
198 396 39
850 1440 17
118 512 34
91 672 31
944 1547 10
253 295 17
636 914 23
295 600 10
942 1529 40
944 1037 12
324 545 10
809 1374 34
668 1090 8
62 890 8
231 1061 17
178 1547 17
321 1084 24
743 938 13
891 1246 10
1234 1463 1
188 734 24
733 1057 72
289 1299 30
239 401 1
409 576 8
682 1366 60
849 1476 17
289 1067 23
384 1246 10
854 1459 1
452 843 8
4 1325 5
921 1232 8
310 913 8
39 719 34
54 850 17
867 904 10
1499 1545 8
812 1415 8
703 911 12
46 1140 8
262 565 54
96 104 17
120 142 10
309 1084 24
609 693 8
376 1545 8
578 672 33
242 1323 46
604 1222 0
753 1007 12
287 554 17
110 808 0
180 767 10
1279 1374 34
134 830 8
324 433 10
161 1452 23
148 841 18
396 1409 23
843 925 8
183 1062 17
654 1326 8
9 225 0
801 1007 8
801 1282 14
276 400 10
317 428 8
1007 1465 1
743 1016 8
209 703 34
1468 1496 23
495 614 4
429 1423 1
167 711 10
322 604 70
280 795 34
545 1179 40
253 470 17
678 1275 17
1057 1547 1
180 734 8
1220 1419 32
260 523 27
196 424 29
1131 1415 8
348 674 32
440 681 10
441 906 8
82 1009 23
809 1536 1
757 1213 28
744 1452 5
247 511 19
212 317 11
455 549 12
311 470 23
458 911 12
543 983 38
81 1420 11
458 955 4
104 314 23
1086 1463 1
561 1299 30
564 1153 11
233 806 17
376 555 8
482 1024 62
508 1269 8
206 383 17
619 765 0
907 1350 5
198 693 17
230 1489 1
843 1118 1
283 619 10
54 295 17
172 494 10
157 1265 8
1438 1492 5
450 1451 14
638 1464 1
1 1369 34
1095 1476 17
362 690 7
563 1153 34
152 1420 17
617 1481 10
1017 1046 8
262 760 41
242 288 17
333 1511 62
163 683 66
99 769 1
167 212 17
734 1185 23
566 1468 23
152 1491 1
497 1459 1
104 224 17
305 1209 40
999 1213 5
863 1481 28
95 964 10
434 675 53
334 892 23
395 1277 1
16 533 34
176 494 71
368 1238 8
62 1563 8
369 438 28
314 383 17
585 1077 23
973 1494 23
188 1125 24
161 1009 23
80 1377 5
58 1542 89
161 442 17
0 1554 34
765 1421 0
276 1326 8
753 1417 34
298 833 18
287 468 10
493 800 19
441 477 8
627 994 17
310 684 8
16 679 34
769 1279 14
407 1444 8
70 1304 5
730 845 5
289 1253 42
9 523 13
870 1459 1
80 678 17
827 1067 53
419 1220 32
104 1010 10
97 1459 1
287 686 17
497 973 0
479 1244 11
588 1448 1
247 614 20
1148 1299 30
288 1023 11
1238 1300 8
570 766 17
175 1265 8
1461 1497 38
294 1474 34
406 808 13
80 1300 17
163 746 89
229 1103 1
390 783 21
847 961 12
278 683 7
288 1234 34
849 1443 1
906 1064 23
580 1506 13
1232 1333 1
62 1245 8
369 554 10
356 1317 7
437 964 11
765 1464 1
476 821 1
92 1529 17
852 1136 23
379 1250 35
80 1141 8
680 889 17
188 1103 24
139 709 32
585 1465 23
1141 1403 8
499 938 0
634 1540 8
961 1529 12
180 338 8
636 1556 14
334 1496 23
160 1534 1
106 736 10
631 974 7
183 889 17
345 1131 8
224 501 17
219 574 17
747 1380 38
407 1129 1
299 334 23
588 1401 1
299 1161 23
129 617 52
159 809 34
81 180 8
314 634 17
469 812 8
407 419 2
180 1128 1
50 1045 17
325 906 23
563 1007 12
206 1090 17
571 961 42
1325 1468 5
855 1185 23
80 1169 8
1141 1452 8
531 1128 1
165 206 10
408 1249 19
359 1008 39
628 1147 31
184 376 8
22 703 12
322 444 16
334 1530 38
9 1512 13
690 887 24
1399 1458 14
1090 1473 47
235 574 17
129 849 52
553 906 10
434 732 10
184 1449 8
914 1288 1
576 852 23
374 1131 8
242 617 10
109 849 1
510 627 17
104 1198 23
295 314 17
408 608 23
942 1462 22
602 1048 23
734 1564 14
530 630 19
261 1008 39
297 862 17
999 1024 62
567 842 23
588 848 17
108 508 8
97 794 1
660 1350 40
646 1397 33
288 548 17
925 1452 23
683 1420 17
697 988 17
883 942 1
163 1090 17
429 1416 1
709 1185 23
390 452 10
899 988 17
198 369 10
172 407 10
973 1317 42
50 339 10
460 821 34
80 559 50
249 276 19
884 1540 8
50 736 10
433 630 17
511 877 17
317 627 17
833 1048 23
172 449 5
1468 1476 17
578 709 23
160 1129 1
359 897 24
1315 1554 34
734 1227 8
180 821 1
16 1415 34
502 845 23
385 760 7
288 693 17
295 904 10
50 219 17
571 1512 13
668 675 64
172 1136 23
305 875 32
252 1269 40
50 122 17
167 626 17
185 389 17
604 1128 21
390 782 10
396 1494 23
365 906 10
272 440 17
791 1395 16
60 812 23
189 226 21
758 1131 8
830 959 8
469 1129 1
289 1244 11
50 574 17
428 1432 8
944 1399 10
470 510 17
108 891 1
654 845 23
493 554 17
631 949 64
182 339 10
879 1290 8
229 1549 1
288 1150 21
590 1084 24
479 678 17
830 1067 14
60 564 17
1093 1141 14
85 512 13
870 1471 1
1148 1448 17
821 1178 1
899 1136 8
182 604 23
938 962 0
25 120 37
588 1341 1
872 1399 10
1289 1552 1
602 1037 12
1141 1211 8
441 834 10
334 1438 23
923 931 29
202 627 9
854 862 17
22 565 12
309 663 30
46 152 17
1203 1536 1
138 1447 18
385 1376 38
1239 1366 60
407 782 10
62 104 23
545 801 10
879 891 8
56 1499 8
566 886 23
266 1005 7
216 484 5
1232 1472 1
469 1473 8
231 634 17
400 719 2
170 1304 54
1095 1540 1
878 963 2
1438 1547 23
365 1228 37
85 340 13
208 289 10
401 1307 1
847 1369 12
801 1268 8
588 1227 1
1129 1133 1
99 1403 1
224 555 17
1386 1397 19
112 324 55
1465 1547 23
85 959 0
242 266 8
141 152 1
888 1317 7
565 1443 30
85 636 13
519 1325 5
830 1084 24
775 973 17
1451 1473 14
767 834 8
374 1084 24
94 1084 24
600 892 23
964 1295 17
894 1529 4
125 1007 8
567 1275 31
565 730 2
531 570 29
844 944 10
468 646 10
237 314 0
516 1407 17
698 1511 19
189 617 2
572 1275 17
120 289 10
1136 1417 34
1213 1419 32
275 297 10
189 1333 8
999 1152 23
328 1449 8
93 830 17
1048 1281 23
59 564 11
530 654 19
688 1331 51
310 1423 8
447 906 13
1111 1246 10
663 847 12
198 1093 39
901 1322 29
785 1290 14
289 1213 5
288 574 45
322 913 21
311 680 17
1017 1296 8
178 578 17
484 1058 10
299 493 23
133 636 23
333 1388 62
282 395 1
22 217 27
184 693 8
1095 1307 1
120 548 1
488 1271 17
338 1128 1
470 1438 23
602 841 23
1141 1203 8
299 767 23
632 862 17
389 855 25
753 1084 24
131 1347 51
703 1054 34
100 325 32
464 1293 10
672 1288 1
1416 1473 8
230 1464 1
352 1335 12
57 680 17
76 478 26
25 213 37
26 1269 24
198 646 23
281 891 8
493 698 19
334 1529 23
180 968 8
182 1529 10
1007 1146 34
288 1148 17
334 842 8
184 508 1
942 1016 1
796 1228 8
782 844 10
588 1275 1
734 1281 23
50 297 17
660 1253 12
767 1148 19
497 679 13
845 902 23
206 440 17
60 850 11
295 378 10
225 1448 1
812 1046 8
609 1239 14
219 1319 40
470 1093 23
602 1303 12
564 1044 33
619 1039 40
129 143 52
50 441 10
149 564 1
852 1064 14
632 1547 11
106 445 40
172 295 17
679 1268 34
401 632 1
76 657 40
938 964 13
1409 1481 5
45 1209 29
561 976 19
334 938 13
434 894 4
170 841 13
780 1072 52
506 1335 12
719 833 17
907 1221 23
632 1003 23
601 1213 28
396 1465 23
408 1438 23
512 523 27
1239 1458 14
827 1153 50
82 1438 23
78 663 35
340 1213 5
555 1502 10
6 467 7
693 887 17
109 690 38
493 849 1
631 1045 10
400 970 37
405 512 30
217 242 10
157 310 35
537 906 11
149 478 26
283 830 17
376 999 8
167 559 10
565 753 30
588 1046 1
476 916 8
419 753 30
172 1146 17
125 626 45
441 719 2
1045 1534 23
383 1261 17
627 964 17
225 602 3
72 206 10
120 376 8
497 787 8
339 447 13
991 1547 33
314 1185 23
1294 1363 29
833 1009 23
361 676 31
247 1386 19
291 371 12
872 1443 2
170 746 41
589 1326 8
334 352 23
305 338 32
626 767 17
26 125 8
124 628 10
736 964 10
663 1417 34
1045 1300 74
84 1113 21
289 654 23
57 582 17
430 1209 29
490 753 2
22 180 8
627 881 66
224 846 10
340 444 21
170 962 0
572 1468 17
80 365 8
142 854 17
467 1211 23
467 747 23
217 1325 40
61 744 5
470 775 17
103 1536 17
464 619 10
103 1090 48
788 1406 14
628 1529 17
93 1286 17
259 570 29
379 1133 35
711 911 12
590 931 32
697 1261 17
198 1448 17
79 332 64
927 977 53
384 794 50
781 1529 23
636 1161 23
588 1247 1
568 850 50
863 990 38
110 1512 2
226 844 21
69 429 1
507 1552 1
800 1280 19
85 962 0
581 1054 21
381 872 10
812 1464 8
106 468 10
543 1549 34
923 1506 40
99 1245 1
548 883 17
134 1489 1
869 872 21
922 1471 8
477 1141 8
167 287 17
266 395 7
452 988 10
1129 1480 1
149 636 1
576 1288 1
96 933 1
396 808 13
433 1529 17
441 1515 2
294 345 8
175 576 8
149 765 13
549 1351 51
744 1016 32
600 843 8
341 620 32
1137 1452 14
810 1540 8
886 1009 23
84 585 23
744 849 17
130 1074 12
767 1512 2
933 1492 53
280 795 34
455 568 53
794 1131 8
161 848 19
1232 1483 8
686 1064 17
555 1408 42
441 644 8
198 297 17
1016 1221 8
395 1035 1
253 1211 23
794 1474 34
272 672 17
70 282 23
906 959 9
608 1325 5
198 233 19
47 289 10
340 1261 17
877 1115 17
1095 1468 17
424 1427 14
555 676 10
555 672 31
549 1007 12
870 1449 1
438 973 10
233 297 17
490 1269 24
1393 1461 38
1136 1452 23
242 766 1
324 1148 10
299 1058 87
444 499 7
389 537 40
334 734 23
185 626 17
337 1275 17
72 1164 16
178 849 17
564 617 10
1216 1246 14
75 636 41
1245 1464 1
237 368 13
167 710 17
161 1273 14
821 1483 1
457 629 20
646 1044 33
833 1281 23
237 653 0
15 1084 24
222 872 87
198 1078 23
767 844 17
104 1468 23
160 1049 21
189 668 8
50 1476 17
122 1388 17
56 588 1
879 900 8
548 942 1
615 1399 10
17 82 23
297 646 17
85 176 8
22 719 12
294 1529 56
852 1220 32
787 1047 24
927 1198 23
646 1067 23
675 1253 40
62 150 23
602 1496 23
334 794 8
781 1547 23
681 733 78
268 455 15
1221 1417 1
1228 1552 1
56 242 1
1042 1275 17
104 595 17
225 1118 3
768 1018 55
1141 1447 14
359 1247 24
133 850 11
424 1491 14
340 490 10
248 289 17
609 1553 8
297 906 17
9 468 0
1307 1444 8
46 1464 8
185 564 17
769 821 1
220 970 5
133 297 17
1474 1554 34
447 922 0
842 1419 8
141 1448 1
309 614 2
226 408 58
582 615 10
168 376 8
384 727 10
352 493 23
9 976 71
46 730 50
669 988 17
601 740 41
1153 1175 21
22 1307 8
401 907 1
242 794 17
1137 1462 14
170 808 13
580 750 0
322 844 10
493 781 23
282 1133 14
850 999 23
54 219 17
576 1462 8
726 1220 24
414 437 10
239 1185 0
125 441 8
834 1443 42
266 372 7
152 271 1
184 1063 8
447 649 35
479 1253 42
325 1494 23
22 1133 14
172 208 10
467 709 23
457 783 10
1152 1496 23
189 914 8
141 1238 1
589 1529 17
843 1288 1
779 1353 62
1239 1265 3
352 767 23
505 867 10
60 608 23
79 719 2
635 927 21
1279 1315 34
242 1440 17
886 1333 23
311 1444 8
604 636 23
707 1009 39
511 964 17
337 564 11
559 1062 10
396 1064 23
225 1564 8
97 639 1
337 1480 8
1444 1448 8
1190 1489 34
588 1271 17
396 588 45
311 961 42
212 812 23
161 578 33
429 1556 1
104 668 8
93 595 17
152 768 1
6 791 7
479 854 17
18 294 12
337 501 19
77 299 37
235 802 10
879 1077 23
120 956 4
233 1386 19
80 389 17
266 483 7
51 1146 21
295 848 17
609 1563 8
769 906 8
272 442 17
737 1564 14
425 602 54
872 1331 51
309 359 12
703 747 49
90 149 1
253 989 17
998 1459 14
1136 1213 32
368 821 34
66 266 7
566 1316 0
374 619 2
600 1459 1
1048 1553 8
329 744 77
99 297 17
332 1250 38
742 794 11
325 549 54
800 1230 19
571 959 38
84 932 53
883 1273 8
280 1037 12
48 553 10
1216 1466 8
12 1447 13
124 390 10
533 1137 34
325 396 23
249 289 19
100 740 32
626 870 1
1061 1458 8
188 843 24
669 869 40
497 1131 8
51 1221 8
212 1452 23
502 1547 23
530 672 33
968 1258 14
275 964 10
208 955 31
476 1238 8
253 287 17
405 660 30
519 608 23
150 1377 5
234 753 34
242 1275 1
86 938 2
1221 1499 8
681 901 10
437 1476 17
282 1297 39
493 869 17
1009 1350 42
1118 1213 32
1133 1481 32
161 960 10
548 827 71
988 1232 1
72 906 10
376 1259 8
276 1042 17
328 601 35
708 883 17
224 408 17
216 470 8
537 683 66
1128 1363 1
202 921 8
142 805 10
672 1481 17
12 1186 0
1111 1401 1
634 906 17
429 690 1
862 989 17
149 1326 1
998 1333 8
668 930 0
549 704 26
182 400 10
149 198 39
401 1289 1
70 961 5
363 520 34
429 1259 1
442 479 17
237 1090 0
479 1481 17
520 1190 34
359 663 41
1261 1563 8
288 672 17
340 561 19
1016 1046 32
688 1417 34
1406 1451 14
568 1283 53
589 1062 10
1067 1103 14
442 988 17
283 1317 42
1007 1131 1
601 1417 35
478 1461 26
383 767 17
433 1147 31
1003 1152 23
337 468 10
470 736 10
488 899 17
455 675 53
493 1529 12
170 384 56
693 1220 1
378 732 10
519 567 23
561 574 17
233 973 19
563 782 34
609 1452 8
149 787 32
398 906 21
365 654 10
787 1481 32
921 1035 8
208 310 8
50 559 10
325 329 32
108 1401 1
610 734 8
727 1489 1
365 636 8
374 879 8
278 1365 7
436 932 36
1399 1445 14
272 1095 17
295 906 17
376 766 8
942 1246 1
493 632 11
879 1481 5
363 1146 34
288 813 35
209 1279 34
425 531 32
228 565 30
376 849 1
1220 1451 24
1408 1443 42
457 678 17
104 693 17
275 877 10
175 922 8
61 732 87
519 585 23
69 242 1
1341 1444 8
93 452 10
289 1198 23
235 1064 17
572 891 45
120 1296 8
233 964 17
75 872 20
882 913 21
189 1409 1
659 876 23
298 1008 39
464 602 27
245 1283 21
548 1093 1
104 163 17
125 322 70
17 340 23
1140 1211 8
602 1269 8
289 744 17
263 765 2
0 563 34
222 945 12
545 795 27
602 923 54
9 385 13
740 1136 23
219 572 17
889 1061 17
395 999 1
15 543 34
57 567 31
1490 1536 78
9 1301 13
408 830 42
1427 1438 23
149 1216 1
80 1198 23
615 1350 40
170 1425 14
60 578 23
400 680 10
806 1420 17
1211 1322 29
107 1046 29
59 1054 21
659 747 23
329 1502 4
104 848 19
672 821 1
170 398 0
1061 1438 23
400 1045 10
434 876 38
0 660 34
131 523 30
9 490 13
202 1223 1
322 742 10
447 1421 0
944 1511 20
249 806 17
1061 1131 8
131 1547 17
152 1407 17
830 1111 8
149 1427 1
212 709 23
137 635 21
208 730 43
222 1288 1
769 1078 8
109 1504 38
133 226 21
769 999 8
962 964 21
93 311 17
1007 1192 34
537 889 40
340 883 17
183 1115 17
142 383 17
46 457 8
672 1064 17
257 545 67
734 1259 8
669 844 11
604 1049 70
1085 1529 17
12 468 0
549 1074 12
854 1432 17
248 477 10
281 497 13
796 942 8
198 1283 23
311 1185 23
512 1234 34
467 875 32
311 631 10
260 378 27
276 511 19
133 317 11
168 576 8
229 925 1
149 1078 1
25 454 37
629 1220 24
659 1433 2
493 1064 23
208 1302 67
634 1275 17
390 1353 17
109 631 12
321 787 24
9 1459 0
933 1058 2
827 901 10
297 582 17
104 142 17
291 911 12
287 1271 17
180 1415 8
1148 1511 19
9 282 13
299 335 67
408 428 17
96 1232 1
375 654 5
968 1048 8
886 906 23
570 1269 24
405 765 2
26 107 29
259 1146 8
242 1296 1
654 999 23
50 973 17
1022 1220 24
133 709 23
796 1227 8
585 855 23
46 1553 8
1216 1415 8
726 828 7
12 271 0
993 1171 35
12 48 13
276 568 6
886 1093 23
892 1222 0
60 1397 33
1300 1353 19
865 907 23
160 1277 8
844 867 10
424 809 44
345 600 8
376 1211 8
78 711 15
849 1058 10
449 902 5
60 1465 23
821 1547 1
172 1317 5
224 465 10
46 1103 8
1232 1240 22
545 1269 24
1064 1545 14
104 1283 23
213 281 8
452 543 2
559 654 5
572 846 10
368 1244 11
512 911 12
233 1529 17
839 1476 10
132 134 0
843 1244 8
134 161 9
452 582 10
646 906 17
863 1238 8
537 854 17
222 537 10
384 615 27
1135 1317 5
800 1275 17
310 896 8
142 442 17
733 1447 72
1419 1451 14
576 906 23
636 1268 14
561 771 19
152 638 1
479 906 17
400 1187 38
124 767 10
697 899 62
365 1085 8
777 946 12
338 709 8
253 589 19
234 280 34
18 788 40
589 740 23
276 800 19
559 988 10
686 1045 17
161 849 1
235 275 10
870 1556 1
134 376 8
245 1496 21
79 500 15
808 1214 0
567 572 31
104 1511 19
1035 1316 0
543 1462 1
185 324 10
478 559 26
671 847 12
253 1333 23
590 744 77
419 1408 42
224 548 17
282 632 23
507 1473 8
408 626 17
740 1152 23
431 548 45
384 719 2
862 1058 10
85 1515 13
862 1300 17
99 222 1
17 876 23
345 1269 24
152 1458 1
266 575 7
769 788 14
578 1062 23
220 226 21
488 1547 17
231 849 1
589 1492 5
636 1273 8
507 1564 8
409 1444 8
750 1222 2
235 766 17
168 850 34
471 1317 7
747 892 23
288 1166 21
385 614 12
184 374 8
120 172 10
189 1159 21
384 766 10
744 906 17
15 834 24
253 615 10
225 1118 3
280 281 17
82 1325 5
566 906 21
971 1374 34
149 1471 1
180 537 10
476 998 14
1363 1444 8
208 596 8
305 1206 39
275 1547 10
132 589 0
500 572 8
408 879 23
338 1239 29
337 589 3
449 1420 37
59 1496 21
400 1338 10
57 142 17
901 1171 35
827 1350 40
670 1244 11
365 408 10
428 852 23
585 1161 23
172 899 33
230 280 2
548 1232 1
70 925 23
185 217 10
137 1221 23
376 405 8
1103 1326 14
1048 1084 24
239 971 13
767 938 0
400 727 10
1247 1277 8
548 595 17
133 568 50
123 619 12
1261 1466 1
664 1050 32
1008 1549 39
226 963 21
143 572 17
654 834 8
280 1374 34
619 882 43
369 676 28
680 964 21
458 1253 12
77 365 37
1067 1185 23
242 1131 1
51 846 2
676 1397 20
865 1480 8
619 850 50
110 1362 0
90 500 57
84 636 23
167 465 10
855 1333 23
93 183 17
530 807 62
572 1095 17
340 698 19
12 932 0
206 553 10
1118 1529 12
428 1136 23
294 570 8
576 608 23
441 1049 87
396 1223 45
676 1400 37
578 647 33
110 1169 8
60 1494 23
364 1141 14
757 1386 62
508 690 1
259 1322 29
188 1483 24
1135 1499 8
310 457 8
142 287 17
565 821 8
287 1172 20
609 842 8
405 1369 30
788 1403 14
278 1259 7
437 1464 1
781 1067 23
314 781 23
520 672 20
213 1275 8
213 684 8
497 675 0
364 921 14
314 449 62
1148 1439 19
589 1039 5
188 261 24
348 1483 32
654 1397 19
1057 1545 1
867 1293 10
310 1128 8
275 944 10
600 1058 10
276 1211 23
968 1203 14
107 326 52
576 1062 23
231 1449 8
519 1444 8
38 588 25
13 659 0
325 338 29
1090 1468 74
566 1009 23
984 1293 52
455 734 7
788 1427 14
298 1366 60
182 769 8
234 565 34
671 1369 12
767 925 23
639 690 7
142 964 17
653 1269 24
425 755 41
1048 1203 8
862 1476 17
1315 1374 34
170 198 0
499 676 10
275 408 10
672 1141 8
1141 1554 8
22 921 8
289 883 17
1271 1420 17
339 830 10
566 1438 23
219 548 17
235 317 17
161 842 23
855 902 23
830 889 17
337 865 8
209 468 10
865 999 23
276 1281 23
499 883 17
168 523 27
931 1046 29
287 1468 17
581 901 16
846 1529 10
282 1489 1
428 585 23
363 1415 34
247 792 76
157 879 8
999 1131 8
376 830 8
104 468 5
289 1280 19
457 1118 3
1221 1283 23
1078 1409 23
235 322 10
457 479 31
188 1047 24
295 499 17
103 654 48
408 1230 19
85 814 0
576 1061 23
295 1085 17
90 812 8
548 1473 1
202 1480 8
675 783 2
452 1293 10
545 830 10
653 1512 2
628 1468 17
405 609 8
1161 1494 23
182 502 23
96 877 17
585 1452 23
99 1232 1
217 419 2
4 428 23
644 769 8
1140 1540 8
810 1462 8
180 565 2
78 455 15
734 1529 23
508 1471 1
131 457 17
808 1085 8
80 375 5
229 892 1
142 648 10
1244 1542 21
217 543 2
408 734 23
359 425 54
396 636 23
289 1439 19
1111 1481 10
56 769 8
428 1211 23
13 1135 0
60 962 42
231 1261 17
914 1221 23
180 1452 8
291 549 12
452 1167 27
428 537 11
196 921 14
845 1325 5
1283 1542 21
585 1133 23
795 880 34
90 1046 29
112 907 2
82 565 49
225 1540 8
281 1530 38
808 1050 0
198 709 39
559 631 65
314 1397 19
45 983 38
841 1534 23
1295 1536 17
311 922 8
118 168 34
314 676 10
274 690 7
48 1084 24
236 955 82
773 1187 38
548 647 17
3 13 2
108 1499 1
1211 1489 8
499 561 48
325 1161 23
555 634 17
576 845 23
1084 1133 24
631 932 53
251 891 42
22 1017 8
45 396 29
378 494 10
457 889 17
340 464 10
1142 1419 14
231 337 17
80 484 23
340 530 19
1290 1564 14
231 1007 8
276 376 23
916 1449 8
1057 1419 1
213 251 42
499 1433 2
234 1480 34
646 1300 17
339 580 13
962 1399 10
711 1317 40
163 1300 17
272 519 11
470 545 10
209 1417 34
108 1275 1
1211 1268 8
405 857 16
188 679 24
1221 1508 1
1358 1526 71
11 365 0
124 242 10
283 1249 17
654 1044 19
1462 1464 22
788 1557 14
627 1209 24
812 1492 5
1438 1458 14
1239 1480 8
872 891 70
845 1496 23
121 130 12
580 1505 0
709 1480 8
684 1007 8
297 1468 17
401 1491 22
484 1048 23
99 248 17
565 1084 24
189 395 1
490 1045 10
998 1016 32
484 914 23
116 359 44
484 684 23
189 1536 1
352 1468 23
334 1213 5
338 1277 8
364 896 29
239 1310 6
437 595 17
150 961 5
647 742 11
564 870 1
217 545 27
488 701 62
1136 1451 34
292 1050 32
627 767 17
96 131 17
396 709 23
163 989 17
368 1253 42
118 565 34
821 1035 1
325 1178 29
1071 1452 14
839 932 2
364 1420 14
299 440 10
1093 1131 8
400 563 2
913 1186 8
913 1164 21
275 730 10
242 1449 1
869 1269 8
382 834 8
602 1045 23
589 608 23
1474 1523 34
54 433 17
314 1271 17
490 1443 2
288 834 8
337 766 17
132 202 0
272 457 17
314 433 17
261 737 32
767 901 17
110 796 8
501 1480 8
276 734 8
922 1071 8
661 1273 8
405 719 30
1017 1473 8
317 862 17
408 566 23
230 428 10
131 1148 19
274 291 12
914 1481 32
314 490 10
175 1211 8
54 564 17
338 1129 1
22 464 27
161 501 19
295 794 17
13 769 0
322 1496 70
292 1420 14
1111 1564 8
148 571 18
266 737 32
457 850 17
857 1362 13
297 441 10
906 1261 17
366 899 62
266 1480 8
719 863 2
15 1140 24
340 617 10
476 1553 8
15 325 24
133 644 11
282 747 23
703 1529 56
271 1035 36
15 843 24
1077 1350 5
1206 1513 39
663 1080 35
424 1401 1
690 952 7
892 922 8
438 889 21
479 1476 31
971 1253 12
77 373 21
281 631 41
365 1250 38
107 1095 1
317 800 17
452 1103 27
104 172 23
747 925 23
734 1403 8
78 1226 40
876 1473 23
1216 1474 14
952 959 7
1416 1462 14
266 359 32
659 842 23
381 1529 10
294 311 8
1131 1275 8
46 1061 17
51 390 21
434 1126 84
182 1325 5
615 680 10
198 617 10
295 555 17
635 899 52
96 693 17
672 862 17
833 1530 38
131 555 17
1420 1511 17
1261 1529 17
1307 1451 14
511 578 33
52 746 41
1063 1203 8
93 437 17
266 564 8
773 777 61
842 1203 8
9 396 13
609 1277 8
882 1156 67
4 604 23
96 297 17
585 654 23
314 680 17
428 736 10
230 843 8
695 1220 24
1417 1499 8
656 913 21
50 647 17
219 757 62
127 970 64
297 365 10
167 217 10
932 972 62
957 1080 15
251 1300 42
231 693 17
663 1054 34
1061 1205 51
1217 1420 14
887 1062 17
1118 1137 34
294 796 8
1221 1448 1
1077 1136 23
9 1421 0
217 901 10
849 1221 1
242 1042 17
93 854 17
93 490 10
322 1187 38
224 628 17
79 796 8
930 1397 20
108 436 1
617 630 10
85 601 35
212 794 11
172 585 23
447 1301 13
636 1529 23
734 1563 14
1137 1534 1
631 923 54
906 1281 23
551 671 12
1101 1420 14
708 1440 17
437 862 17
600 683 10
178 1366 60
216 407 37
794 862 17
13 918 0
142 732 10
369 1244 17
1045 1049 10
282 938 13
79 1376 40
889 1054 21
70 108 23
508 810 1
104 1249 19
219 672 17
860 894 4
727 1245 14
467 787 32
178 889 17
72 1364 2
1063 1161 8
566 602 23
600 1067 23
397 788 29
510 614 20
50 906 17
364 1458 14
1045 1211 23
133 209 34
457 744 17
95 742 10
180 1554 8
77 913 21
283 1350 42
289 457 17
125 608 53
100 745 32
180 185 8
85 675 0
139 1483 32
235 1148 19
465 848 10
537 1045 21
942 1417 1
123 733 72
1043 1111 10
329 1481 32
854 1095 1
988 1228 30
99 1296 1
495 777 4
688 1554 34
401 653 8
561 672 17
314 961 42
559 619 65
231 1534 1
230 933 2
1326 1547 8
1447 1512 13
100 1459 14
849 1415 1
46 433 11
342 728 73
400 1515 2
589 1232 23
479 889 17
1443 1515 30
395 1333 1
230 1420 37
1095 1440 17
879 1350 42
61 180 87
92 1300 17
233 287 17
510 1397 19
497 1009 13
359 1326 14
630 1397 19
788 1363 29
202 242 1
441 753 2
57 1440 17
703 904 34
299 1232 23
352 1062 23
239 841 13
395 1211 1
806 830 17
96 1126 1
12 504 0
185 647 17
25 180 37
389 801 1
646 1511 33
96 1169 1
433 595 17
766 960 10
600 1325 5
325 1206 39
249 869 17
121 559 12
61 1049 10
70 841 23
209 683 10
907 1246 14
494 499 10
97 693 1
213 408 42
178 1085 17
841 1325 5
108 1515 44
615 1317 40
671 690 7
50 288 17
20 867 67
253 1319 40
84 432 53
275 477 10
322 683 10
1265 1449 8
944 1377 40
1317 1355 51
198 794 17
178 383 17
334 462 72
659 872 70
930 1443 0
632 1213 5
429 1203 1
15 653 24
235 559 10
794 1288 1
96 419 1
630 1061 19
376 678 8
70 1255 28
805 942 1
89 580 13
248 582 17
217 1444 8
334 1457 8
50 172 17
289 1010 10
217 872 43
208 408 8
280 923 54
1216 1480 8
395 672 1
877 964 17
96 429 1
663 974 34
281 685 18
1 821 34
1131 1472 8
1185 1211 23
374 497 13
4 80 23
299 578 23
120 322 87
502 1118 12
488 626 17
543 1269 24
1150 1283 21
578 988 33
872 1293 10
180 1103 8
627 862 17
531 1425 14
429 1128 1
103 901 20
634 1458 8
313 582 44
62 1064 23
595 680 17
1459 1552 1
198 592 39
482 1192 34
324 1547 10
96 163 17
843 1540 8
208 369 28
1103 1449 8
309 998 12
869 1420 17
595 1300 17
120 922 8
103 297 17
1103 1261 14
737 1452 14
736 1362 13
20 545 67
289 686 17
608 1377 5
62 812 23
99 109 1
933 1213 32
291 538 4
747 1283 23
602 740 23
1307 1462 8
440 708 17
973 1280 19
808 1459 1
189 1444 8
106 230 10
163 595 17
648 767 10
1473 1545 8
769 938 0
276 796 8
408 765 0
441 1137 8
565 983 38
701 1249 62
1221 1223 1
902 1045 23
865 1333 23
891 1067 53
1084 1465 24
628 899 17
580 998 0
962 973 58
22 810 8
737 1535 14
401 457 1
1341 1448 1
16 842 34
216 787 24
437 582 17
236 510 62
337 1386 19
340 555 17
378 827 10
690 914 8
60 161 42
545 1103 27
676 849 10
494 1300 10
216 852 5
99 1407 17
126 1118 34
850 1023 11
278 324 26
80 1458 14
81 345 8
635 963 21
142 989 17
225 1017 8
160 1473 8
495 956 4
208 428 8
1007 1245 1
586 1316 2
462 978 72
942 1259 1
857 932 16
273 1141 8
80 1137 34
70 1203 8
188 470 24
425 1515 54
339 568 10
1062 1440 17
129 1293 52
172 337 23
913 1159 21
0 753 34
80 96 17
683 1095 17
209 438 10
808 854 13
876 1419 23
1376 1465 5
396 921 23
736 766 10
284 450 8
1265 1556 8
688 795 34
647 892 19
182 493 23
1341 1536 1
276 806 17
381 960 10
126 809 34
931 1269 40
870 1545 1
161 887 17
493 1420 11
149 1552 40
69 381 10
262 455 54
559 782 10
600 727 10
508 702 1
830 1472 8
233 630 19
497 747 13
457 1407 17
309 497 13
161 1468 17
176 921 35
9 663 13
329 745 32
248 914 8
224 848 17
437 672 17
1273 1290 8
769 872 28
90 1363 29
747 927 23
1420 1432 17
283 801 10
381 614 10
249 626 17
994 1408 42
70 632 23
555 1153 11
834 961 42
582 1064 17
733 1464 78
56 921 8
70 133 23
629 668 29
462 798 72
272 1049 10
462 1472 72
122 1061 17
239 1186 0
424 914 8
310 1563 8
567 604 23
437 545 10
408 1325 5
385 1310 6
628 848 17
1064 1223 17
902 907 23
889 988 17
16 1549 34
58 1113 7
104 907 23
711 1481 10
259 376 8
1417 1481 32
322 953 31
767 855 23
217 1304 12
329 602 3
125 1323 46
359 857 24
650 1561 66
12 974 13
311 921 23
409 1409 1
139 1447 18
455 1303 12
1054 1489 34
49 830 8
617 766 10
795 1153 34
1129 1300 1
276 408 3
183 248 17
467 1216 14
907 1476 10
581 676 2
848 1115 17
899 989 17
604 1153 21
172 368 17
231 821 1
72 209 10
779 1230 62
794 1419 8
96 217 10
245 846 2
1135 1213 32
809 833 34
608 709 23
709 1067 23
842 1137 34
170 499 0
125 601 8
108 1135 1
217 680 10
942 1407 17
602 639 8
899 1420 17
125 953 82
595 693 17
447 654 0
208 479 10
850 1489 34
497 962 0
839 1440 17
693 1547 17
1380 1477 38
239 1061 0
437 771 17
545 1094 2
334 1316 13
630 680 17
588 1135 1
1273 1300 8
49 604 53
913 1419 8
1007 1473 47
916 1462 8
172 842 23
80 1085 45
104 493 23
614 1300 10
1213 1281 5
62 801 8
830 944 10
843 907 8
249 1432 17
465 1399 10
376 429 1
340 1476 17
437 1118 3
683 973 10
830 1407 17
899 1286 52
22 1131 8
9 110 0
479 595 17
842 1048 8
646 1275 17
568 808 0
1045 1275 17
553 681 10
208 1246 10
1271 1462 8
385 462 72
537 670 66
730 894 4
196 769 8
248 711 10
650 1220 32
22 778 88
287 619 10
1247 1448 8
537 559 10
441 901 10
47 217 27
230 1232 1
182 440 10
690 949 7
54 152 17
245 1432 21
60 1420 17
311 767 23
299 595 10
77 220 21
1464 1465 22
1216 1458 8
364 923 29
494 849 10
484 649 23
275 672 10
1271 1540 24
1247 1271 24
15 480 24
352 450 23
505 830 10
342 847 4
848 1407 17
16 782 34
653 843 8
1420 1481 14
99 1062 10
477 1462 8
684 855 8
252 1228 32
361 732 4
283 408 42
239 419 0
747 1394 38
960 1502 31
977 1499 8
852 855 14
80 711 50
1316 1447 13
998 1465 14
791 876 18
1095 1289 1
458 1303 12
161 376 23
106 1432 17
452 849 1
830 852 14
96 1402 1
476 1118 1
180 1499 8
334 1161 23
968 1552 1
230 630 10
85 631 0
1244 1283 21
626 631 10
555 1010 10
1093 1326 14
86 765 2
988 1007 8
863 906 10
228 1459 40
914 999 23
289 559 5
276 1481 11
842 1381 34
209 1545 8
122 219 17
702 870 1
531 745 32
130 325 54
287 1171 20
719 795 34
366 627 17
51 581 21
537 567 40
378 537 10
180 933 2
930 1505 0
850 1048 23
233 595 17
292 305 32
428 1281 23
81 160 40
61 844 10
97 1307 1
182 659 23
668 727 8
1480 1553 8
118 562 85
79 782 10
879 1468 17
1008 1297 39
441 1265 3
233 1249 19
81 668 8
26 1009 29
118 905 44
177 1271 24
608 930 0
309 452 2
338 1277 8
1048 1492 5
676 792 2
297 324 10
299 925 23
108 1440 17
1188 1250 6
253 582 17
295 1338 10
619 678 10
630 1300 19
222 1547 10
408 914 23
870 1228 1
639 1449 8
375 855 5
45 390 29
477 989 10
484 632 23
92 899 17
442 484 17
785 1444 8
646 964 17
249 1090 19
337 523 30
322 1481 28
1268 1273 8
99 576 1
275 309 2
249 964 17
827 1362 0
90 1451 14
1464 1508 22
745 1393 83
56 1050 32
82 1497 38
208 1009 8
337 1299 30
736 1232 1
654 676 10
675 1525 83
1064 1275 17
1473 1553 8
1078 1401 1
75 694 62
217 276 10
248 249 17
400 697 10
310 727 8
82 855 23
1129 1427 1
407 1148 10
484 740 23
374 1269 24
4 608 23
629 841 38
216 510 62
253 1362 0
231 1128 1
1118 1540 8
68 324 4
12 465 13
619 697 10
235 627 17
237 412 0
1008 1554 39
734 1247 8
508 854 1
56 471 29
1350 1494 5
260 490 27
104 892 23
475 503 24
464 771 10
424 1459 14
576 1261 8
537 1067 21
470 604 23
734 1449 8
13 1035 0
568 830 10
964 1221 8
365 742 10
401 1078 1
222 565 2
280 400 2
843 1250 35
632 876 23
338 841 18
338 1322 29
60 295 17
383 1244 45
555 1090 17
141 1128 1
563 1259 34
60 442 17
1018 1172 55
765 870 1
212 334 23
217 1295 10
430 1009 29
672 1564 8
133 248 17
572 897 45
479 1049 10
727 843 8
701 1529 5
925 1494 23
266 338 29
149 508 1
1141 1463 1
104 906 23
343 1316 2
821 1007 34
608 1339 21
627 848 17
553 805 10
464 580 13
493 600 23
365 444 16
602 1466 1
833 1468 17
242 501 17
785 1169 1
134 1025 7
847 1305 12
224 1547 17
475 1400 24
369 801 10
554 1049 10
305 341 32
213 289 8
373 589 58
253 697 19
17 1317 5
570 785 29
869 887 17
800 1299 30
781 927 23
118 390 34
414 1228 37
877 892 17
314 1010 10
74 133 34
914 1213 32
709 1466 14
48 614 10
62 81 8
809 823 34
217 627 10
48 92 67
237 675 0
993 1227 8
730 753 2
1211 1427 23
709 927 23
922 988 8
124 663 2
675 1067 53
629 1322 29
9 675 0
305 1009 40
452 719 2
60 635 42
219 701 62
222 1118 3
322 407 87
1035 1169 8
364 1211 8
165 295 10
854 1141 8
830 1547 8
103 589 48
295 384 10
502 1481 5
925 1534 23
188 1016 32
566 675 53
9 116 13
70 468 5
1366 1457 60
385 1351 51
337 694 62
566 855 23
519 1003 23
100 896 32
4 9 0
12 918 0
702 1095 1
465 477 10
107 169 29
142 452 10
1415 1448 8
253 806 17
374 1473 8
126 794 34
400 882 10
555 572 17
141 938 0
396 1296 45
282 289 23
262 679 54
709 1462 8
169 338 29
70 324 5
405 1222 0
600 1465 23
608 1481 5
0 703 34
282 334 23
178 501 17
142 844 17
520 679 34
401 1222 22
720 1044 62
385 1525 38
182 582 10
886 1078 23
907 1502 4
17 1494 23
311 747 23
383 1095 1
237 617 40
247 901 20
22 1136 8
172 627 17
419 1216 8
1129 1131 1
134 476 8
80 172 23
441 1093 14
879 1151 8
1216 1427 14
1007 1369 12
225 921 8
322 648 10
455 711 53
99 508 1
52 743 8
287 766 17
510 1049 20
698 1148 19
490 904 10
765 942 0
80 904 34
253 794 17
1388 1397 19
578 1494 23
185 283 17
281 338 18
1238 1554 1
508 1071 1
220 288 21
632 747 23
20 1369 34
381 1216 8
253 647 19
108 213 1
97 359 24
806 850 45
45 1120 14
216 530 62
433 511 17
674 847 12
809 1292 34
878 960 10
6 745 7
1353 1420 17
150 470 23
72 635 21
337 1095 17
122 287 17
476 1456 8
455 847 12
522 1351 51
196 364 29
229 1128 1
46 50 17
69 266 8
444 1433 2
54 414 10
311 325 23
157 1449 8
137 1211 23
230 1172 2
72 933 2
783 892 10
198 1547 17
322 559 43
445 862 17
1211 1279 14
184 942 8
734 1473 23
600 1499 8
1232 1416 1
1232 1563 1
441 1118 8
876 1067 23
636 1305 5
523 767 30
85 1214 0
242 708 17
870 1554 1
90 268 57
469 878 21
60 596 8
99 479 17
589 1135 23
510 628 33
108 879 1
512 1136 34
82 615 38
1009 1129 29
563 753 30
615 839 10
821 922 1
676 901 10
142 311 17
276 373 21
379 734 35
259 266 29
311 1003 23
167 644 17
108 1320 78
161 165 10
1273 1549 8
165 295 10
467 1067 23
794 1275 17
77 960 37
62 108 8
806 1061 17
645 1317 7
634 1463 1
671 1515 12
180 852 14
589 1299 30
401 1178 1
1045 1238 8
437 670 11
1163 1269 24
47 280 2
219 1388 19
17 172 23
627 680 17
419 1016 32
249 686 17
248 988 17
189 734 8
1101 1172 38
801 1261 8
334 1473 23
988 1249 17
672 1386 17
57 863 10
281 719 17
608 619 53
84 1133 23
77 137 21
841 1419 23
981 1351 51
576 1452 23
272 850 11
266 469 8
381 1062 10
34 152 1
228 468 61
812 1045 23
237 974 13
991 1206 38
1065 1481 32
833 1481 5
863 1062 10
493 1536 17
131 161 19
566 844 21
378 1090 10
488 988 17
182 1007 8
295 600 10
883 1129 1
230 365 87
72 324 10
133 309 34
590 1269 24
282 1213 5
589 845 23
704 726 26
1232 1245 1
499 1449 8
259 338 29
206 730 10
849 1466 1
276 1296 8
48 1167 27
791 854 32
1293 1399 10
206 465 10
815 1085 8
99 848 17
782 1523 34
1221 1425 14
84 376 23
476 1449 8
295 1062 17
576 1103 8
89 675 2
676 891 70
636 779 62
673 1098 7
375 1547 5
914 942 1
601 744 5
276 632 11
1185 1481 5
630 1275 17
549 1303 12
108 1289 1
555 1061 17
1217 1425 14
507 1425 8
654 1481 23
1217 1234 14
887 1440 17
480 787 24
447 846 13
963 994 21
109 990 38
1468 1529 17
275 830 10
1271 1300 17
432 1502 82
630 672 17
922 1296 8
777 998 12
1021 1171 38
75 217 41
334 810 8
1111 1552 1
13 850 13
272 530 33
75 1132 62
242 1277 1
340 1048 23
25 938 0
198 862 17
93 730 10
812 1317 5
84 1077 23
108 1443 1
340 927 21
1061 1203 8
563 1071 1
251 747 42
126 971 34
1048 1136 23
68 125 82
615 1167 27
235 680 17
152 167 17
217 425 41
686 1536 17
1296 1307 8
161 1300 19
907 999 23
1111 1269 8
499 727 10
188 661 24
376 744 5
1206 1527 38
627 647 17
842 1282 34
361 1014 4
495 960 31
235 1408 42
118 163 8
765 1300 0
801 1186 37
337 352 23
879 1203 8
604 740 23
365 647 10
1245 1526 38
709 921 8
396 580 13
288 1048 8
1048 1288 1
80 493 11
108 283 17
271 1163 16
468 952 64
1 719 34
566 1452 23
209 381 10
1192 1447 18
732 796 8
276 690 9
259 1046 29
338 1232 22
1211 1474 14
572 1061 17
116 594 26
230 844 10
602 1513 12
548 1534 1
359 813 41
428 559 10
455 911 12
667 1290 14
68 981 4
184 1288 1
374 842 34
1137 1244 34
999 1133 23
182 465 10
646 988 17
107 1009 29
523 906 30
395 1228 1
1114 1458 14
143 150 28
942 1448 1
168 228 30
879 1563 14
519 576 23
198 324 10
488 850 17
614 1126 55
921 968 8
766 1250 20
834 855 8
206 907 10
150 865 23
297 1300 17
253 373 58
122 206 17
311 1221 23
278 703 7
13 15 0
1234 1268 34
619 1037 12
469 1471 1
212 449 5
930 998 0
167 744 17
72 499 10
25 1554 8
566 1064 23
345 555 8
1065 1444 8
964 1148 17
499 766 17
1071 1448 8
209 460 34
615 849 10
787 1136 32
1178 1466 14
787 901 29
442 574 17
96 559 10
172 1397 33
578 1115 17
110 145 77
79 208 43
249 850 17
801 902 10
457 681 10
734 925 8
852 931 32
867 1299 27
283 646 17
796 1234 8
82 261 18
1101 1332 38
383 1085 17
239 266 44
554 891 45
743 850 8
892 1462 8
502 1136 23
589 994 58
1048 1275 8
295 554 17
1353 1511 19
239 1512 13
500 671 15
72 497 13
242 672 1
182 375 5
862 1078 17
79 288 50
208 224 10
340 1153 11
850 1100 34
585 1377 5
634 889 17
537 1275 17
626 629 20
142 510 33
860 956 4
559 1317 40
130 1118 12
425 432 41
589 1171 46
365 543 2
37 1390 84
109 217 12
447 1515 13
574 1407 17
886 1494 23
222 1540 8
161 1547 17
409 1464 1
133 470 23
47 106 10
338 833 18
389 1432 17
830 1153 11
901 942 7
310 1078 8
412 580 0
1325 1452 5
488 1090 19
559 608 53
54 1172 20
92 96 17
667 1409 7
477 630 10
1045 1095 17
60 493 42
108 635 52
596 1540 8
208 510 20
1269 1513 24
182 627 10
508 1227 1
499 1547 17
821 1232 1
876 1350 5
1128 1203 8
389 407 1
198 1205 51
469 942 1
334 770 18
500 1234 35
62 1553 8
103 220 21
703 1303 12
108 1451 22
479 1085 17
383 647 17
54 489 17
46 329 8
457 763 17
806 1223 17
209 260 8
770 1211 29
872 1250 38
737 1427 14
253 608 23
834 1269 24
787 1125 24
942 1035 1
208 963 2
582 863 10
97 1141 1
78 1480 8
445 710 40
0 1282 34
734 1071 8
85 396 13
500 764 35
1366 1419 60
299 1148 10
663 782 34
1401 1549 1
127 226 16
833 1185 23
769 1519 35
104 297 17
850 1152 23
50 849 17
124 630 10
1275 1464 1
269 1283 21
130 359 12
234 663 34
407 1300 10
564 710 11
867 933 2
291 956 4
520 1522 34
695 1271 24
675 1564 8
499 1251 10
565 782 34
647 1045 17
441 663 34
340 889 10
311 396 23
1039 1185 5
830 1534 8
733 755 72
1061 1511 19
138 854 32
1071 1406 14
385 959 38
224 681 10
766 802 10
108 1464 1
1401 1458 1
730 830 10
694 1439 62
501 523 30
163 231 17
1481 1491 14
701 970 37
765 1250 35
407 933 2
1169 1549 8
537 626 17
582 1062 10
1035 1480 8
747 1250 38
334 1192 18
272 711 10
271 963 16
887 1223 17
693 1459 1
311 582 17
276 636 8
520 679 34
100 592 32
568 1009 45
389 1448 17
131 628 17
680 839 10
103 247 19
395 732 1
1206 1332 38
22 1448 8
854 875 32
588 1549 1
69 345 8
319 1265 3
324 510 20
309 850 34
69 1221 1
54 775 17
9 653 0
104 1148 19
280 809 34
543 615 2
342 932 62
1009 1322 39
79 923 54
502 1008 39
437 1238 8
78 502 15
896 1221 1
1290 1320 14
497 769 0
726 840 38
690 1433 2
80 1494 23
429 1289 1
289 930 0
363 1554 34
1084 1271 24
112 841 38
299 484 23
93 588 17
833 1299 6
61 970 37
172 889 17
834 1464 1
98 447 2
1282 1465 14
565 1409 30
744 1294 29
635 1253 42
841 1172 38
229 896 1
745 1206 39
222 516 1
237 559 0
1203 1489 8
563 872 2
48 568 10
100 305 32
122 555 17
614 676 43
1054 1374 34
629 1003 38
314 390 17
1 1027 34
409 830 8
636 709 23
771 839 10
96 675 1
589 594 26
381 433 10
580 1163 13
311 1463 1
502 1253 12
883 1148 17
561 728 62
133 600 23
118 1554 34
178 198 17
6 1135 7
141 1288 1
701 1409 5
693 1536 17
133 1481 11
447 787 8
54 142 17
479 1078 17
222 588 1
189 796 8
130 1037 12
899 1095 17
552 704 26
892 1420 17
500 1526 35
387 676 67
988 1042 17
767 1465 23
46 428 8
376 1246 14
497 1443 0
438 1293 10
580 933 0
582 628 17
311 1326 8
172 1017 8
276 366 19
376 1473 23
533 1515 34
999 1128 1
324 638 55
59 1159 21
106 1049 10
167 178 17
359 1465 24
109 1497 38
923 1322 29
690 1004 7
841 1062 23
582 1432 17
280 1019 27
588 1554 1
1023 1481 11
59 808 13
572 1273 14
1232 1464 1
184 1131 8
1007 1009 8
1063 1464 1
287 838 17
688 1137 34
424 1406 14
769 1290 8
479 1319 40
50 680 17
1529 1536 17
72 493 10
182 709 23
93 108 1
455 953 4
208 648 10
1035 1552 1
396 865 23
525 1206 39
133 142 17
659 812 23
615 679 2
233 1366 60
72 239 13
150 1067 23
249 589 19
1050 1333 32
309 549 12
231 1211 8
743 785 40
337 845 23
465 988 10
477 626 10
615 901 10
842 843 8
971 1171 6
464 998 67
654 938 0
766 988 17
310 337 8
1098 1374 34
283 850 17
152 1062 10
626 1386 17
737 1178 32
732 1480 8
22 202 3
609 690 8
516 1244 45
62 1416 8
56 785 29
322 365 10
1061 1499 8
374 631 2
1296 1401 1
693 877 17
654 1564 8
108 672 1
628 686 17
220 366 21
15 875 24
309 732 2
108 1103 1
68 551 4
295 1249 17
133 581 21
108 1042 17
235 438 10
543 704 26
703 961 12
384 726 12
808 964 13
229 663 71
519 1281 23
1095 1151 1
1141 1540 14
1444 1545 8
401 1326 1
268 1515 35
311 701 62
276 647 11
364 1206 39
184 239 8
892 1552 1
424 744 29
794 809 34
149 1016 32
781 999 23
604 855 23
499 545 10
428 765 13
126 1268 34
297 1115 17
654 842 23
628 1085 17
659 1339 21
107 1444 8
152 484 17
659 1185 23
589 680 17
26 56 29
9 892 0
99 436 1
180 1403 8
663 1474 34
127 239 0
222 942 1
170 579 0
231 287 17
209 1190 34
253 352 23
1135 1399 14
842 845 23
602 854 3
75 161 19
22 1228 32
338 1333 8
4 1317 5
788 931 29
849 1010 10
501 1353 19
600 839 10
608 709 23
322 1158 67
103 1432 17
409 843 8
93 242 17
568 906 6
602 1062 23
834 844 21
502 636 23
60 1438 23
1341 1401 1
334 348 18
565 732 2
1093 1419 8
1269 1417 8
242 1227 1
644 879 8
295 1085 17
785 1133 24
47 1148 10
981 1347 51
311 1203 14
288 1364 21
444 1407 66
182 1169 8
352 701 5
766 1273 8
231 627 17
672 1534 1
559 983 38
693 1249 17
419 720 62
228 280 30
447 1552 0
311 636 23
9 1301 13
1141 1275 8
125 287 45
259 1007 8
502 842 23
49 576 8
188 852 32
450 1078 23
501 1061 19
97 702 1
732 1515 2
468 1062 10
108 433 17
108 1234 1
161 464 10
234 294 34
849 1290 1
103 324 20
177 188 24
160 433 11
126 1137 34
99 942 1
1045 1386 17
1136 1534 23
385 495 4
554 838 17
452 588 1
507 843 8
1440 1511 17
395 1246 1
93 231 17
538 777 4
381 646 10
614 983 38
406 933 16
538 733 72
225 429 1
604 1093 23
229 1326 1
627 639 66
137 602 23
384 602 27
167 1095 17
850 1077 23
1 842 34
121 944 12
635 742 21
108 1048 1
298 849 1
340 887 17
9 419 0
961 1347 51
572 676 10
359 590 24
297 850 17
834 1095 1
310 626 8
564 1277 8
1100 1190 34
675 1377 53
921 1282 14
962 1032 6
1077 1142 14
212 1296 8
693 1269 8
1129 1459 1
572 1565 8
248 1017 8
1213 1228 32
178 511 17
133 1133 23
434 954 4
1461 1510 38
1 1153 34
381 1269 8
9 141 0
281 1310 6
627 775 17
727 1211 8
989 1115 17
727 1448 17
133 742 11
219 1280 19
1317 1494 5
1042 1095 17
337 490 10
773 1526 38
830 1090 8
1288 1307 1
467 1438 23
1261 1420 17
109 954 4
198 1492 5
434 1502 4
325 847 54
325 1317 5
79 1512 2
291 462 72
807 999 62
70 1552 1
554 766 17
100 931 32
563 1299 27
383 431 45
896 1169 8
484 516 17
289 771 48
564 942 1
1203 1217 14
122 242 17
678 1042 17
775 1529 17
767 1541 7
810 1444 8
976 1319 40
294 833 17
449 801 37
1118 1265 8
782 827 10
130 971 30
97 1269 24
766 1115 17
408 478 26
276 1054 11
48 1094 2
54 1536 17
202 870 1
564 1386 17
104 854 17
161 746 19
198 1249 19
629 770 29
108 1432 17
185 378 10
100 791 32
104 845 23
906 1299 30
537 634 17
222 235 10
97 1239 1
419 808 0
276 628 17
324 497 0
378 447 13
180 676 87
1049 1300 10
862 1510 33
672 1054 17
253 1440 17
808 833 13
152 686 17
139 455 12
589 1042 17
1221 1269 24
22 149 1
580 586 0
247 1230 19
22 47 14
337 1115 17
229 653 1
516 899 17
796 830 8
276 1135 23
89 882 10
493 646 17
1283 1547 23
628 1536 17
672 769 8
15 409 24
574 1223 17
408 1377 5
242 1078 1
9 1184 0
16 719 34
444 1496 21
46 319 8
50 1168 40
600 1009 23
170 740 41
345 646 8
133 922 8
458 789 54
608 892 23
608 1512 2
317 1161 8
324 742 10
110 337 9
104 632 23
309 627 30
152 1227 1
25 1423 8
212 289 23
132 944 0
375 886 5
531 747 18
266 1425 8
107 787 29
1141 1491 8
425 865 41
342 1443 62
429 1282 1
54 452 10
1448 1465 8
676 679 2
337 680 17
276 523 30
75 1061 19
855 1120 8
359 933 32
1390 1477 38
1007 1545 1
283 1408 42
988 1449 8
50 400 10
808 973 0
570 1234 29
530 973 19
1494 1529 23
409 843 8
636 921 8
48 1118 67
1095 1432 17
1169 1261 8
334 1319 8
376 470 23
295 889 17
490 680 10
580 1459 1
457 601 1
865 1135 23
531 1489 1
501 877 17
184 1277 8
337 1045 23
750 938 2
266 548 8
50 465 10
62 120 8
1458 1545 14
220 844 21
97 1120 1
559 1067 53
479 548 17
450 1288 1
371 1305 12
22 923 54
137 1213 5
182 628 10
99 493 1
239 854 13
470 849 17
16 688 34
96 202 1
442 1407 17
170 675 0
397 787 24
85 409 13
733 1017 72
732 1061 10
275 390 10
408 887 17
631 1244 50
198 381 10
283 511 17
89 408 2
131 484 17
242 433 17
196 508 1
175 1419 8
59 272 11
661 1211 29
511 1090 19
48 932 2
15 1269 24
131 572 17
384 563 2
239 294 13
120 1246 10
396 495 4
1232 1320 22
79 743 8
870 1448 1
501 578 33
340 964 11
219 1223 17
701 767 62
424 1131 8
1003 1062 23
1232 1471 1
305 923 40
46 1062 17
52 834 21
807 1397 62
13 1127 13
407 954 4
272 490 10
653 870 1
509 1253 12
80 630 17
266 951 7
9 549 13
574 1085 17
549 911 12
734 1519 35
366 1547 33
654 865 23
225 508 1
56 152 1
479 1534 1
309 1037 12
163 787 24
1363 1521 32
57 849 17
89 224 10
289 708 17
120 680 10
564 670 11
104 608 23
231 672 17
165 248 10
50 1095 17
224 626 17
879 890 8
869 899 17
647 1061 19
479 1228 30
744 1008 39
852 1216 14
879 1351 51
555 956 10
374 548 1
635 1138 52
738 795 34
219 276 19
287 668 8
208 660 2
1103 1545 14
266 810 8
352 376 23
644 1054 11
679 872 2
1009 1281 23
464 1187 38
80 1376 5
93 680 17
26 424 29
852 1496 23
276 989 17
578 1136 23
1120 1279 14
276 663 44
424 629 29
1209 1557 14
131 449 62
239 675 0
170 1300 0
168 777 12
397 765 13
555 907 10
99 896 1
763 1333 1
964 1088 8
17 649 23
141 401 1
120 964 10
500 1226 40
220 938 0
235 493 19
552 594 26
860 955 4
1037 1529 12
833 1500 38
441 1146 8
736 1399 10
253 767 19
469 889 21
585 646 23
428 628 31
733 1332 83
488 1420 17
398 447 0
82 646 23
54 408 17
442 1300 17
93 283 17
914 1549 34
167 311 17
133 794 11
180 989 10
650 1521 32
1222 1443 0
609 890 8
9 846 13
79 295 10
543 565 30
510 892 19
22 229 56
291 1304 12
1362 1369 13
675 1369 30
208 1186 37
180 1449 8
854 1296 8
369 680 10
338 674 29
239 1163 13
921 999 8
572 678 17
543 944 2
1198 1333 23
132 750 0
334 470 8
230 1095 1
106 208 10
429 1178 1
770 1297 29
850 889 17
132 876 13
82 566 23
253 619 5
167 686 17
1 795 34
161 959 9
334 1433 13
249 287 17
554 854 17
109 942 1
428 564 8
507 964 8
1129 1275 1
470 683 10
121 636 5
81 1169 8
378 771 10
268 1133 35
602 1403 8
476 1416 8
80 964 11
85 108 0
1049 1302 67
251 931 42
490 1187 38
122 848 17
133 1376 5
398 1157 51
962 1310 6
414 1148 10
1245 1527 38
769 1271 8
880 1380 40
6 148 7
668 999 8
619 849 10
152 639 1
80 479 11
99 1271 17
359 789 54
222 1265 3
78 1458 14
675 1447 69
1035 1433 2
80 1249 17
570 1129 29
572 595 17
275 582 10
4 1419 23
660 1305 12
106 465 10
449 1283 5
340 465 10
444 742 66
478 744 77
450 604 23
172 944 10
493 879 23
230 429 1
389 889 7
359 1054 24
973 1045 8
85 973 0
1295 1440 17
457 1221 1
1326 1451 14
1062 1249 17
152 298 1
108 955 1
1211 1438 14
567 907 23
1007 1125 8
104 1205 51
962 993 21
196 968 29
1039 1061 5
359 755 41
630 746 19
732 1211 37
109 1527 38
767 899 74
108 1261 1
437 845 23
103 235 48
110 405 36
198 219 48
1232 1253 42
849 1135 1
216 1271 24
734 1279 14
133 478 26
50 846 10
554 568 7
855 1275 8
510 730 20
376 1492 5
183 198 39
602 1534 23
272 634 17
299 894 31
45 1445 14
545 1528 27
340 862 17
495 608 4
48 1250 35
110 763 8
61 469 21
671 1502 4
314 589 19
276 680 17
644 1169 8
266 1294 29
82 237 13
324 484 10
998 1296 14
732 956 4
944 1492 40
925 1465 23
564 614 10
108 1120 1
80 631 50
247 779 62
630 779 62
707 1220 32
470 1496 23
364 1046 29
275 276 10
380 1268 34
676 711 43
1220 1443 32
444 1244 21
782 914 34
0 1153 34
295 390 21
54 802 10
787 1294 29
97 1271 24
212 578 23
17 1185 23
672 1547 17
889 899 17
283 553 10
681 771 10
1425 1489 1
408 585 23
690 1401 1
407 679 2
647 854 17
396 1234 29
180 1387 7
852 906 23
189 322 21
167 378 10
400 636 8
231 383 17
1001 1008 42
693 899 17
15 507 24
477 1169 8
48 582 10
60 1148 17
809 880 34
16 380 34
921 1261 8
1 1365 34
369 1529 10
998 1525 83
671 923 54
450 632 23
520 1480 8
785 1403 14
289 376 23
70 1273 8
337 1211 23
1463 1464 1
865 1228 37
62 449 5
209 1343 10
1120 1273 8
821 1449 1
671 978 12
879 977 8
630 906 3
781 1481 5
1067 1141 8
843 1135 8
382 1317 42
1247 1409 1
852 1103 14
701 1044 62
81 1552 1
711 805 43
276 1534 23
325 1118 54
395 1415 1
1244 1549 34
291 679 12
730 742 10
709 830 8
61 756 37
235 1261 17
846 962 2
104 1251 10
390 1234 29
407 589 10
220 872 21
571 592 18
708 1468 17
441 464 10
900 1131 8
229 769 1
701 876 5
253 805 10
9 464 13
428 833 23
889 1042 17
450 1271 24
470 867 10
709 734 23
1136 1211 23
497 1118 0
99 855 25
395 1136 1
235 1062 10
212 747 23
1253 1408 42
182 477 10
381 553 10
726 1527 38
9 48 13
282 1128 1
62 437 23
295 1261 17
959 1014 7
408 1062 10
787 1393 83
310 1009 8
127 963 16
490 675 2
61 962 70
272 993 11
378 1369 2
405 879 8
614 1080 15
208 222 87
845 1281 23
219 1271 17
375 730 40
770 1483 32
906 1244 11
807 933 62
167 499 17
72 104 10
629 663 6
730 1048 5
9 581 0
142 248 17
647 1261 17
108 1419 1
1025 1279 34
519 1458 8
501 1275 17
801 1465 14
314 553 10
46 627 17
565 1169 1
1536 1554 1
1192 1474 34
555 812 8
310 1141 8
1141 1273 8
314 766 17
98 938 2
880 959 7
169 259 29
276 1007 8
132 1186 0
383 1420 17
1271 1363 24
843 1095 1
242 800 17
484 604 23
60 75 33
1046 1169 8
80 176 8
963 1512 2
497 998 0
962 1244 21
767 779 62
196 737 32
1261 1462 8
99 1227 1
738 1318 41
20 1136 34
338 1552 1
675 734 8
337 436 9
497 615 13
614 794 50
428 545 10
921 1465 8
78 1406 35
310 849 71
334 1222 13
75 314 19
127 447 0
796 1137 8
493 690 9
133 1253 42
537 600 10
212 428 23
188 1101 24
571 1530 38
428 1547 8
180 589 10
602 769 8
555 681 10
973 1452 23
287 771 17
499 1232 23
120 295 10
502 519 23
846 904 10
9 396 13
104 800 19
649 1078 23
196 942 22
1419 1438 23
82 1427 23
849 1085 1
1232 1468 23
626 1499 8
85 1506 13
1281 1377 5
676 1502 31
589 1468 74
626 1401 1
175 476 8
580 1515 13
0 280 34
9 134 0
340 681 10
220 1388 21
208 839 10
395 1289 1
683 1399 10
407 878 87
182 1409 1
441 960 87
324 704 26
468 630 10
769 1316 0
850 1529 23
419 1362 0
222 1061 10
775 1054 45
555 1466 1
122 561 17
198 1465 39
879 1448 8
325 1366 60
49 769 8
333 366 62
280 563 30
79 543 2
1137 1458 14
477 1216 8
452 478 26
99 1465 1
50 384 10
609 1458 8
198 972 62
1295 1296 17
108 780 52
39 309 34
1319 1547 40
467 1333 23
407 697 10
140 783 10
389 883 17
801 1141 8
663 1299 6
295 973 17
222 361 4
497 1067 0
836 1228 37
189 208 21
202 548 1
15 726 24
709 1213 32
22 1037 12
709 740 23
314 1494 23
646 1440 17
274 468 12
124 493 10
46 1491 14
47 1293 10
654 1249 19
134 938 0
586 930 2
322 956 31
122 297 17
125 310 8
378 1310 35
1316 1443 0
566 841 23
576 668 8
107 1129 1
369 1399 10
170 504 0
630 701 62
242 1300 17
777 847 12
437 596 8
299 1502 31
843 1137 14
1403 1419 8
124 283 10
202 401 1
833 1172 38
1220 1269 32
882 1283 70
582 681 10
206 339 10
365 582 9
131 1397 19
48 408 10
361 899 4
1016 1463 1
208 311 8
519 1465 23
257 614 67
882 955 31
141 580 0
249 442 17
328 441 8
242 1427 1
369 582 17
781 1317 5
266 1209 29
165 1045 10
428 1317 42
849 1016 1
854 922 8
602 810 3
276 365 10
734 1137 14
629 778 71
376 1471 8
1247 1499 8
152 555 17
259 1178 29
334 1133 23
13 930 13
69 1480 8
253 1419 23
812 1529 23
161 167 17
576 1045 23
608 675 53
219 1275 17
405 447 0
501 988 17
217 457 10
46 212 11
428 862 8
636 968 14
237 767 0
54 1049 10
501 701 62
1009 1172 38
914 1499 8
84 1452 23
82 502 23
198 1095 17
740 812 23
338 1209 29
497 1473 8
118 703 34
849 1481 1
198 631 10
1259 1540 8
62 85 8
22 690 3
208 711 43
693 1476 17
280 1136 34
1268 1448 14
364 876 18
455 559 53
93 219 17
408 1244 11
142 889 17
54 1420 17
464 753 2
133 520 34
436 1118 3
849 1420 17
452 572 10
942 1042 17
636 728 62
537 771 17
464 834 10
1067 1419 8
253 1536 17
122 488 17
38 942 25
231 626 17
180 1549 8
701 842 5
226 970 5
60 1377 5
1067 1406 14
206 272 17
636 734 14
476 1271 8
109 1171 38
914 1415 8
314 1230 19
938 1185 0
1425 1449 8
925 1499 8
84 1339 21
419 1131 8
390 931 29
100 842 14
76 1340 40
537 647 11
365 419 2
743 849 8
311 366 19
886 1213 5
1050 1315 34
253 1377 5
1290 1319 14
248 561 17
1016 1239 32
1008 1050 39
732 1118 3
559 845 5
649 808 35
75 1280 19
85 925 13
54 771 17
108 765 0
589 630 19
69 769 8
309 1554 34
1269 1534 8
9 998 0
220 237 0
168 681 2
239 649 35
77 1244 21
956 960 31
576 1232 23
231 576 8
408 927 23
231 1153 17
1048 1545 8
1239 1294 29
226 581 21
133 444 21
107 830 8
108 1286 52
1093 1473 23
675 879 8
1457 1534 1
654 794 17
288 649 35
310 998 14
740 746 41
465 1362 13
775 1061 17
51 433 11
132 568 0
428 1325 5
636 1049 8
60 989 17
108 163 17
680 732 10
855 1238 8
1265 1489 8
902 1078 23
843 1048 8
1186 1433 13
887 1448 17
208 619 43
280 676 2
922 1203 8
108 1136 1
477 1296 8
470 973 17
365 1293 10
289 812 23
574 1261 17
737 931 32
1273 1474 14
46 794 11
271 1362 0
500 1540 8
1232 1408 42
964 1529 17
167 767 17
51 1283 21
588 925 1
118 241 34
695 1472 63
933 1496 53
711 794 50
852 1461 14
291 660 12
457 617 10
282 1061 23
484 827 10
634 848 17
69 846 10
484 846 10
1046 1296 8
464 553 10
334 891 8
125 961 42
266 685 32
428 1448 8
508 1489 1
809 1279 34
132 933 0
649 747 23
821 1269 1
654 833 23
886 1281 23
796 1118 8
659 1136 23
830 850 11
219 1420 17
182 441 10
283 1095 17
537 693 17
99 800 17
497 736 8
259 1552 1
654 697 19
740 1529 23
142 253 17
1128 1452 1
736 892 10
802 954 4
780 984 52
782 1146 34
883 906 17
109 704 26
18 462 72
379 769 35
1129 1406 1
842 1281 23
574 849 3
862 1100 20
253 438 10
288 1529 11
38 574 25
1468 1473 17
1171 1206 38
437 1458 8
484 572 17
93 206 17
59 60 42
152 340 1
376 476 8
680 1386 17
107 1347 51
239 1127 13
609 1048 8
580 663 13
137 220 21
398 1542 21
9 615 13
849 1474 22
469 870 1
334 1409 23
169 629 29
827 1304 12
395 1290 1
1221 1377 5
206 1042 17
769 1448 8
397 1269 24
294 719 30
433 742 11
576 1427 23
626 1058 10
142 697 17
309 458 12
1061 1362 0
208 1273 14
921 977 8
668 769 8
1 703 34
667 1462 14
108 142 17
206 1547 17
182 878 10
396 604 23
892 1496 23
1211 1320 14
230 904 10
810 1464 1
711 1048 5
93 289 17
167 574 17
764 1172 35
198 1407 17
253 1042 17
47 602 27
407 1213 28
169 707 29
767 960 10
239 794 13
794 1462 8
70 1333 23
604 844 21
216 454 37
12 378 13
198 288 8
1111 1444 8
0 1025 34
609 644 8
188 1449 24
121 359 12
889 1159 21
91 955 4
183 771 17
728 1044 62
212 659 23
288 1374 34
497 1522 13
769 1239 14
570 787 24
295 494 10
133 1161 23
108 295 17
72 389 10
971 1317 40
167 732 10
118 1473 8
559 882 43
896 1459 14
149 1233 40
1198 1281 23
167 468 10
437 775 17
615 765 13
230 615 10
615 1090 10
260 870 1
467 1269 40
907 1416 14
149 1206 39
576 1007 8
1451 1499 14
182 283 10
862 1529 17
17 289 23
1390 1447 38
1065 1473 47
736 901 10
359 703 12
253 865 23
92 647 17
879 1120 8
1427 1481 5
93 324 10
4 999 23
92 627 17
703 1253 12
1171 1245 38
366 1090 19
80 99 17
727 830 8
785 1203 8
172 1064 23
889 1458 8
479 555 31
1461 1530 38
188 345 24
368 1549 34
862 1468 17
1115 1386 17
609 1449 8
530 614 20
747 1135 23
563 1459 1
1045 1350 5
325 659 23
1376 1447 38
602 1333 8
275 1440 17
842 1374 34
905 1401 8
424 901 29
564 849 1
172 870 1
81 669 40
396 502 23
564 848 17
75 122 17
1228 1239 32
848 862 17
619 1090 10
103 676 20
626 988 17
299 381 10
479 734 8
272 628 31
1420 1476 17
249 501 19
25 930 0
149 1489 1
437 740 23
132 579 0
233 582 17
375 567 5
580 930 13
436 1444 8
92 1407 17
280 475 24
82 737 18
896 931 29
160 1211 8
381 844 10
133 967 21
359 1565 24
15 1054 24
292 1206 39
1 576 34
61 676 10
80 1095 45
368 1420 11
572 899 17
56 1464 1
70 1427 23
7 12 2
149 157 1
15 363 34
237 1067 0
12 769 0
703 907 2
109 1380 38
120 663 2
317 693 17
79 711 65
567 1325 5
51 340 21
1135 1283 23
1064 1295 17
1341 1458 8
237 1118 0
1129 1222 1
886 1169 8
217 782 10
89 680 10
408 1433 2
592 709 32
407 646 10
1164 1283 21
668 883 8
384 1062 10
1234 1549 34
206 428 8
899 1253 42
578 1064 23
753 1350 40
338 914 8
795 1523 34
314 887 17
229 922 1
125 601 8
477 1464 1
833 1332 38
157 922 8
184 1265 3
185 572 17
237 271 0
288 1061 17
697 771 19
690 1001 7
766 1540 8
608 1153 21
266 650 32
1190 1549 34
369 1042 17
636 1377 5
337 1213 5
433 1228 30
1222 1288 0
519 906 11
452 675 2
1077 1449 1
340 553 10
7 1316 2
408 419 42
239 906 13
289 872 10
1480 1540 8
384 553 10
291 978 12
309 464 2
964 1175 66
6 196 7
45 788 29
56 430 29
1464 1490 78
185 1129 8
284 563 8
104 889 17
730 954 4
429 1048 1
1209 1506 40
470 697 17
152 1216 1
1326 1564 14
588 1216 1
262 309 54
332 1530 38
219 511 19
17 600 23
280 679 30
48 419 2
51 493 21
554 1118 3
185 233 17
324 565 2
325 337 23
236 1386 62
537 710 11
1 1190 34
294 477 8
444 659 21
219 1044 19
317 1249 17
450 548 1
170 1505 0
17 802 21
185 1499 8
914 925 23
120 1380 2
283 1223 17
747 914 23
172 1499 8
292 785 40
1238 1296 1
1061 1077 23
600 922 8
70 734 14
559 894 4
467 879 14
495 802 4
369 630 10
742 802 10
54 867 10
1095 1395 45
690 702 7
519 927 23
1095 1135 1
104 476 8
361 489 4
432 1049 70
554 1064 17
206 1095 17
630 1148 19
287 559 10
744 1192 77
224 589 17
92 142 17
452 1232 1
408 1045 74
287 693 17
248 555 17
272 1536 17
262 310 41
368 1067 21
281 298 18
182 208 10
50 222 10
69 1448 8
629 923 29
565 1019 27
440 1386 17
635 849 52
1499 1534 8
865 1409 23
812 1221 23
581 1244 21
1186 1464 8
833 961 42
879 1009 23
576 1203 8
580 1391 13
589 686 17
72 340 10
172 1496 23
287 1153 17
12 962 0
124 311 10
964 1220 1
249 1319 40
80 862 17
437 585 23
462 983 38
34 1390 84
384 437 10
566 1113 21
659 1364 21
163 428 8
830 1221 8
1216 1457 8
869 1458 14
1190 1374 34
332 1351 51
276 600 23
747 1192 18
342 561 62
48 428 10
672 892 17
927 1213 23
364 401 22
766 914 8
1425 1540 14
1221 1376 5
1216 1227 8
906 988 17
1440 1468 17
62 82 23
208 954 31
167 1078 17
1129 1452 1
216 1494 5
737 1136 32
586 765 2
499 595 17
376 1449 8
178 906 17
849 1060 1
767 921 23
419 849 1
1419 1499 8
438 1061 10
809 1554 34
563 1151 1
93 686 17
649 654 23
742 889 40
230 507 8
921 1009 23
0 1098 34
62 999 8
844 863 10
1027 1100 34
877 1420 17
600 1529 23
1120 1451 14
70 609 8
206 554 17
441 896 8
877 1468 17
309 1019 27
134 808 0
20 1268 34
794 1244 11
129 1255 52
269 604 21
80 993 21
841 1512 13
999 1564 8
72 224 10
172 697 17
326 617 52
805 1529 10
16 20 34
46 1481 11
90 830 8
781 1064 23
629 843 35
282 396 23
581 927 21
188 1565 24
450 1227 8
209 1049 10
1067 1423 14
364 922 8
225 914 8
180 272 10
981 1317 7
62 78 8
561 830 17
922 1508 14
636 1135 23
519 1494 23
508 1443 1
630 1253 42
870 942 1
502 1185 23
922 1439 14
653 930 0
289 1377 5
663 671 12
988 1269 8
180 635 8
681 1062 10
378 678 10
54 1464 78
133 1062 10
775 848 17
359 1127 24
493 648 10
1016 1457 32
766 1440 17
96 369 10
188 841 18
441 839 10
581 604 21
365 683 10
821 1227 1
462 1341 7
291 505 12
242 678 17
148 1481 32
17 1067 23
408 414 10
12 368 13
9 743 13
235 1090 19
441 1271 8
615 1172 35
108 555 1
802 1293 10
766 1347 51
1399 1473 14
590 745 32
39 1137 34
589 595 17
84 468 53
152 1129 1
282 1017 8
574 869 17
253 681 10
632 1492 5
322 559 43
9 1443 0
346 1220 24
352 1547 23
1063 1084 24
325 1239 29
998 1466 14
280 368 34
1093 1350 5
217 932 2
500 743 8
9 226 0
198 1003 23
1093 1232 1
988 1049 10
163 444 66
572 1250 20
1216 1471 8
288 1317 42
559 1511 20
139 341 32
288 742 11
480 1084 24
441 469 8
9 405 0
449 530 62
563 1508 1
280 1259 34
998 1425 14
844 1366 60
512 907 2
80 1118 3
537 867 10
654 1153 17
1333 1464 1
70 927 23
253 1397 19
247 1420 17
84 1534 23
791 1447 18
363 1523 34
678 775 17
1057 1135 1
441 1133 14
282 635 52
668 1071 8
209 322 10
1300 1489 1
178 185 17
631 973 10
942 1440 17
710 1473 8
305 1118 32
369 808 13
82 467 23
1095 1131 1
499 794 17
565 1303 12
787 857 24
234 782 34
769 1228 8
289 1300 19
414 537 10
923 968 29
646 1168 31
1131 1449 8
543 1129 8
259 1220 24
468 867 10
1135 1211 23
272 1448 17
325 773 54
212 1534 23
709 1198 23
442 1153 17
314 805 10
1095 1471 1
222 848 10
1008 1239 39
108 219 17
609 1419 8
206 960 10
61 913 21
533 1415 34
57 233 17
408 1250 46
462 1017 72
809 1169 1
361 1147 4
172 231 17
559 563 2
311 369 10
54 465 10
329 1265 3
571 629 38
299 647 10
13 1090 0
142 839 10
108 1077 1
561 1440 17
800 806 17
289 960 10
428 519 23
892 925 23
608 740 23
185 668 8
425 738 41
0 1050 34
22 1203 14
235 634 17
184 450 8
1044 1388 19
338 1007 8
220 863 21
266 592 32
167 230 10
216 1090 62
601 1461 38
1499 1552 1
54 369 17
684 1459 1
470 566 23
695 1458 8
12 253 0
736 971 2
142 294 8
561 964 17
668 1277 8
632 927 23
389 766 1
576 842 8
502 765 0
654 680 17
69 727 10
942 1307 1
59 994 40
62 1415 8
1129 1221 1
563 1307 1
440 588 17
548 1456 1
488 849 17
133 1213 5
647 899 17
626 1458 8
289 863 10
50 1295 17
548 1064 17
276 390 11
1419 1521 32
99 1540 1
231 1221 1
450 1494 23
168 520 34
390 580 13
329 841 18
396 1221 23
1007 1078 1
844 1010 10
821 1128 1
407 660 2
1071 1271 24
424 922 8
1136 1277 8
899 921 20
589 678 17
619 979 64
701 1064 5
520 813 8
180 844 10
80 272 11
337 1333 23
282 429 1
1061 1448 17
104 311 23
1255 1476 17
649 1185 23
765 1009 13
217 1148 10
289 428 17
693 1223 17
636 1198 23
69 843 8
120 676 87
441 863 87
578 852 23
225 588 1
879 1217 14
276 617 10
338 1016 32
916 922 8
654 1465 23
450 493 23
400 894 31
198 1288 1
561 930 20
849 1471 1
183 1448 17
1086 1452 14
767 842 23
779 1386 62
442 548 17
9 905 13
795 1146 34
555 1444 8
789 1050 39
1245 1500 38
266 822 7
185 219 17
867 1171 35
1228 1417 32
1048 1090 8
275 324 10
450 812 23
266 842 8
676 1045 10
382 408 42
506 709 57
202 922 8
628 736 10
1045 1135 23
79 646 10
322 506 67
747 1253 42
178 206 17
543 1268 34
627 771 17
96 1540 1
753 904 34
1137 1540 8
57 1529 17
137 450 23
182 1465 23
380 900 40
476 977 8
389 588 17
289 865 23
767 887 17
906 1249 19
30 1171 71
436 870 1
482 1549 34
565 833 17
519 1481 5
175 1273 8
493 994 21
75 701 62
499 781 23
248 839 10
208 441 87
325 538 54
282 1496 23
4 1473 23
311 906 8
855 1064 23
493 1249 19
629 876 38
120 719 2
884 1449 8
220 493 21
570 1294 29
324 961 12
843 916 8
841 1526 38
54 553 10
467 1529 23
289 582 17
1261 1448 8
9 170 13
548 1151 1
424 1009 29
405 808 0
104 464 10
963 1481 21
183 1271 17
989 1049 10
4 747 23
1273 1481 14
631 1369 7
294 663 30
281 1171 38
646 843 8
13 636 13
248 339 10
143 1141 8
291 951 12
843 1465 8
1247 1419 8
79 927 53
697 1064 17
381 1420 17
1048 1463 1
693 796 8
268 424 57
259 769 8
628 889 17
844 962 21
13 80 13
994 1157 51
814 930 2
84 709 23
470 854 17
600 925 23
124 989 10
582 800 17
157 801 8
457 1300 17
161 245 9
287 317 17
525 970 56
424 1120 14
787 1297 32
78 1459 1
294 339 2
157 813 35
373 1153 21
289 842 23
278 529 7
107 180 8
673 849 1
602 1300 3
663 942 44
369 1246 10
74 1480 8
36 337 11
405 1131 8
449 1438 5
116 635 52
499 732 10
771 802 10
216 249 62
141 930 0
46 796 8
224 1296 17
185 555 17
365 846 10
938 998 0
231 1115 17
841 1427 23
183 548 17
1146 1269 8
787 1127 24
262 549 54
734 1035 8
1320 1409 22
1085 1407 17
654 1529 17
294 464 2
262 362 41
744 973 17
1290 1540 14
97 259 1
592 1366 60
559 564 10
632 1420 11
310 454 8
337 1185 23
809 1180 34
85 581 0
942 1247 1
108 1545 1
332 468 12
499 1362 0
314 628 17
425 1447 41
337 796 8
60 654 23
1131 1409 1
913 1536 1
608 1473 23
373 447 13
1067 1494 23
376 1416 8
235 899 74
322 732 87
295 1168 17
85 1022 0
406 785 8
17 334 23
1203 1540 8
60 137 23
103 646 17
310 794 8
70 325 23
1185 1452 23
680 1275 17
673 1401 1
235 311 19
636 894 4
1227 1449 8
99 1090 1
242 1135 1
368 830 11
429 1403 1
441 615 10
904 1251 10
163 672 17
84 1009 23
1103 1448 1
582 802 10
96 337 1
378 564 10
484 600 23
234 1523 34
1025 1417 34
108 843 1
732 1137 14
149 1133 1
68 441 4
168 1049 2
322 457 10
161 634 17
865 1452 23
913 1017 8
231 744 17
787 809 8
973 1095 17
299 449 37
295 383 17
93 99 17
183 233 17
295 1296 17
626 681 10
921 1077 23
499 615 10
510 767 19
1153 1420 11
72 245 2
632 1221 23
26 785 29
567 886 23
60 1198 23
172 1408 42
134 508 1
142 445 17
545 1515 2
70 769 8
805 830 10
564 1401 1
998 1268 14
62 555 8
412 1222 0
86 1433 2
1141 1169 8
245 1157 51
578 1473 23
476 555 8
567 812 23
36 647 11
744 1060 77
266 1419 8
998 1169 8
660 795 34
15 1474 34
239 1222 13
334 672 8
276 971 44
137 375 5
870 1351 51
309 1228 30
54 172 17
9 963 0
375 865 5
9 900 0
432 676 70
502 1427 23
97 1415 1
208 1187 38
363 703 34
475 1483 24
287 834 45
216 842 5
854 1213 32
576 1282 14
745 1050 32
291 894 4
695 1463 1
531 1444 8
251 1317 42
398 742 21
1211 1529 23
566 568 53
1039 1465 5
886 1552 1
661 674 29
170 408 0
545 631 10
1234 1374 34
133 1259 34
294 1279 34
743 1401 8
555 1440 17
196 1366 60
1178 1449 8
1220 1268 32
668 1297 29
297 1432 17
231 1265 8
727 771 10
167 806 17
408 683 10
100 1366 60
675 807 62
225 237 0
400 484 10
783 1147 10
242 595 17
242 271 1
576 1228 8
845 1061 23
299 744 5
648 1111 10
92 219 17
952 1317 7
283 476 8
366 848 19
289 1444 8
907 1045 23
850 994 21
564 1131 8
842 1468 17
457 827 7
484 494 10
216 1061 5
744 1223 17
1037 1118 12
673 1216 1
636 1067 23
630 808 0
152 272 1
132 314 0
9 89 13
702 744 77
165 989 10
455 998 12
48 1090 10
390 711 10
572 1536 17
886 1045 23
208 1480 8
727 1465 14
1232 1474 22
704 1400 26
1238 1494 1
172 378 10
565 719 30
72 289 10
127 863 25
520 1009 8
1131 1320 14
276 340 19
12 675 0
882 1186 37
638 970 40
490 1220 24
247 471 20
654 1115 17
1045 1407 17
208 1400 37
80 81 11
149 709 1
1045 1438 23
233 680 17
574 1009 45
309 1234 34
921 1118 1
833 1380 38
469 960 21
368 543 34
278 478 26
92 1476 17
437 626 17
604 906 21
588 989 17
149 1333 1
581 1542 21
142 1476 17
830 1307 8
932 938 0
310 842 8
141 1203 8
447 683 9
213 1296 8
450 922 8
165 742 10
879 886 23
505 726 12
133 233 17
537 676 10
442 806 17
334 1425 8
470 1211 23
229 248 1
848 1299 30
374 773 30
248 615 10
1401 1471 1
701 1048 37
62 110 8
57 60 17
510 728 62
280 765 13
549 565 12
883 1449 8
493 989 17
432 954 82
172 876 23
1062 1232 23
1228 1363 32
842 1480 8
340 1152 23
16 1153 34
209 742 10
371 998 12
475 564 59
81 1269 8
165 697 10
3 85 2
284 1203 8
1448 1563 8
189 1211 8
921 1035 8
104 511 19
1042 1153 17
278 512 7
348 364 32
82 938 13
325 455 54
963 1496 21
1054 1269 24
857 1271 24
1095 1234 1
488 564 17
271 373 16
224 231 17
543 576 8
118 500 8
505 904 10
1062 1407 17
1135 1556 14
390 1150 66
1294 1297 29
46 916 8
672 1499 8
68 120 4
773 1074 12
77 882 37
305 425 41
275 753 2
50 681 10
50 1153 17
578 905 8
841 1394 38
470 479 17
1330 1565 47
253 276 3
927 1419 23
25 365 37
863 944 43
108 913 1
180 1277 8
493 1048 23
567 628 31
400 1275 7
299 1062 23
172 843 8
1213 1473 32
375 619 40
124 782 10
407 548 1
830 1480 8
638 1131 8
17 1146 50
297 648 10
477 654 10
519 1135 23
161 608 21
398 993 21
384 970 53
469 1175 21
602 1128 1
50 877 17
99 595 17
631 678 10
390 632 11
693 848 17
124 1246 10
366 510 19
131 942 17
1273 1466 8
1058 1547 10
376 1273 8
99 672 1
1452 1540 8
108 321 1
408 675 42
1417 1419 8
499 734 23
163 1420 17
237 1198 0
734 1480 8
216 833 5
1169 1556 8
251 1146 42
424 668 29
283 442 17
870 1211 1
110 1316 0
812 852 23
198 319 39
674 901 29
833 844 18
488 1230 19
454 1420 37
107 196 29
830 1253 42
106 428 8
499 1376 5
1169 1211 8
325 1133 23
219 595 17
1153 1244 11
13 378 13
54 1386 17
442 564 17
217 1303 12
239 343 0
309 571 49
913 1221 1
769 1457 8
13 79 0
133 1295 17
272 588 1
381 1338 10
141 1232 1
608 1211 23
178 242 17
441 1489 8
231 408 17
225 376 8
576 1100 34
342 933 62
196 1458 14
659 1131 8
79 84 53
519 564 11
364 942 22
988 1463 1
425 1231 25
1169 1307 8
22 998 14
80 468 50
368 1234 34
635 994 21
143 870 1
235 545 10
180 1458 8
118 276 34
1017 1268 8
62 566 23
711 1045 10
96 160 1
99 1064 17
1064 1281 23
1296 1464 1
93 208 10
775 1386 17
834 850 42
626 1141 8
913 1489 1
62 1045 23
827 1283 53
647 800 19
925 960 28
564 1203 8
131 1261 17
163 627 17
172 964 11
465 904 10
484 566 23
1443 1540 8
510 530 19
298 744 77
36 844 11
681 1167 27
672 1146 17
45 107 29
272 475 59
80 1386 17
9 850 13
338 508 1
508 1499 8
230 295 10
224 988 17
1078 1277 8
220 510 21
152 163 17
376 1239 14
530 800 19
428 1152 23
493 580 13
217 248 10
841 1299 6
233 442 17
176 1369 35
376 409 8
595 1432 17
511 626 17
283 1058 10
61 944 43
13 1433 13
183 396 45
1466 1474 14
484 693 17
877 1408 42
455 1502 4
383 1090 17
167 869 17
288 533 34
107 325 29
325 709 32
840 1461 38
476 1228 8
80 1238 8
389 783 10
1007 1137 34
278 944 26
99 681 10
545 1295 10
779 800 62
340 1419 23
615 1187 38
548 1432 17
104 124 10
57 1300 17
161 479 17
317 1444 8
376 927 23
661 707 29
701 1350 42
75 698 19
48 433 10
123 1351 51
703 782 34
324 408 5
109 359 44
733 1323 46
896 1239 29
428 494 10
280 1253 12
369 1228 37
131 1439 19
219 1042 17
369 437 10
17 1048 23
1234 1322 29
132 1288 0
248 488 17
96 230 1
90 570 29
710 1444 8
802 830 10
334 592 18
555 1017 8
872 913 21
462 516 44
964 1399 10
239 378 13
932 1376 53
337 886 23
1024 1190 62
458 777 12
1128 1333 1
235 479 17
295 493 17
339 408 10
775 1448 17
405 1035 36
925 1279 34
1216 1451 14
196 401 22
385 840 38
291 674 12
235 1353 19
75 1300 19
437 484 17
630 1153 17
289 678 17
198 636 23
219 1397 19
60 927 23
450 659 23
1462 1553 8
167 545 10
4 216 5
167 428 8
272 554 17
161 1323 46
734 1141 8
183 849 17
282 449 8
120 782 10
470 631 10
371 1037 12
899 1529 17
438 1300 10
588 732 1
663 1541 7
1017 1227 8
468 906 10
409 497 13
1129 1178 1
9 1447 13
259 1540 8
125 213 8
373 765 13
1137 1347 51
222 272 10
70 84 23
340 730 10
1153 1253 42
340 585 23
1325 1465 5
1409 1448 1
282 1136 23
555 1129 1
523 530 30
617 1399 10
580 614 0
229 998 1
1009 1078 23
834 1408 42
457 1473 8
519 1067 23
234 576 34
554 988 17
272 708 17
60 766 17
513 984 52
1303 1335 12
892 1061 23
317 1407 17
709 1185 23
999 1078 23
321 1129 1
537 902 40
766 942 1
253 596 8
406 1018 55
531 590 32
801 1293 10
198 1077 23
834 993 8
701 801 37
325 1283 23
48 239 13
841 938 13
1234 1238 8
17 396 23
314 902 23
561 614 20
273 1095 1
537 1296 17
180 564 8
870 1232 1
137 1432 21
614 1148 10
942 1457 1
589 1221 23
222 863 87
100 262 7
464 1476 10
499 585 23
172 800 17
543 660 30
1129 1141 8
196 920 32
110 271 36
1050 1481 32
636 1462 8
1246 1465 14
653 1433 2
384 1146 50
107 401 1
120 1401 1
877 1148 17
608 1452 23
219 253 48
830 1540 8
511 854 17
242 545 10
869 1049 21
376 1457 8
437 1128 1
925 1473 23
582 942 1
470 1115 17
675 843 8
654 1492 5
938 1127 13
109 1323 46
352 1064 23
493 806 17
468 989 44
400 581 2
428 1114 59
262 1102 41
108 1329 1
842 1523 34
384 849 10
289 340 3
196 1449 8
576 1540 8
1061 1564 8
100 1046 32
441 499 10
1057 1211 1
1007 1452 1
430 639 29
1268 1381 34
297 627 17
137 1232 23
226 469 21
52 913 16
896 914 8
82 921 23
809 1001 34
507 1296 8
501 767 19
572 672 17
693 1088 8
681 753 2
107 570 29
548 638 1
45 188 24
479 869 17
15 1137 34
295 407 10
589 812 23
744 833 29
278 580 26
160 962 21
99 1300 17
576 1259 34
362 733 72
345 359 24
294 906 8
15 930 0
499 1420 17
468 1246 10
317 1480 8
1044 1148 19
1222 1300 0
628 1061 17
842 1169 8
632 1054 11
600 615 10
235 236 62
589 854 17
809 1549 34
732 955 4
297 511 17
833 1377 5
845 892 23
846 1175 16
231 1216 8
1010 1246 10
288 479 11
108 531 1
251 1529 42
734 900 8
506 882 67
879 1103 8
1211 1221 23
419 927 53
172 1100 20
595 1261 17
149 338 1
178 1249 17
216 1333 1
217 1536 50
383 433 17
161 208 10
59 927 21
364 609 14
149 1419 1
288 608 21
206 854 17
108 787 24
842 1009 23
808 850 13
659 964 21
1192 1234 34
188 1071 24
80 767 23
287 1286 17
559 680 10
769 1017 8
555 1203 8
1086 1466 14
719 808 13
198 447 0
1064 1377 5
310 520 8
1067 1499 14
172 1223 17
396 1481 5
60 680 17
628 1228 30
149 239 13
60 440 17
142 883 17
437 1077 23
636 1317 5
727 1296 8
51 220 21
288 892 17
276 1280 19
230 434 10
610 1216 8
248 763 17
133 1296 8
827 956 4
710 830 11
482 914 34
167 848 17
879 1061 23
75 1249 19
62 198 23
794 989 17
1317 1419 5
309 325 54
84 608 21
9 1050 0
462 1004 72
1366 1554 60
767 976 19
137 659 21
505 1067 53
1184 1222 2
150 1468 23
62 693 8
283 381 10
282 780 52
228 325 54
229 1222 1
708 1054 45
470 1275 17
178 231 17
249 582 17
152 1275 1
511 701 62
322 865 87
850 1515 34
635 963 21
284 395 1
785 1101 14
104 310 8
1206 1524 47
60 1133 23
559 1146 50
104 564 17
661 1209 29
172 973 23
812 1471 8
261 425 32
538 961 12
447 1186 0
870 1474 22
82 685 18
781 1438 23
740 865 23
938 1135 0
149 959 1
740 892 23
9 922 0
172 672 17
468 1037 12
419 1169 8
9 730 0
271 957 38
72 808 13
251 571 42
104 266 8
843 900 8
626 850 17
1323 1515 46
170 497 13
1074 1253 12
869 1153 17
1140 1261 8
746 865 41
843 1046 8
1062 1153 17
341 1395 16
619 930 0
494 545 10
340 1350 42
337 1136 23
1203 1277 8
693 775 17
973 1323 46
13 452 13
239 1135 0
69 452 10
1118 1232 1
711 1111 10
508 1556 1
233 295 17
224 1386 17
72 365 10
120 1172 2
1046 1265 8
122 1536 17
765 1299 6
636 1481 23
82 845 23
70 553 5
833 886 23
455 933 53
381 1440 17
295 589 17
653 849 1
907 1128 1
60 589 17
1277 1419 8
196 870 22
122 1386 17
219 220 21
796 892 8
678 802 10
62 289 23
208 582 10
54 272 17
839 892 10
609 1549 8
499 1325 5
60 1448 17
429 913 1
99 554 17
80 1244 11
844 1228 32
161 994 21
260 809 34
675 1408 42
736 1529 56
686 744 17
847 954 4
69 964 10
283 340 17
99 1078 1
395 925 1
183 340 17
80 796 8
646 872 10
77 444 21
580 932 0
855 886 23
46 810 8
508 644 1
510 511 19
133 708 45
46 703 34
180 855 8
107 674 29
879 927 23
615 848 10
311 467 23
142 617 10
384 680 10
502 1452 23
133 1417 34
340 872 10
85 1300 0
161 877 17
369 693 17
362 738 41
206 1261 17
122 697 17
531 1050 32
1406 1556 14
278 688 7
348 1447 18
906 1295 17
668 785 29
907 1071 14
363 1190 34
378 523 27
787 1465 24
615 938 13
276 914 23
1341 1480 8
259 292 40
79 1316 0
614 988 10
46 383 45
1365 1545 8
567 988 31
794 844 11
1459 1462 14
329 1095 1
163 235 17
283 711 10
1120 1438 14
374 447 13
828 959 7
109 1005 7
275 663 2
222 660 2
1131 1491 14
676 894 31
222 1049 87
152 1549 1
269 608 21
198 1064 23
493 1223 17
361 797 4
907 1007 8
862 1397 33
85 964 13
609 1228 8
80 563 34
22 374 12
1462 1483 8
157 576 8
376 1540 8
91 954 4
999 1333 23
209 850 34
441 742 10
740 1185 23
1084 1513 24
543 753 30
397 1322 29
165 326 52
653 904 34
59 161 21
249 578 33
455 671 12
1211 1271 8
636 1269 8
339 654 10
490 499 10
46 239 13
266 1545 8
325 566 23
216 342 73
163 295 17
96 1245 1
693 1463 1
879 1146 8
325 1078 23
734 1077 23
976 1024 62
554 767 17
568 901 10
276 581 21
671 880 12
602 1288 1
554 629 20
341 1447 18
132 1394 13
314 1481 5
208 220 21
118 755 34
1061 1295 17
69 229 1
100 516 32
1279 1365 34
455 730 53
57 295 17
375 827 40
225 1232 1
247 400 20
862 1147 31
582 678 17
999 1465 23
470 636 23
396 632 23
1261 1534 1
184 310 8
217 589 10
782 1007 34
133 433 11
730 1126 55
132 1118 0
4 239 0
407 998 8
127 581 16
878 944 43
1277 1449 8
1227 1462 8
338 796 8
537 1408 42
337 736 10
237 405 0
7 1512 2
801 1129 1
295 572 17
744 830 17
408 477 10
167 1146 17
12 444 0
654 1078 23
159 262 41
476 1151 8
1216 1552 1
841 886 23
563 787 24
124 1295 10
272 283 17
50 249 17
1211 1480 8
103 1024 62
235 490 10
914 1474 34
827 1348 51
376 1152 23
1220 1473 32
122 883 17
502 973 23
361 944 4
977 1351 51
627 944 10
395 1427 1
425 852 32
295 654 17
271 401 1
170 502 0
744 1494 5
1009 1046 29
390 494 10
219 1468 17
266 1322 29
549 1347 51
99 122 17
45 118 34
973 1048 23
841 1527 38
299 1283 70
708 906 17
1017 1140 8
401 1269 1
1048 1198 23
69 186 10
231 1148 17
440 783 10
499 1009 23
149 230 1
493 578 33
322 1049 10
237 1186 0
152 1425 1
447 704 26
390 785 29
564 775 17
395 1245 1
97 184 1
533 1007 34
396 574 45
1169 1491 8
368 1547 17
299 830 10
1135 1152 23
289 1223 17
733 1206 39
1273 1464 8
508 1300 1
9 918 0
596 1444 8
90 338 29
998 1220 32
447 711 0
378 1515 2
90 412 40
259 1385 71
792 882 2
310 441 8
233 1511 19
614 840 55
548 889 17
288 334 8
217 849 10
104 108 1
1216 1489 8
548 932 1
1 368 34
499 765 0
15 675 43
690 978 7
654 1473 23
91 555 31
849 1064 17
1129 1135 1
284 1462 8
409 602 3
437 1271 17
231 555 17
48 1179 40
369 1111 10
70 914 23
561 678 17
84 368 21
505 566 53
172 1438 23
1351 1499 7
1279 1465 14
922 1552 1
163 1432 17
615 904 10
512 773 30
288 676 8
50 1420 17
148 852 32
608 1135 23
865 1185 23
537 1271 17
359 1032 6
129 984 52
537 783 21
733 1310 35
925 1480 8
502 1009 23
185 253 8
96 178 17
549 679 12
531 1540 8
769 921 8
103 440 17
400 1148 10
537 901 21
325 430 29
433 732 10
248 609 8
276 1176 6
766 1010 10
580 1035 0
1049 1547 10
133 476 8
808 1035 0
478 614 26
1048 1338 8
601 843 35
22 420 12
141 914 8
1078 1333 23
1128 1151 1
251 428 42
366 578 33
1118 1333 8
834 1061 8
389 1061 17
999 1468 17
400 530 20
340 1408 42
272 999 33
648 1529 10
960 1158 67
172 879 23
289 617 10
280 663 30
680 1399 10
81 1153 11
1007 1326 1
672 1045 17
31 962 6
566 1221 23
530 730 20
9 85 13
148 1366 60
450 1103 14
477 1449 8
537 960 10
433 559 10
921 1300 8
104 659 23
283 484 17
589 842 23
1100 1365 34
84 1283 21
50 275 10
93 1440 17
239 1433 13
649 1468 23
198 1277 39
406 1084 24
249 746 19
578 585 23
1046 1288 1
60 433 31
97 319 1
600 914 23
493 1319 40
281 619 41
841 961 42
424 1133 24
60 428 17
711 1492 40
198 630 19
424 1506 40
104 901 17
676 1161 8
242 1061 17
167 775 17
787 1192 32
208 970 37
1316 1552 0
565 1529 56
470 648 10
340 830 11
310 1554 8
907 1090 10
305 791 32
217 294 2
291 458 12
424 734 8
48 848 10
248 846 10
230 646 10
1009 1468 23
338 1017 8
1171 1422 35
444 1542 21
449 872 37
914 1206 39
626 1476 17
225 821 1
902 921 23
508 1095 1
198 490 10
878 1283 70
865 892 23
172 709 23
771 1223 17
167 1317 42
1065 1458 8
944 1146 50
322 366 20
511 1045 17
1057 1508 1
572 680 17
1004 1310 35
452 906 10
649 1420 37
914 1409 23
337 548 1
96 436 1
364 1017 8
1061 1221 23
499 694 62
773 1530 38
309 1269 24
242 1417 1
703 1271 24
889 1115 17
314 1275 17
495 1147 4
12 1522 13
176 1271 8
235 365 10
709 740 23
126 1098 34
334 1009 23
13 962 0
842 1499 8
79 287 10
646 849 1
850 1093 23
289 1042 17
553 964 10
59 654 58
425 822 41
287 1042 17
69 1459 1
9 580 13
849 1432 17
870 1563 1
287 548 17
1244 1269 8
289 440 17
500 734 35
794 1271 17
1007 1491 1
1127 1271 24
401 1206 39
132 1022 0
103 972 62
209 484 10
842 1039 5
639 1297 29
747 1481 23
501 800 19
1152 1281 23
531 1048 14
132 668 0
419 841 69
299 845 23
253 378 10
337 779 62
130 458 61
46 469 11
470 1283 23
84 852 23
654 1054 11
396 548 1
896 1103 14
914 1374 34
668 896 29
1046 1534 1
1007 1271 24
437 812 23
675 732 2
109 1510 38
571 854 18
13 549 13
744 899 17
654 887 17
470 670 17
726 938 13
230 1399 10
602 830 8
609 1300 8
235 806 17
654 659 23
231 582 17
703 841 49
711 938 0
161 236 62
189 676 21
646 1253 42
680 1148 17
317 1326 8
321 1271 24
390 553 10
695 1409 1
376 1409 23
478 730 26
548 1062 17
753 789 54
1409 1468 17
1164 1244 21
100 661 7
309 1118 12
821 1465 1
310 999 8
553 771 10
925 1084 24
4 1452 23
843 1246 14
334 703 17
1294 1322 29
206 311 17
9 1184 0
519 886 23
356 959 7
589 1271 17
738 979 41
734 1078 8
160 1448 8
555 1275 17
549 789 54
436 744 77
90 1557 14
964 1333 1
470 806 17
1137 1464 22
46 663 34
428 1221 23
564 589 17
368 809 34
188 450 24
185 548 17
619 1481 10
253 559 5
82 84 23
470 1465 23
176 559 15
464 1350 40
444 964 66
80 231 17
914 1185 23
938 1447 13
226 589 58
630 1323 46
15 1565 24
1209 1211 29
132 690 0
150 376 23
433 582 17
334 1394 38
1007 1427 1
795 1118 34
1152 1419 23
13 614 0
424 471 29
22 850 8
494 635 52
196 1290 14
245 276 9
6 845 7
226 964 21
1009 1419 23
626 964 17
208 933 2
176 942 8
834 1062 10
60 488 17
1317 1534 5
134 1232 1
1084 1458 24
601 894 82
597 1250 38
812 913 8
198 329 39
325 592 32
340 548 1
85 549 13
1129 1326 1
84 891 53
409 1480 8
385 1084 24
150 1221 23
1269 1307 8
704 726 26
1185 1468 23
1064 1494 23
595 899 17
180 329 8
1133 1290 14
282 1317 5
282 376 8
118 1093 34
373 1542 21
408 632 23
906 1176 6
765 1362 13
311 1377 5
16 1523 34
108 1060 1
896 1265 8
608 960 70
103 1044 19
477 1238 8
163 1536 17
632 1136 23
437 872 10
464 1171 35
324 378 10
1035 1458 14
79 1048 5
678 1296 17
80 578 23
634 1296 8
309 324 2
572 1172 20
842 1277 8
170 262 41
239 1035 0
766 827 7
361 555 10
72 1157 51
376 564 8
13 334 13
765 932 0
688 1522 34
767 1251 10
646 1249 17
719 907 2
209 294 34
134 821 1
229 693 1
1407 1529 17
400 1399 10
564 1271 17
217 260 27
62 383 8
359 1071 24
812 1534 23
340 1045 74
553 1061 10
788 1506 40
334 497 13
400 821 1
1018 1380 55
338 1129 1
283 287 17
374 1259 34
801 1458 8
298 1206 39
437 1049 10
116 1019 7
385 395 7
280 842 34
1141 1217 14
106 165 10
828 1351 51
276 298 10
609 1296 8
794 1480 34
180 280 2
289 852 23
208 683 10
373 1350 42
812 1452 23
400 892 10
69 1552 1
494 654 10
259 983 38
79 1515 7
325 927 23
438 830 10
287 493 17
295 1448 17
287 907 10
384 464 27
602 1564 8
1136 1474 34
401 709 1
188 543 24
172 282 23
544 1335 12
566 781 23
901 923 29
653 769 8
275 493 10
970 1126 40
233 988 17
685 1447 18
845 876 23
737 1050 32
319 1288 1
821 1540 1
922 1449 8
964 1023 11
488 848 19
602 1232 1
276 1494 23
576 1141 8
85 769 0
520 879 8
800 1044 19
771 887 17
441 810 8
282 609 8
582 1233 71
310 916 8
499 1494 23
452 1369 2
85 104 0
921 1062 23
381 627 10
60 1319 40
276 863 10
46 632 11
963 1049 2
272 428 8
118 268 8
167 942 17
668 1540 8
441 1246 14
180 519 28
405 434 53
1146 1408 42
248 567 31
476 1078 8
314 352 23
889 1265 3
470 574 17
548 921 22
497 738 13
499 1049 10
242 365 1
821 1522 34
1247 1540 8
629 968 29
530 988 33
742 878 10
609 1128 8
808 900 0
743 942 8
231 767 17
1273 1480 8
582 595 17
634 850 45
93 125 45
827 932 53
460 1417 34
469 1269 8
732 1564 8
299 390 10
108 118 1
1462 1554 8
321 1464 1
906 1078 23
133 499 23
500 1258 35
294 520 34
339 407 10
1275 1547 17
161 1439 19
563 1447 17
287 553 10
107 1473 8
167 470 17
807 1044 62
281 1512 13
659 794 21
133 845 23
578 845 23
777 951 12
62 1307 8
469 1449 8
1220 1563 24
501 1223 17
178 1148 17
1065 1220 32
339 771 10
848 1547 17
806 1062 17
627 1058 10
220 1049 21
170 918 0
899 1273 8
707 785 29
567 1211 8
636 1232 23
589 1323 46
366 1353 19
80 961 42
420 923 40
1159 1283 21
369 877 10
632 1468 17
537 561 19
12 1528 13
676 892 10
753 1136 34
359 1203 24
161 1058 10
450 876 23
484 1473 23
1259 1415 34
746 1044 19
1198 1222 0
1232 1281 23
216 251 42
376 732 8
1471 1549 1
209 1058 10
925 1438 23
876 1380 38
844 1447 18
429 1118 1
212 1376 5
1049 1400 37
432 872 70
180 732 8
844 1542 89
522 1408 42
408 775 17
15 374 24
334 1547 8
597 629 38
1228 1393 83
516 766 1
281 467 18
563 614 2
159 690 7
282 408 23
870 925 1
887 959 24
600 1152 23
324 840 55
961 1335 12
854 1220 32
74 1275 8
242 1169 1
142 401 25
12 559 0
497 778 13
45 968 40
1 688 34
428 830 8
1166 1283 21
781 879 23
464 989 10
168 1459 1
1078 1135 23
62 1198 23
272 1459 1
235 1343 10
419 683 2
118 368 34
615 1246 10
309 378 2
142 681 10
703 1417 34
437 1326 8
964 994 21
61 125 70
630 988 17
567 588 31
690 1461 38
84 484 23
172 628 31
687 1135 14
442 1271 17
216 219 62
1249 1440 17
476 1563 8
198 1251 10
548 732 1
468 847 12
149 1275 1
608 889 21
169 364 29
870 896 1
189 345 8
589 628 17
405 921 8
405 1269 8
812 1556 8
132 942 0
372 733 72
649 1062 23
734 973 23
502 1213 5
182 484 23
444 906 21
614 872 43
419 1129 1
1131 1462 8
60 470 17
877 1317 42
82 276 23
703 1443 30
561 1024 62
80 1554 34
295 1249 17
644 830 11
464 680 10
1090 1480 8
100 405 32
125 688 7
726 1332 38
322 437 10
441 490 10
488 537 17
60 1213 5
559 830 10
75 219 19
310 1464 8
401 1239 22
70 1152 23
676 1171 38
1131 1140 8
1039 1443 53
400 493 10
913 922 8
479 1271 17
849 1234 1
914 1008 39
830 1203 8
165 654 10
224 867 10
548 1135 1
198 732 10
46 942 8
253 1433 2
809 1282 34
80 1023 11
311 1494 23
419 1058 2
519 767 23
365 507 9
46 914 34
914 1473 23
1228 1521 32
107 1459 1
467 925 23
879 1496 23
108 1296 1
425 737 32
646 921 8
889 1131 8
608 1502 4
730 901 10
614 999 20
1080 1527 35
272 907 10
867 1481 10
80 1275 17
553 1148 10
120 840 2
103 537 19
840 1477 38
22 1253 12
206 1064 17
74 1409 8
484 1136 23
1457 1499 8
9 681 13
206 630 17
60 709 23
56 788 29
92 537 17
390 397 29
801 1120 14
142 1295 17
51 630 58
676 1250 38
74 1522 34
80 1259 34
1048 1462 8
796 1545 8
1128 1499 8
795 1369 34
309 867 2
176 798 35
1128 1483 1
1129 1232 1
989 1261 17
118 843 8
104 609 8
283 288 17
305 401 1
747 930 13
960 1496 70
886 1161 23
342 530 62
921 1464 8
108 988 1
428 999 33
734 1216 8
383 1062 17
92 548 17
567 1409 23
189 1017 8
1209 1269 24
889 1175 21
47 1167 27
395 1471 1
161 1480 8
876 961 42
209 1043 10
1136 1374 34
240 726 7
172 668 8
572 668 8
299 709 23
1277 1473 8
942 1062 17
176 1234 35
849 1286 52
1286 1293 52
679 833 17
239 1301 13
401 602 22
369 1338 28
36 288 11
797 961 12
1093 1220 32
287 1017 8
230 378 10
493 883 17
672 850 17
564 1057 1
489 572 17
646 879 8
1317 1481 5
86 447 2
198 902 23
225 1444 8
879 1137 14
596 734 8
711 906 10
378 944 10
233 899 17
334 428 23
629 901 29
99 476 1
185 634 17
549 1326 14
292 1366 60
567 1452 23
783 904 10
80 848 17
396 709 23
470 1529 17
475 1125 24
495 1049 31
310 1172 35
414 989 10
131 178 17
323 1340 40
122 317 17
75 646 33
222 1203 14
236 311 62
168 730 2
311 740 23
431 516 45
390 659 21
695 726 63
337 678 17
906 1515 34
212 340 11
161 1481 11
734 1553 8
628 1078 17
131 1481 17
143 503 3
341 1395 16
133 280 34
847 972 4
502 1316 0
854 1409 1
133 383 45
299 537 10
70 441 14
230 1246 10
271 1500 38
400 1213 28
60 1146 11
54 178 17
96 321 1
75 1148 19
855 892 23
85 1171 35
209 482 34
767 1473 23
9 47 13
693 1191 8
841 902 23
188 1540 24
180 1045 10
6 139 7
365 588 1
161 185 8
781 833 23
368 1136 34
889 1444 8
163 887 17
161 574 17
291 954 4
172 464 10
921 1220 24
907 1481 23
1093 1317 5
999 1221 23
383 848 17
484 921 23
317 561 17
54 231 17
152 249 17
998 1017 8
170 1135 0
891 955 82
123 1317 7
1289 1448 1
288 821 34
602 1216 14
701 1093 5
862 1061 17
646 1129 1
22 1211 8
180 268 8
581 882 2
253 846 2
253 1152 23
590 791 32
609 1279 14
477 1300 10
441 495 4
282 497 13
508 815 8
272 801 10
571 709 18
1540 1545 8
305 1333 32
437 852 23
906 1093 23
152 407 1
231 1275 17
275 771 10
390 1023 11
396 863 8
18 959 7
309 794 34
212 701 5
672 989 17
266 305 32
378 787 24
609 977 8
771 1397 19
60 1185 23
368 1408 42
906 962 21
407 1387 7
437 589 23
409 933 16
163 178 17
476 596 8
375 1135 5
600 863 10
0 512 34
180 1246 14
841 1221 23
268 1226 40
745 875 32
846 988 10
314 850 23
142 337 17
125 571 8
62 636 8
467 1008 39
168 278 7
112 222 2
257 464 67
883 1540 8
1103 1419 8
266 325 29
578 1203 14
80 282 23
590 709 32
672 1057 1
1232 1545 1
672 727 10
9 743 13
571 1376 38
1239 1521 32
325 841 23
508 913 1
80 297 17
278 1010 7
400 663 2
185 892 17
703 1305 12
225 938 0
609 626 8
287 428 8
310 1135 8
872 1302 67
395 1296 1
289 447 0
396 1085 45
839 1061 10
198 654 23
830 1423 8
288 830 11
278 376 26
1244 1253 42
1008 1220 39
787 920 32
440 892 17
50 457 17
310 865 8
794 906 11
172 1185 23
634 1489 1
149 401 1
582 1250 20
297 299 10
719 1279 34
96 839 10
1221 1275 8
161 632 11
445 988 17
208 604 70
497 994 13
233 523 30
740 902 23
178 314 17
879 1185 23
1315 1417 34
806 906 17
294 787 24
89 340 2
82 576 23
62 424 8
141 1048 8
288 1100 34
134 914 8
125 554 45
896 1419 8
580 630 0
428 484 8
185 376 8
17 842 23
272 559 10
425 1118 54
261 1483 32
468 1148 10
1103 1466 14
794 1095 17
914 1128 1
75 103 19
9 398 0
1061 1152 23
182 742 10
505 1293 10
60 1064 23
440 1468 17
15 703 34
322 499 10
390 889 21
1471 1540 8
208 519 28
572 796 8
206 555 17
126 563 34
108 1290 1
118 278 7
701 1481 5
582 1095 17
397 424 29
449 470 5
440 1448 17
476 1035 8
845 1232 23
455 843 7
225 376 8
680 1111 10
224 892 17
180 478 26
848 1397 19
34 401 1
708 1529 17
559 867 10
75 865 41
62 1061 23
567 883 31
854 911 12
184 1261 8
276 1468 17
1095 1553 1
502 1003 23
188 338 24
291 512 12
0 1515 34
384 545 27
602 787 32
945 959 7
108 206 17
574 850 45
452 630 10
299 906 23
150 1255 28
683 1440 17
639 959 7
766 897 45
660 711 2
520 564 20
1065 1410 47
734 1451 14
90 508 1
235 470 17
82 1084 24
758 1288 1
161 680 17
567 1448 31
110 508 1
654 1547 23
889 1090 17
930 999 20
297 314 17
869 1300 17
82 337 23
48 589 10
4 408 23
631 808 0
108 999 1
882 1158 67
744 989 17
338 1131 14
50 863 10
9 750 0
1084 1521 24
1093 1133 23
602 690 3
841 1529 23
628 973 17
1223 1420 17
511 1280 19
266 744 29
85 149 13
62 1271 8
188 1213 32
384 892 10
478 654 26
896 1232 1
222 1296 8
440 470 17
50 295 17
519 1534 23
1046 1239 29
563 1169 1
299 1295 10
291 753 12
93 369 17
1347 1474 7
13 681 13
46 1064 45
259 1506 40
120 401 1
288 994 21
359 1281 24
390 674 29
745 1220 32
883 1464 1
276 1035 9
253 800 19
198 530 19
854 1115 17
222 1515 2
47 272 10
559 675 53
141 1226 71
294 905 8
796 1216 8
287 988 17
559 1293 10
1141 1419 8
879 1443 8
493 960 10
160 1095 1
626 1131 8
732 1502 4
188 745 32
1135 1221 23
337 494 10
25 1417 8
566 833 23
208 973 8
97 1261 1
1402 1552 1
70 1492 5
167 1010 10
902 1135 23
219 231 17
769 1061 8
938 1146 13
172 856 59
310 1556 8
216 561 62
100 319 39
1045 1115 17
133 1152 23
180 1341 8
896 1463 1
337 892 23
450 1100 8
186 600 10
79 172 10
636 1217 14
289 1438 23
103 582 17
572 646 17
62 340 23
230 1288 1
1054 1496 21
299 352 23
808 933 0
555 1350 42
676 1300 10
478 521 26
896 1521 32
964 982 10
440 1432 17
433 479 31
104 615 10
107 1464 1
578 1045 23
802 964 10
1090 1353 19
1296 1386 17
493 1024 62
261 875 32
125 668 8
1090 1169 8
390 661 29
20 1365 34
160 537 11
680 1529 17
1552 1556 1
667 1564 14
649 764 35
794 1045 17
733 1220 32
1419 1563 8
595 1476 17
1067 1333 23
512 580 13
338 1288 1
672 887 17
659 1133 23
876 930 13
631 1316 0
47 697 10
231 800 17
1042 1468 17
444 927 21
266 920 32
989 1300 17
1146 1288 1
863 1156 67
627 1054 24
188 571 18
672 1261 17
359 828 41
118 450 34
172 646 23
378 484 10
678 693 17
530 930 20
245 289 58
495 701 4
161 337 19
294 405 30
475 857 24
22 765 8
120 168 2
553 846 10
242 1545 1
469 879 8
441 1420 37
688 1007 34
133 1131 8
97 1290 1
638 1419 8
9 805 0
872 991 38
1319 1397 40
340 588 1
627 711 10
137 1048 23
580 1512 13
636 1037 5
180 338 8
281 834 42
830 1045 17
571 753 17
36 46 11
82 150 23
235 757 62
654 1325 5
337 582 17
565 876 49
1062 1077 23
631 960 43
96 1118 1
998 1048 14
962 1299 6
551 955 4
157 942 1
118 1402 85
169 661 29
1280 1511 19
433 889 17
632 709 23
608 808 0
222 428 10
600 1452 23
848 973 19
272 1296 17
125 690 9
276 440 17
711 765 0
499 1427 23
80 609 8
845 1133 23
299 963 2
9 291 71
60 585 23
467 791 32
98 1316 2
118 747 34
559 719 2
707 923 29
787 1118 32
631 680 10
85 379 35
82 478 26
1027 1282 34
843 1556 8
398 497 0
1259 1489 34
233 862 17
319 1128 1
576 1554 8
118 794 34
506 676 67
433 530 33
414 1062 10
46 719 34
152 834 1
942 1009 1
609 1232 8
601 1406 35
176 572 8
449 728 73
407 1128 1
54 567 31
60 775 17
396 780 52
359 1022 24
152 1103 1
322 470 10
703 867 2
787 1332 83
1095 1203 1
217 1062 10
137 1333 23
11 882 0
62 672 8
295 582 17
659 889 21
46 1232 8
206 614 10
248 646 17
408 850 23
297 408 17
508 1247 1
1141 1556 8
1050 1279 34
305 1419 32
249 564 17
781 1161 23
340 794 11
773 1171 38
72 581 16
1171 1477 38
653 1290 14
407 914 8
769 1443 8
149 395 1
92 287 17
334 590 18
247 711 20
97 892 1
26 345 29
744 1297 29
840 1018 55
311 464 10
242 1095 17
647 1440 17
17 683 50
734 1009 23
46 727 8
397 627 17
37 548 1
494 646 10
378 648 10
346 475 24
878 1496 70
470 801 10
619 674 99
545 630 10
222 242 1
469 1007 1
660 1317 40
631 697 10
266 1003 8
338 424 29
22 849 1
209 230 10
942 955 1
108 272 1
646 701 5
142 368 17
196 1269 8
667 1326 14
198 771 48
311 1198 23
131 744 17
99 437 17
808 1310 6
289 1095 17
580 747 13
198 1048 23
80 769 8
848 1440 17
247 646 33
405 1016 32
468 490 10
1423 1465 14
364 1473 8
364 1464 1
608 994 21
400 849 10
1273 1508 14
180 499 10
730 882 43
142 163 17
709 734 23
334 674 18
328 359 24
143 185 17
590 1213 32
47 844 10
531 1209 29
48 1529 56
137 1045 23
679 747 49
107 1178 29
1206 1449 39
470 863 10
340 1035 9
90 801 8
361 601 82
228 753 30
1039 1062 5
276 1552 1
46 1563 8
54 1271 17
103 1295 17
1315 1417 34
242 1137 1
548 708 17
86 132 2
1206 1473 39
325 854 32
278 821 7
788 1420 14
894 960 31
626 1466 1
91 458 12
499 602 23
97 998 1
242 1048 1
62 1499 8
878 1156 67
56 176 8
471 1250 38
236 1090 62
80 126 34
1003 1399 14
169 1269 24
897 1317 42
669 673 56
229 1232 1
631 823 64
502 1494 23
511 1511 19
26 920 32
854 1206 39
765 1214 0
231 771 17
660 1037 12
163 499 17
488 530 19
727 878 10
78 971 35
1054 1268 34
206 242 17
503 841 8
202 1512 2
615 1061 10
396 855 23
964 1547 17
1125 1458 14
589 889 17
631 878 43
1310 1406 35
778 1220 24
892 1261 17
294 468 2
1027 1374 34
1120 1416 14
615 1171 35
233 493 19
287 369 17
899 1042 17
230 1111 10
310 1268 8
660 1268 34
879 1489 8
646 1115 17
127 500 35
1 309 34
15 545 24
209 1517 10
280 872 2
172 609 8
230 834 10
328 830 8
1423 1464 1
493 962 21
848 1511 19
656 1244 21
239 500 8
906 1458 14
79 428 10
499 849 17
457 672 17
782 1268 34
272 1300 17
614 742 10
168 1279 34
464 906 10
469 1244 11
602 794 3
365 376 8
259 914 8
184 1221 1
104 1061 23
291 543 12
720 1388 62
800 1386 19
809 1402 85
1131 1271 8
314 334 23
359 1135 14
888 1258 14
9 1022 0
62 175 8
133 511 17
231 1271 17
338 396 29
170 654 0
914 1444 8
338 359 24
1133 1535 14
345 901 29
69 672 16
133 1067 21
493 1095 17
493 1185 23
400 630 10
922 1403 14
208 1058 87
339 1295 10
74 482 34
701 1400 37
359 455 12
674 841 18
654 783 10
646 740 23
647 1296 17
340 1536 17
672 1295 17
688 914 34
743 1220 24
104 1095 17
543 1417 34
134 1007 8
126 1417 34
79 303 64
1275 1468 17
46 133 11
79 376 8
278 617 7
161 899 17
107 635 52
686 1432 17
220 276 21
963 1067 21
297 697 17
104 585 23
578 1290 14
116 959 7
253 407 10
683 964 66
1 1515 34
649 765 35
522 1459 14
248 800 17
229 555 1
184 1534 1
242 1494 1
490 1111 10
275 1420 17
795 945 34
604 1232 23
631 822 64
283 678 17
743 1362 13
340 906 19
266 425 32
389 470 17
468 537 10
395 1443 1
50 142 17
566 1164 21
567 850 23
580 1299 6
588 1471 1
962 1049 70
588 775 17
20 464 67
81 812 8
314 497 0
758 1462 8
563 1246 1
688 809 34
602 1529 12
96 488 17
865 1161 23
396 476 8
198 340 10
788 1046 29
334 646 8
137 962 21
709 852 23
512 563 30
869 1468 17
369 1448 17
16 46 34
400 444 2
299 792 76
668 1178 29
149 673 1
294 672 8
80 1003 23
697 1397 19
4 767 23
325 1269 24
26 325 29
282 447 13
441 953 4
589 1093 23
942 1136 1
198 467 39
1464 1563 1
672 693 17
854 1481 32
161 1295 17
184 1133 8
476 1463 1
432 1246 10
292 1459 14
927 962 21
844 1115 17
295 337 17
231 479 17
409 1232 1
15 188 24
734 916 8
152 1556 1
141 1141 8
925 1128 1
767 1078 23
627 1431 66
311 510 19
970 1400 37
384 1293 10
850 1281 23
291 325 54
887 1476 17
281 1187 38
634 771 17
84 711 53
585 636 23
213 942 1
872 1338 10
317 369 17
629 661 29
13 559 0
930 933 0
630 892 19
242 1457 1
120 1466 1
125 400 70
84 289 23
61 398 2
152 1086 1
576 1552 1
269 659 21
339 602 27
365 711 43
661 1322 29
93 1448 17
12 80 13
1095 1211 1
108 889 17
647 973 19
108 310 8
239 994 13
844 994 21
942 1553 1
368 445 11
368 938 13
82 991 38
408 589 19
1448 1458 8
328 1172 35
565 843 7
628 1448 17
921 1466 8
845 1135 23
886 1128 1
425 1005 41
796 1017 8
287 944 10
617 782 10
493 961 42
449 1141 8
98 938 2
530 711 20
775 892 17
428 1407 8
709 1283 23
771 889 17
849 872 10
196 1489 1
507 1220 24
198 441 10
324 679 2
1058 1061 10
359 1395 7
849 1494 1
494 892 10
693 1141 8
904 1369 34
4 850 23
580 1394 13
142 1458 14
224 381 10
272 408 17
143 1480 8
122 862 17
579 580 2
46 848 17
999 1048 23
693 1295 17
437 1288 1
878 953 31
676 730 43
78 324 15
309 847 12
46 800 17
4 82 23
282 635 52
362 631 12
794 1564 8
1216 1290 8
602 1471 1
469 1169 8
511 849 17
131 564 17
1186 1563 8
383 1407 17
849 1452 1
543 1244 34
1286 1476 17
137 701 5
253 322 10
152 1465 1
12 933 0
449 1350 42
747 1064 23
959 1499 7
322 512 2
242 680 17
654 757 62
697 1090 19
152 1131 1
437 1420 11
626 668 8
478 726 26
62 520 8
319 1449 8
322 742 10
849 907 10
110 932 36
113 118 34
879 1377 5
942 954 1
845 1067 23
284 1129 8
661 901 29
79 1208 8
839 1246 10
1221 1452 23
48 1443 2
630 1085 17
305 1133 32
564 1128 1
766 1058 10
51 1408 42
470 960 10
395 469 1
1265 1499 8
537 782 10
374 512 30
702 1458 8
366 530 19
172 1444 8
1084 1400 24
9 1163 13
208 1399 10
261 1016 32
567 1464 1
827 933 53
709 849 1
17 311 23
882 956 31
107 1008 39
513 781 52
259 931 29
60 1326 8
280 425 54
282 1427 23
921 1078 8
338 968 29
266 1234 29
17 906 23
1449 1534 1
674 968 29
615 736 27
555 989 17
79 703 2
288 604 21
1138 1286 52
1100 1415 34
364 1135 14
182 870 1
180 1118 8
172 520 20
189 299 21
208 381 10
161 989 17
70 602 23
299 519 23
424 1466 1
283 516 17
130 961 12
209 217 10
133 703 34
976 1148 19
470 576 23
978 1317 7
892 1376 5
77 659 21
650 1008 39
1128 1136 1
660 1549 34
1129 1146 1
225 1480 8
830 1246 14
46 635 8
663 1220 24
1221 1326 1
118 340 34
375 1443 53
297 988 17
771 1249 19
471 1269 24
122 1148 17
890 1211 8
1206 1390 38
12 971 13
852 1459 14
680 988 17
683 1062 10
783 1246 10
45 1271 24
1269 1471 8
9 659 0
282 1135 23
237 630 0
46 309 34
79 594 26
736 867 27
813 1208 35
260 452 27
994 1432 21
48 217 27
251 647 42
172 184 8
1085 1115 17
401 668 24
46 626 8
122 170 81
1017 1545 8
1141 1282 14
734 781 23
180 1133 14
794 1159 21
1007 1508 1
401 1090 1
184 1333 8
99 636 1
783 830 10
106 732 10
711 930 0
685 1269 40
242 508 1
734 1146 8
450 576 23
275 742 10
375 845 5
564 744 17
1135 1458 14
85 938 13
224 248 17
444 608 21
511 1476 17
390 430 29
325 719 54
1136 1449 8
703 1100 34
508 1283 21
131 899 17
61 1302 67
133 927 21
419 727 2
378 1350 40
798 959 7
608 1427 23
531 1203 14
478 709 26
809 1369 34
400 703 2
152 266 8
311 1438 23
850 1169 8
944 1049 43
22 1369 12
647 862 17
842 1054 34
97 196 1
206 944 10
295 766 17
555 627 17
785 1464 1
1228 1499 8
545 732 10
801 844 10
457 614 10
317 519 11
366 728 62
165 167 10
585 1496 23
999 1148 19
25 1048 37
450 734 23
440 1300 17
631 880 64
361 455 4
821 1425 1
679 1554 34
505 1253 12
764 809 34
1234 1310 35
48 787 24
176 455 15
188 857 24
276 833 23
68 407 4
806 1064 17
447 504 0
161 511 19
196 1209 29
635 906 21
376 1283 23
921 1545 8
615 1481 10
334 1169 8
289 1049 10
626 1565 8
627 681 10
767 1397 19
468 1512 2
321 1220 24
565 1049 2
634 1440 17
890 1203 8
907 1269 8
231 266 8
376 548 1
870 1423 1
1137 1415 34
693 708 17
322 468 43
180 867 10
614 1172 55
180 208 87
50 242 17
745 1366 60
22 152 1
365 991 38
511 647 19
801 1333 8
182 801 10
131 626 17
500 843 35
1071 1273 8
925 1198 23
82 1390 38
96 1341 1
668 1489 8
206 249 17
564 1216 8
843 1319 8
75 892 19
1061 1343 10
59 1157 51
600 1185 23
608 842 23
104 697 19
276 1448 17
653 1409 1
133 730 50
9 141 0
133 368 11
1115 1420 17
1025 1282 34
1496 1547 23
324 1188 6
340 961 42
615 892 10
401 879 8
582 877 17
592 744 77
142 846 10
484 782 10
737 1326 14
730 1350 40
103 449 62
104 1420 17
96 1269 1
248 345 8
942 1223 1
649 1232 23
500 1246 35
337 1253 42
892 1009 23
345 1415 8
1 925 34
1232 1456 1
272 848 17
253 1407 17
568 1350 40
295 311 17
132 814 0
545 678 10
572 1221 8
565 1381 34
545 719 2
230 742 10
672 802 10
398 1113 21
376 1269 24
317 1273 8
914 1046 8
1221 1296 8
1444 1480 8
648 1547 10
654 808 0
467 1458 14
726 1250 38
213 964 8
363 565 34
1259 1464 1
359 1506 24
295 516 17
276 1353 19
4 13 0
906 1408 42
253 1230 19
773 797 12
334 1103 8
649 927 23
1048 1448 8
341 348 32
475 490 24
812 1161 23
1268 1474 34
289 693 17
17 1438 23
309 631 2
1080 1085 8
701 1045 5
376 424 8
17 927 23
922 1120 8
484 1043 10
960 1156 67
48 933 2
1187 1466 7
499 572 17
81 469 40
110 1433 2
376 1341 8
310 693 8
70 1481 5
219 800 19
262 946 41
69 476 8
846 1300 10
124 938 13
813 1129 1
133 572 17
133 450 23
704 812 26
629 1273 8
732 1416 14
237 1010 40
198 849 17
1101 1481 14
806 1045 17
1090 1433 2
769 1300 8
366 511 19
222 1216 8
90 266 29
366 1420 17
447 500 8
1133 1554 8
646 914 23
132 841 13
82 1443 69
626 800 17
340 1062 17
844 1244 11
217 309 2
122 161 17
272 632 11
839 1049 10
74 679 34
56 821 1
465 938 13
675 872 2
1045 1317 5
441 1136 8
9 226 0
208 288 8
508 1451 1
906 1168 10
137 892 23
913 1480 8
225 938 0
458 949 12
369 892 10
376 1103 8
390 1178 29
108 899 17
602 1449 8
295 794 17
248 944 10
104 1540 8
180 1540 14
493 617 10
843 1473 8
80 1273 8
1046 1489 1
743 1271 24
92 708 17
79 1529 56
450 600 23
1111 1534 1
48 1246 10
512 1037 12
311 452 10
120 1534 1
340 523 30
165 830 10
340 1547 17
229 450 1
150 879 23
850 1325 5
150 1185 23
508 1261 8
352 1135 23
827 1317 40
168 1271 24
470 1003 23
863 1399 10
1137 1192 34
295 484 17
9 631 0
352 408 23
653 1458 14
922 1416 8
470 572 17
287 879 8
493 709 23
561 1042 17
792 1511 76
198 440 17
509 775 40
876 1525 38
742 1338 10
638 1458 8
272 802 10
449 450 5
407 1420 37
1447 1530 38
276 886 23
1100 1146 34
46 251 42
407 1203 14
93 849 17
90 743 40
844 1148 17
582 827 7
248 1275 17
161 627 17
325 1221 23
180 1146 8
224 771 17
510 976 19
1045 1409 23
292 1458 14
667 1141 14
239 796 8
70 1269 8
484 1135 23
849 1169 1
1220 1297 32
697 1115 17
222 1564 8
450 879 23
1330 1409 1
222 609 8
432 863 70
15 118 34
121 505 12
476 1259 8
129 1072 52
568 1039 40
352 1409 23
636 1152 23
167 654 17
72 1062 10
542 1305 12
242 450 1
208 396 8
374 1480 8
850 1192 34
222 519 28
477 1480 8
252 266 32
801 1049 87
1064 1448 17
962 1244 21
661 1269 24
152 1554 1
217 681 27
634 1090 17
99 340 1
1326 1444 8
904 1381 34
437 1253 42
470 1077 23
449 1273 8
1010 1481 10
414 654 10
636 1279 14
1419 1457 8
48 324 10
183 185 17
988 1419 8
449 576 8
337 1271 17
740 1230 19
1223 1244 45
738 978 41
1067 1512 2
85 134 0
854 1386 17
378 1295 10
68 400 31
565 688 34
788 1462 14
60 921 23
143 780 52
326 984 52
120 1464 1
182 235 10
905 1439 14
172 457 17
659 1135 23
821 1118 1
697 746 19
711 1018 55
196 1017 8
1409 1483 1
516 1323 46
770 1009 29
62 1409 23
22 1333 8
160 812 8
34 730 55
914 1203 8
150 602 23
800 1480 8
82 447 13
222 1232 1
933 1127 16
538 954 4
127 1035 36
479 681 10
397 896 29
580 769 0
295 619 10
1258 1545 14
317 1261 17
84 408 23
253 960 10
163 1223 17
93 899 17
178 219 17
46 368 11
61 648 10
161 736 10
60 1077 23
663 801 2
1185 1362 0
297 340 17
253 944 5
1300 1326 8
619 1049 43
843 921 8
369 744 17
923 1513 54
69 545 10
289 800 19
1300 1407 17
230 1293 10
516 891 1
198 827 39
850 1085 45
419 565 30
170 334 13
630 1353 19
508 968 1
161 178 17
519 876 23
744 1322 29
131 1541 7
60 245 42
282 886 23
568 1111 10
178 1062 17
364 1238 1
679 1049 2
646 839 10
134 983 38
647 694 62
1211 1564 14
273 1288 1
566 649 23
630 901 17
852 1234 14
103 614 20
189 960 21
379 764 35
602 808 0
734 1290 8
1317 1499 7
701 841 5
341 745 32
152 758 1
744 882 5
850 1448 17
133 1136 23
632 1376 5
701 1468 5
523 1103 27
345 886 8
118 332 34
75 311 19
80 363 34
314 450 23
287 1448 17
545 580 13
601 629 35
1035 1449 8
217 295 10
745 852 32
0 974 34
734 1048 8
161 1064 23
143 796 8
100 359 32
26 475 24
282 876 23
299 660 2
253 477 10
449 601 62
96 465 10
231 989 17
340 615 10
581 863 2
629 1269 24
719 1228 30
1409 1489 1
380 610 40
886 921 8
253 999 23
764 813 35
340 1211 23
942 1362 0
1432 1448 17
122 767 17
79 1443 53
988 1148 17
660 842 34
46 1556 8
13 48 13
870 1133 1
505 659 53
630 1511 19
208 444 16
289 841 23
182 1213 5
568 933 53
457 1261 17
97 709 1
206 806 17
236 1148 62
172 1494 23
299 999 23
636 1186 37
586 1433 2
99 1151 1
226 1253 42
180 1062 10
484 839 10
499 800 19
383 1118 3
553 675 2
468 711 65
100 222 14
646 734 8
602 801 8
675 1007 34
503 891 8
500 971 35
419 1171 35
520 1027 34
225 843 8
9 48 13
260 676 56
196 376 14
419 1449 8
104 510 19
133 1547 17
46 69 8
636 999 23
877 1090 17
142 275 10
287 1295 17
428 555 31
231 1499 8
505 671 12
566 1048 23
122 568 81
376 850 23
785 1178 29
233 1536 17
589 765 0
62 1093 23
225 922 8
185 477 8
165 428 10
167 672 17
787 1540 24
93 690 78
20 753 34
120 1293 10
444 580 0
548 626 17
219 889 17
647 1058 10
1057 1457 1
548 1462 78
231 1448 17
1086 1129 1
9 444 0
1086 1465 14
512 850 34
348 1213 32
152 708 17
693 1480 8
340 792 76
20 615 67
242 834 1
428 1529 8
305 348 32
479 1408 42
103 701 62
297 678 17
508 588 1
1440 1529 17
345 629 29
843 1499 8
510 701 62
916 1473 8
499 1511 19
325 1377 5
630 962 58
39 520 34
230 654 10
9 1050 0
85 906 13
100 1333 32
1009 1216 8
629 1297 29
133 907 23
974 1259 34
209 1136 34
849 989 17
890 1169 8
771 1468 17
1415 1489 1
182 289 23
242 1363 1
580 833 13
470 600 23
649 740 23
847 1351 51
400 553 10
419 1564 8
359 1445 14
26 338 29
22 104 8
172 369 10
149 480 40
84 396 23
614 1111 10
600 821 8
998 1332 83
152 693 17
988 1054 17
444 447 0
604 891 53
673 922 8
1050 1374 34
1448 1547 17
876 1527 38
100 852 32
906 1350 42
69 1129 1
529 1399 10
74 663 34
26 470 8
196 843 14
295 806 17
559 1512 2
424 785 29
180 884 8
1491 1508 14
1101 1500 38
345 1239 29
104 452 10
1050 1362 0
549 1362 13
597 1008 39
1480 1483 8
1093 1325 5
769 850 8
97 709 1
508 896 1
202 849 1
62 808 8
553 1090 10
310 1136 8
295 693 17
654 914 23
107 494 52
325 654 23
1153 1408 42
680 1300 17
419 441 2
449 649 5
470 1386 17
455 1304 12
408 766 17
408 1238 8
876 1253 42
549 1481 14
801 1067 14
734 845 23
631 1488 61
850 1137 34
582 846 10
282 1464 1
328 813 35
6 744 7
747 852 23
800 1223 17
408 628 17
559 809 85
97 896 1
137 834 8
942 1137 22
771 973 19
585 845 23
870 1499 1
248 511 17
122 366 17
1247 1534 1
208 310 8
467 1198 23
60 841 42
608 891 53
237 1421 0
441 1552 1
311 843 8
25 1316 0
61 444 2
679 863 2
488 1062 17
1339 1542 21
878 955 31
709 875 32
441 545 10
180 938 0
176 981 15
821 904 34
104 580 0
602 702 3
380 1279 34
720 1400 37
108 1316 0
118 639 8
843 1300 8
220 882 21
588 702 1
408 1473 23
470 1062 10
82 1419 23
91 180 10
850 1146 11
631 671 12
317 1552 1
653 808 0
1090 1295 17
107 1288 1
78 1234 35
1449 1547 8
457 964 17
697 1042 17
742 1150 66
72 993 2
437 1438 23
1234 1545 14
412 765 0
77 269 21
363 663 34
167 249 17
15 1282 24
470 1476 17
242 1228 1
133 1261 17
663 1549 34
337 649 23
288 566 21
314 1427 23
339 938 13
734 849 1
742 1062 10
266 1065 32
464 1481 10
132 1214 0
745 841 18
47 703 2
125 507 8
531 1269 8
163 775 17
268 1369 35
172 942 1
334 845 23
61 711 43
1296 1458 8
337 698 19
9 1009 13
654 1049 10
82 649 23
97 1245 1
508 600 1
157 334 8
266 852 32
1481 1542 89
79 834 10
276 959 9
576 753 8
261 841 18
849 1239 22
455 734 7
638 668 1
602 789 54
9 1186 0
685 841 18
907 1118 3
72 765 13
202 1552 1
165 1347 51
96 942 1
701 1494 5
830 1536 17
22 609 8
59 276 21
343 580 2
90 1209 29
1246 1420 14
92 1045 17
17 1283 23
161 812 23
747 1534 23
690 821 1
7 497 2
788 1322 29
548 1419 1
46 122 45
208 627 10
669 1481 11
89 400 10
340 1128 8
259 1017 8
184 283 8
70 1465 23
125 322 70
206 219 17
668 886 8
1063 1136 8
785 1445 14
214 709 7
646 670 17
229 1363 1
314 921 23
892 1049 10
1211 1451 14
289 1185 23
86 938 2
636 1325 5
184 801 8
626 1277 8
334 1427 23
1534 1540 1
730 1067 53
767 1045 74
1095 1128 1
479 646 31
1132 1465 14
359 374 24
1223 1464 1
519 740 23
512 906 34
407 1462 8
288 368 11
968 1297 29
80 564 11
497 1035 0
619 1316 0
1494 1534 23
325 470 23
62 1545 8
46 280 34
631 675 53
681 862 10
653 1459 14
1 794 34
1261 1549 8
523 561 30
830 1125 8
288 568 50
184 821 1
108 1047 78
9 447 13
395 1146 1
921 1228 8
669 877 17
340 390 11
911 1007 12
734 1244 8
576 1093 23
69 384 10
1448 1471 1
749 1269 40
1048 1273 8
62 1496 23
543 1054 34
462 822 72
340 921 23
272 1386 17
441 727 8
678 1118 3
609 916 8
60 628 17
345 913 8
1206 1497 38
555 1499 8
709 1283 23
1217 1465 8
80 390 11
407 1269 8
839 906 10
22 99 1
295 1529 17
248 1432 17
877 999 33
274 291 12
709 870 1
97 1135 1
180 769 8
1118 1131 1
805 930 0
125 516 1
876 1031 6
295 1407 17
1017 1141 8
120 742 10
60 670 11
660 1019 27
736 742 10
161 276 19
49 1269 8
406 938 13
843 1077 8
543 747 49
70 1473 23
469 830 8
168 679 30
99 794 17
412 1220 24
170 608 0
543 1136 34
630 800 19
994 1159 21
827 1111 10
125 1253 42
419 1347 51
555 1552 1
433 844 17
149 1296 8
104 132 0
977 1131 8
289 830 17
1071 1129 1
378 1476 10
100 688 14
384 1481 10
568 608 53
555 668 8
493 659 21
408 1353 19
499 892 23
72 1451 14
703 914 34
1118 1374 34
1402 1451 14
412 1362 0
537 1159 21
85 493 13
54 626 17
769 1409 1
747 1396 38
15 90 24
369 499 10
109 944 12
62 1492 5
849 1307 1
376 585 23
576 649 23
462 797 72
568 615 10
1198 1547 23
208 963 2
324 543 2
1048 1234 8
198 212 23
1128 1296 1
180 1500 2
230 1380 2
1017 1135 8
103 185 17
744 1062 17
389 429 1
688 1190 34
120 516 1
636 865 8
433 1468 17
477 1269 8
542 693 8
359 596 24
148 590 32
902 1152 23
287 464 10
632 701 5
830 1228 8
680 904 10
1161 1473 23
679 1024 62
395 1553 1
1125 1425 14
99 1419 1
1227 1420 14
675 801 2
9 892 0
142 230 10
511 678 17
180 1017 8
160 1164 21
46 163 17
576 1135 23
208 479 10
12 1459 0
441 516 3
626 872 10
62 1464 8
615 753 2
408 938 0
1061 1288 1
295 654 17
1333 1458 8
291 959 7
574 1395 45
425 854 32
295 800 17
449 1133 5
457 484 17
872 1067 70
276 1480 8
441 701 37
548 830 17
703 1259 34
564 572 17
157 475 24
630 1432 17
592 876 18
133 180 8
172 649 23
454 1481 28
242 464 10
56 931 29
268 769 35
305 359 24
189 1448 8
704 876 26
297 887 17
445 844 66
376 500 8
502 808 0
441 964 10
161 730 10
1273 1556 8
1172 1208 35
18 565 12
833 1443 69
862 1023 17
497 1505 0
1203 1549 8
582 617 10
555 877 31
118 209 34
133 1452 23
295 839 10
9 537 13
340 672 17
340 709 23
363 1347 51
676 1186 37
1246 1250 35
51 654 58
437 876 23
475 592 24
1061 1223 17
167 297 17
766 891 45
161 867 10
408 852 23
107 1138 52
17 1153 50
208 468 43
632 1333 23
96 548 17
69 1125 10
142 595 17
80 168 34
457 1440 17
9 726 13
322 387 67
311 1261 17
79 283 10
109 240 7
198 1049 10
295 869 17
467 1228 32
1269 1457 8
964 1049 10
787 1277 32
406 787 24
436 1141 14
0 482 34
1409 1464 1
85 933 0
212 927 23
1203 1220 24
470 644 17
477 1273 8
383 1432 17
299 1250 38
314 944 5
376 576 8
208 732 87
104 428 23
467 578 23
470 630 17
932 1317 53
137 1084 24
311 600 23
883 1288 1
408 839 10
465 470 10
740 744 5
672 1275 17
1221 1534 23
9 289 0
548 899 17
488 511 19
62 701 5
295 1090 17
1220 1326 14
769 1090 8
295 988 17
1046 1451 14
476 634 8
545 1547 10
989 1062 10
419 1515 30
396 1239 29
942 1458 1
82 408 23
22 600 8
26 188 24
314 842 23
189 401 1
899 961 42
703 1269 24
847 1502 4
142 457 17
899 1480 8
1290 1420 14
212 1420 11
1420 1547 17
709 1491 14
75 488 19
750 930 2
1044 1511 19
167 697 17
1407 1420 17
437 678 17
1419 1545 8
630 1095 17
334 1003 23
711 840 55
152 709 1
1221 1273 8
15 663 34
588 1508 1
85 1522 13
235 1300 19
433 501 17
169 1294 29
395 646 1
20 309 34
206 248 17
428 516 8
395 1151 1
794 1261 17
1131 1457 8
149 1319 40
198 920 39
812 886 23
216 376 5
738 822 41
499 680 17
659 675 53
810 843 8
1443 1473 8
229 1545 1
161 1136 23
1474 1489 34
17 719 50
16 1007 34
390 1364 66
568 1293 10
249 572 17
639 1009 29
208 553 10
237 769 0
508 879 8
407 1111 10
82 314 23
663 777 12
395 1448 1
98 808 2
334 608 23
338 1326 14
18 309 12
359 1458 24
47 1103 27
484 863 10
245 253 58
60 231 17
340 384 10
477 1547 10
180 1396 2
118 1290 85
116 188 24
738 798 41
732 1045 10
968 1209 40
405 1050 32
97 778 71
600 870 1
384 1148 10
396 1347 51
990 1245 38
553 730 10
744 1521 32
62 1491 8
734 1448 8
500 674 15
892 1275 17
229 1151 1
424 830 8
289 964 17
317 1244 11
460 1192 34
494 678 10
106 470 17
1300 1536 17
149 1050 32
1216 1534 8
178 1440 17
299 970 37
236 848 62
566 1185 23
295 844 21
920 1228 32
1288 1458 1
627 634 17
993 1188 6
297 407 10
217 272 10
93 1296 17
1140 1171 35
428 914 23
679 1443 30
800 850 17
1027 1279 34
322 865 87
600 743 8
520 914 34
636 1449 8
231 499 17
198 1227 8
1048 1268 8
907 1300 10
904 962 10
225 1464 1
108 634 1
703 1167 27
455 631 53
361 400 31
1129 1269 8
499 1042 17
352 1376 5
62 1377 5
189 1169 8
447 1232 1
108 580 0
142 400 10
317 988 17
89 904 10
311 477 10
1135 1377 5
80 670 11
168 961 12
626 1049 10
401 1466 1
608 730 53
281 808 13
108 1259 1
1206 1504 38
490 580 13
543 743 8
283 988 17
1086 1401 1
182 1048 23
262 649 41
582 889 17
553 1295 10
235 801 10
626 1464 1
271 849 1
671 972 4
686 1300 17
281 1299 6
1279 1459 14
1125 1557 14
283 676 10
734 1118 1
340 711 10
339 679 2
157 1220 24
999 1211 23
97 1540 1
561 1432 17
9 663 13
964 1473 8
604 1481 5
282 830 8
938 1443 0
1172 1245 38
537 862 17
801 1128 1
99 108 1
375 1136 5
1226 1269 40
309 1304 12
338 674 29
511 523 30
280 736 2
812 1563 8
359 922 24
247 906 19
340 581 21
892 1043 10
753 1203 8
810 1232 1
289 636 23
224 711 10
93 433 17
150 970 5
311 1223 17
733 1141 47
1017 1416 8
324 1244 50
62 1483 8
452 564 10
60 510 33
1220 1258 14
80 747 23
889 906 10
225 879 8
737 1268 32
548 869 17
495 882 31
62 925 23
182 464 10
234 1474 34
565 1136 34
732 1141 14
311 1078 23
369 683 28
259 441 8
841 1045 23
600 1246 10
891 1341 9
758 1444 8
131 366 19
359 1206 39
390 1067 21
22 892 8
1222 1362 13
863 869 21
1017 1078 8
1221 1399 8
17 420 50
925 1269 24
468 1153 50
709 1213 32
161 779 62
654 1407 17
737 833 18
324 932 53
671 854 12
272 287 17
77 1542 21
103 220 21
1044 1439 19
383 548 17
93 428 8
602 675 3
208 365 10
984 1269 24
1007 1513 12
479 654 17
84 656 21
428 841 23
675 960 2
537 988 17
280 1529 56
676 1061 10
363 1515 34
266 770 29
901 1397 20
188 292 24
906 1146 11
242 384 10
237 1133 8
452 1300 10
22 789 54
680 1061 17
649 891 8
234 1098 34
921 1415 8
1003 1409 23
564 1118 3
1039 1135 5
730 1283 53
808 983 38
1095 1118 1
340 1281 23
478 512 26
433 854 17
228 455 12
248 1401 1
172 781 23
753 773 30
229 709 1
654 1432 17
280 441 2
690 1007 1
22 1090 8
161 299 23
600 1273 8
242 848 17
452 563 2
533 1282 34
925 1273 8
127 1328 51
574 1275 17
604 709 23
324 493 10
212 311 23
97 1449 1
476 1556 8
124 1369 2
134 1169 8
51 1310 6
408 561 48
869 1536 17
585 850 23
127 1380 38
365 512 2
516 1148 17
281 408 42
340 944 10
468 594 26
120 283 10
1333 1564 14
468 1317 40
582 1448 17
82 1547 23
1093 1273 8
1043 1293 10
469 537 11
468 798 64
80 626 17
96 219 17
683 1085 17
733 755 72
389 742 40
434 833 38
400 1171 38
325 397 29
464 1295 10
602 1178 3
564 1078 17
167 231 17
132 900 0
276 747 23
365 730 43
107 1203 8
891 1338 70
325 636 23
20 520 34
248 295 17
842 1185 23
1046 1131 8
529 1246 10
659 1159 21
576 1213 5
305 737 32
630 1090 19
220 960 21
352 1048 23
902 1198 23
108 1227 22
600 668 8
1192 1521 32
499 863 10
1129 1268 1
545 1271 24
395 1071 1
139 148 32
189 429 1
775 906 17
568 971 44
4 85 0
161 809 34
100 844 32
268 1085 8
401 1474 22
548 1489 1
172 275 10
220 366 21
512 1381 34
1048 1277 8
9 846 13
457 870 1
883 914 8
334 1448 8
110 702 7
62 1136 23
384 490 27
1050 1419 32
849 1140 1
1228 1534 1
374 1141 8
767 1185 23
253 711 5
100 998 32
54 365 9
522 1253 42
108 132 0
1178 1521 32
365 441 87
455 1008 12
17 1331 51
295 1061 17
1140 1269 8
708 1420 17
239 490 13
25 447 0
1261 1273 8
442 887 17
225 1222 0
914 1146 34
843 1491 14
1054 1549 34
310 1203 8
626 794 17
94 1269 24
314 1419 23
80 1129 8
632 659 23
198 384 10
13 419 0
368 408 42
208 432 70
45 259 29
596 1084 24
440 869 17
108 1062 17
1071 1481 14
848 883 17
548 697 17
380 1554 34
602 1137 14
9 108 0
798 809 34
69 783 10
821 999 1
1008 1419 39
1222 1447 13
475 1103 24
572 1444 8
93 589 17
90 931 29
450 1071 14
719 1303 12
234 520 34
690 1108 7
120 1462 8
142 314 17
1158 1334 12
48 235 10
499 1458 14
604 842 23
9 72 13
497 502 0
262 833 41
900 1273 8
311 1118 3
921 1246 14
183 1386 17
571 1222 13
543 1250 35
827 1222 0
338 1239 29
813 1406 35
726 1172 38
810 1449 8
328 914 8
1136 1288 1
82 497 13
22 242 1
226 846 2
1128 1247 1
932 944 53
96 1137 1
219 988 17
433 973 17
163 1064 17
1216 1296 8
50 185 17
396 850 23
409 1118 3
183 744 17
96 1494 1
84 1547 23
72 656 16
457 576 8
457 601 1
340 1238 8
272 902 31
1131 1319 8
812 1473 23
108 1471 1
163 442 17
390 1046 29
99 337 1
9 690 0
160 476 8
484 1152 23
237 1221 8
401 914 1
149 1086 1
118 614 85
773 1488 61
419 1458 14
566 1494 23
172 1118 3
1137 1465 14
99 574 17
495 902 4
288 619 50
84 163 66
99 1136 1
395 1461 7
352 914 23
444 566 21
208 596 8
188 1054 24
1203 1415 8
295 553 10
389 1045 17
222 1473 8
475 628 59
340 1009 23
22 879 8
334 636 23
1433 1552 0
212 216 5
1103 1564 14
1045 1432 17
396 602 23
104 217 10
22 462 14
93 131 17
879 1141 8
131 1353 19
777 971 12
747 1530 38
160 922 8
62 230 8
208 913 21
511 1148 19
369 553 10
281 1319 8
765 1163 13
507 1017 8
12 428 13
189 398 21
251 334 42
1228 1564 8
1007 1129 8
675 711 53
239 408 0
287 1233 71
253 1376 5
103 1529 17
588 1168 31
108 1540 22
342 1481 28
297 863 10
30 865 6
499 564 17
445 564 11
104 295 17
838 883 17
112 271 38
46 172 8
48 1187 38
161 973 3
133 1085 45
1101 1465 14
684 1444 8
855 1049 8
56 1552 1
1159 1496 21
548 1178 1
1103 1211 8
631 663 7
189 1150 21
484 1420 17
907 1111 10
500 580 8
1132 1466 14
383 887 17
13 814 0
580 1447 13
608 646 23
198 282 23
48 287 10
865 960 87
322 954 31
240 1080 35
70 600 23
927 932 53
409 508 1
17 744 5
679 794 34
161 389 1
149 938 13
80 440 17
68 676 31
719 1271 24
627 730 10
230 555 10
959 1541 7
408 693 17
295 806 17
1 1118 34
20 1054 34
537 727 10
80 1476 17
447 973 0
484 1399 10
620 1050 32
1062 1275 17
283 1129 1
1133 1458 14
17 182 23
291 619 12
785 1220 24
771 1061 48
1035 1141 14
869 1529 17
107 429 1
81 877 17
70 849 1
488 862 17
647 1333 1
626 627 17
763 766 17
91 172 31
529 1293 10
782 964 10
133 1234 34
428 876 23
567 889 31
251 892 42
22 157 8
22 1221 14
248 272 17
120 879 8
208 1158 67
1133 1232 1
501 1300 19
167 830 17
615 727 10
284 787 8
709 744 77
163 1084 24
108 231 1
137 576 23
328 1462 8
608 1283 21
9 428 13
131 314 19
328 1288 1
809 1515 34
973 1465 23
813 1234 35
457 1172 20
479 1090 17
849 1111 1
137 172 23
1134 1351 51
381 1273 8
189 1466 1
15 922 24
734 1283 23
291 1502 4
732 1419 8
444 960 16
231 588 1
615 1148 10
228 789 54
100 1465 14
516 883 1
408 467 23
452 464 27
743 753 8
92 178 17
918 1222 2
942 1133 1
18 733 72
896 1128 1
1039 1093 5
109 478 26
1468 1481 21
1050 1185 32
96 381 10
467 608 23
161 1095 17
437 710 11
906 961 42
62 845 23
38 260 7
188 280 24
854 901 17
161 248 17
921 1084 24
143 1169 8
1416 1564 8
22 1481 14
1078 1211 23
341 709 32
99 775 17
663 1381 34
375 1355 51
1221 1268 1
649 1133 35
390 581 21
84 567 23
409 1489 1
82 594 26
407 555 10
299 468 43
287 537 17
22 1540 8
708 830 17
1137 1549 34
600 1007 8
96 834 1
844 1166 66
914 1350 5
16 914 34
93 249 17
632 1238 8
56 787 32
614 1295 10
428 520 20
566 1433 2
51 555 11
709 1016 32
390 1164 66
419 679 30
384 1536 50
576 1275 8
447 805 0
719 1259 34
272 1153 11
78 734 35
106 617 10
287 376 8
56 229 1
471 1046 29
432 955 82
333 636 62
780 1138 52
289 802 10
508 1246 1
1148 1536 17
602 736 27
340 767 3
770 896 29
999 1283 23
266 1527 7
1350 1377 30
1376 1477 38
450 1265 3
134 933 36
395 555 1
235 1249 19
48 248 10
390 707 29
133 964 11
545 904 10
576 1419 23
400 865 87
208 730 43
1232 1409 1
441 654 10
922 1146 8
765 796 8
253 299 23
299 555 10
408 646 17
309 911 12
85 679 13
198 1211 39
601 764 35
96 1153 17
361 564 10
46 688 34
160 1244 11
287 1118 3
57 511 17
276 1249 19
553 845 5
311 1552 1
310 1129 8
161 862 17
578 1148 33
206 288 17
744 923 29
821 1459 1
253 839 10
70 1061 23
328 870 1
261 1366 60
56 1489 1
508 1131 1
69 299 10
676 732 87
1062 1095 17
69 508 1
440 1420 17
291 294 12
767 1536 17
170 805 0
251 537 42
1095 1341 1
1137 1369 34
131 152 17
345 1232 8
165 1547 10
1473 1547 23
769 1007 8
108 1416 1
661 1410 14
766 1275 17
921 998 14
373 964 21
767 1496 23
165 680 10
660 663 30
381 1443 2
678 942 1
77 89 16
701 1161 5
585 879 23
167 564 17
299 654 23
1007 1374 34
149 1048 1
390 444 66
340 1230 19
493 1409 7
341 1213 32
104 957 5
168 334 17
0 1279 34
544 960 67
848 1432 17
337 1481 11
1489 1540 8
457 574 17
636 1409 23
310 1483 8
488 578 33
477 1048 8
340 442 17
287 322 10
108 1456 1
464 730 10
299 821 1
276 572 17
167 442 17
770 1206 39
281 961 42
890 1449 8
800 1273 8
224 743 8
125 389 1
1049 1296 8
108 768 1
9 675 0
564 1253 42
697 1299 30
906 1280 19
1136 1221 23
576 709 23
45 478 26
538 911 12
785 923 40
62 850 23
77 322 37
619 1111 10
337 555 17
571 1310 6
401 1464 1
69 676 10
414 1246 10
433 830 11
325 1322 29
631 767 10
103 588 17
390 635 21
437 555 17
57 185 17
617 964 10
311 516 1
409 497 13
968 1220 29
82 844 18
441 886 8
85 376 8
1135 1232 1
676 1496 70
310 1046 8
668 842 8
554 1440 17
359 563 12
175 1131 8
242 675 1
765 900 0
479 863 10
627 663 30
609 1534 8
61 953 31
311 806 17
85 280 13
590 709 32
133 219 17
429 1271 1
291 923 54
636 694 62
1326 1438 14
280 339 2
565 777 12
91 120 10
563 1303 12
59 311 58
561 1153 17
216 925 5
693 1045 17
1071 1366 60
425 1004 41
548 690 1
1135 1366 60
198 944 10
870 1425 1
1120 1135 14
1118 1277 8
1054 1146 11
564 1007 1
1064 1153 45
322 872 10
766 767 17
93 839 10
1250 1417 35
476 1137 8
484 867 10
809 1268 34
906 1420 11
161 275 10
1125 1427 14
109 1362 13
172 1249 17
299 1492 5
1279 1549 34
488 1223 17
565 773 30
276 478 26
545 1171 35
1090 1129 1
202 914 8
563 1483 1
376 1111 8
549 1465 14
493 1494 23
1101 1393 38
124 512 2
208 1400 37
559 659 53
80 1438 23
96 141 1
646 806 17
973 1319 8
395 1483 8
566 1198 23
476 1103 8
241 690 7
608 1542 21
744 1409 5
921 1425 8
22 1118 8
653 1508 22
134 765 0
133 1169 8
879 1084 24
849 1261 1
376 644 8
1363 1534 1
376 968 8
1178 1366 60
338 843 14
299 324 43
365 1156 67
72 440 10
576 1039 5
20 1417 34
209 309 34
334 631 41
608 1159 21
830 1449 8
133 925 23
167 676 10
9 1459 0
502 1093 23
106 545 10
458 719 12
758 1238 1
796 1540 14
80 1515 34
278 630 26
242 324 10
352 879 23
744 886 5
365 1564 8
278 328 26
830 869 8
132 405 0
602 1317 5
442 1547 17
841 1283 23
847 953 4
1317 1529 42
9 15 0
213 1310 6
219 646 17
132 974 13
311 442 17
852 921 14
744 1050 32
208 512 2
634 1462 8
47 1317 40
1141 1564 8
812 1553 8
208 659 70
964 1407 17
79 168 2
841 1443 69
198 298 39
681 1118 67
133 753 34
97 436 1
604 902 23
167 907 10
99 1277 1
470 710 17
634 920 32
262 1001 41
208 846 10
77 1159 21
9 282 13
578 1281 23
337 833 23
570 770 29
0 1027 34
74 565 34
500 1228 8
299 544 67
133 1449 8
678 1432 17
369 844 10
334 1376 38
161 324 10
172 1476 17
93 1310 20
289 1564 8
182 322 10
236 654 62
364 1048 14
1135 1269 8
334 1369 49
938 1459 0
519 537 11
479 634 17
646 796 8
801 999 8
60 781 23
212 855 23
97 634 1
1103 1480 8
850 989 17
253 554 17
235 384 10
295 1115 17
1131 1186 8
672 856 59
883 1286 17
1420 1447 14
1137 1522 34
383 1275 17
369 1275 17
325 484 23
693 743 8
400 1295 10
436 588 1
251 906 42
690 1005 7
57 869 17
1307 1473 8
317 1042 17
1190 1417 34
644 1153 11
309 660 30
278 660 7
467 566 23
314 794 17
374 1474 34
1027 1489 34
407 1458 14
385 733 72
679 688 34
576 1300 8
48 672 10
85 1050 0
830 1333 8
328 594 26
588 1307 1
276 812 23
97 834 1
90 1120 14
225 609 8
508 883 1
938 942 0
409 1463 1
172 230 10
219 680 17
103 1420 17
1045 1281 23
276 1425 8
108 1178 1
405 1316 0
747 902 23
813 870 1
794 1007 34
1064 1474 14
120 892 10
22 97 1
769 1536 1
1095 1275 1
12 198 0
165 185 10
46 572 8
90 334 8
408 1063 8
248 805 10
841 927 23
396 629 29
808 1131 8
233 889 17
419 602 3
852 1211 23
407 1466 1
1140 1169 8
125 732 71
378 1299 27
9 549 13
516 887 17
408 740 23
646 678 17
646 1288 1
108 954 1
619 1246 10
396 1333 23
172 1161 23
834 1115 17
69 464 10
288 289 8
555 628 31
672 1552 1
465 484 10
294 1317 40
92 806 17
337 585 23
455 847 12
212 1135 23
1416 1499 8
99 932 1
149 883 1
99 758 1
133 324 50
217 1039 40
1118 1128 1
500 957 15
519 747 23
942 964 17
508 809 8
89 626 10
493 537 11
595 771 17
468 878 43
470 1407 17
709 1296 8
511 757 62
900 922 8
276 389 1
20 914 34
1090 1101 47
239 559 0
332 959 38
894 944 4
22 1554 8
125 1473 8
231 516 17
46 533 34
419 568 53
630 744 17
62 196 8
168 1019 27
441 588 1
1457 1552 1
877 1244 17
961 1061 42
224 634 17
96 124 10
141 1401 1
408 468 5
390 1206 39
494 1090 10
54 516 1
672 1048 8
972 1350 42
4 1350 5
334 1380 38
383 1153 45
103 899 62
484 1003 23
188 1008 39
172 767 23
1078 1492 5
374 1419 8
771 1366 60
291 563 12
998 1290 14
295 627 17
93 489 17
108 1549 1
497 631 0
209 470 10
118 1316 20
711 1316 0
149 1483 1
141 1536 1
97 374 1
1213 1529 5
852 1213 32
548 576 1
365 440 10
499 957 5
452 1444 8
365 894 31
47 1528 27
226 1244 21
275 615 10
469 1146 11
70 1376 5
523 719 27
960 1187 38
385 991 38
122 295 17
90 1448 8
272 681 10
48 253 10
9 747 13
1061 1440 17
617 635 52
334 727 8
862 973 17
384 499 10
654 1157 51
989 1148 17
311 630 19
649 1003 23
131 1440 17
281 341 18
165 932 2
516 732 1
314 559 5
561 1420 17
850 1408 42
572 1269 8
1 380 34
324 1172 55
126 679 34
137 585 23
178 283 17
768 942 1
425 1102 41
850 1462 8
1407 1432 17
266 1046 29
249 973 19
0 1007 34
233 1420 17
122 1295 17
882 1049 10
62 1319 8
801 1399 10
1007 1300 8
1017 1275 8
740 1061 23
235 383 17
834 1063 8
449 1269 8
383 771 17
61 956 31
576 850 23
50 766 17
649 841 23
1133 1471 8
110 921 8
375 468 40
495 601 82
225 1265 3
408 1148 19
298 1016 32
523 1362 13
15 385 24
968 1420 14
163 647 17
127 1163 16
852 1406 14
892 938 0
628 1249 17
62 1556 8
60 771 17
554 628 17
131 554 17
938 1050 0
921 1048 23
400 1293 10
914 1067 23
376 1268 8
1222 1341 0
266 570 29
314 499 19
698 973 19
4 1269 40
460 1549 34
138 770 32
142 295 17
108 673 1
1101 1452 14
39 782 34
376 396 23
368 433 11
1009 1209 29
719 867 2
172 872 10
1141 1265 8
424 1296 8
378 384 27
627 1111 10
60 1408 42
381 490 10
533 794 34
75 555 33
59 239 13
588 1432 17
100 1452 14
334 424 8
782 1369 34
161 636 8
731 778 88
168 1473 8
1228 1288 1
843 1457 8
886 1133 23
973 1261 17
425 777 54
185 1171 20
1451 1458 14
469 1333 8
767 1136 23
196 1540 8
188 397 24
1071 1552 1
703 753 30
801 842 8
281 1515 49
338 430 29
47 933 2
161 834 8
452 973 10
317 887 17
260 548 1
609 632 8
364 737 32
160 1273 8
126 168 34
149 1111 1
602 636 23
711 1061 5
693 1064 17
734 813 35
381 877 10
872 953 31
239 280 13
112 1466 7
1049 1171 38
272 578 33
581 964 21
282 1452 23
631 1492 40
78 777 15
375 914 5
85 918 0
4 198 23
395 1326 1
907 1103 14
225 830 8
131 1044 19
340 1042 17
1137 1515 34
202 229 1
138 1213 32
733 764 72
531 849 1
122 1397 17
46 1131 8
365 792 76
510 877 33
447 750 0
578 630 33
16 904 34
224 437 17
104 1044 19
275 278 7
189 849 1
118 812 44
276 433 17
338 1141 14
234 1515 34
70 1138 14
149 1545 1
827 1443 53
680 1049 10
311 373 58
266 685 32
107 1293 52
428 1148 8
502 923 54
408 1010 10
216 235 62
1049 1227 8
371 674 12
588 602 1
1054 1223 45
376 1141 8
334 1417 8
381 932 2
324 1399 10
249 654 19
375 1062 5
9 412 0
9 339 13
142 1511 33
484 862 17
180 678 8
679 1381 34
1048 1261 8
568 1305 12
359 376 24
852 1078 23
324 999 20
938 1301 13
678 830 17
389 1115 17
249 1296 17
51 271 16
182 1246 10
167 906 17
1062 1271 17
340 976 19
82 973 23
639 1232 1
595 1407 17
1050 1457 32
870 1169 1
597 1390 38
288 297 17
883 1463 1
311 559 5
340 1061 23
39 1315 34
230 1540 8
334 906 23
750 1433 2
93 614 10
70 886 23
311 1458 14
630 736 10
235 488 19
883 1547 17
12 334 13
1464 1480 1
1023 1547 17
50 1261 17
104 1048 23
150 1253 5
39 74 34
654 830 17
70 1169 8
791 875 32
1399 1462 8
189 1095 1
770 931 29
610 1499 8
352 375 5
419 1222 0
189 1049 21
475 843 24
429 1409 1
429 849 1
311 1133 23
74 1234 34
419 1463 1
619 1512 2
999 1273 8
1098 1279 34
896 905 8
1133 1438 23
962 1067 21
697 698 19
126 374 34
6 620 7
104 282 23
993 1496 21
230 484 10
650 787 32
380 821 34
408 497 0
262 764 41
679 1417 34
346 1271 24
127 1497 38
251 1061 42
744 1232 5
127 368 16
324 1222 0
276 477 10
176 1515 35
654 902 23
425 636 41
188 1220 32
428 479 31
580 767 0
150 876 23
68 458 4
571 703 49
1141 1553 8
309 520 34
22 124 27
538 894 4
1 280 34
964 1042 17
1003 1128 8
408 1281 23
231 589 17
133 782 34
149 1234 40
627 1062 17
294 711 2
887 1269 24
555 1115 17
325 901 29
262 425 41
1269 1508 14
198 1152 23
488 746 19
266 1063 8
629 747 38
843 1269 24
690 769 8
720 740 62
60 160 11
630 1157 51
22 743 12
248 631 10
226 447 0
566 1333 23
48 1295 10
80 1131 8
230 1419 8
72 801 10
501 1095 17
325 512 54
374 914 8
294 1084 24
242 913 1
414 672 10
570 1448 1
775 1296 17
467 1564 14
56 196 29
217 1476 10
281 531 18
72 675 2
340 508 8
862 1420 17
432 626 45
291 961 12
384 848 10
444 938 0
567 602 23
272 1440 17
646 1185 23
295 1440 17
313 359 44
208 1331 51
390 1111 10
629 1084 24
449 973 62
85 1552 0
462 945 72
441 1403 8
345 1078 8
841 1465 23
294 1305 12
143 1462 8
548 564 1
440 537 17
390 993 21
20 80 34
1111 1480 8
1146 1529 11
54 124 10
600 841 23
289 1093 23
1067 1444 8
248 1090 17
450 566 23
15 570 24
590 1206 39
499 698 19
180 960 87
400 744 5
1016 1363 32
375 519 5
447 933 0
1039 1547 5
548 680 17
783 1062 10
289 1458 14
876 1369 49
906 1045 23
206 477 10
376 484 23
1168 1261 31
668 1545 8
788 905 14
165 289 10
629 766 20
1246 1310 35
450 646 23
1333 1451 1
124 555 10
744 1152 5
467 600 23
62 852 23
239 892 0
242 1402 1
340 1135 23
647 1529 17
745 1213 32
189 1269 8
755 1317 7
297 589 17
1135 1529 23
396 892 23
630 693 17
46 1449 8
852 1425 14
447 867 13
288 1271 24
821 1282 34
321 1269 24
231 646 17
690 733 7
1050 1473 32
854 1050 32
273 1462 8
338 1118 3
212 830 11
226 794 21
1050 1137 34
566 1054 21
993 1244 21
369 697 10
319 1462 8
209 444 10
334 690 38
424 1333 8
16 660 34
381 582 10
809 1137 34
1064 1420 17
149 602 1
278 711 26
600 659 23
275 339 10
124 1111 10
1277 1564 14
22 843 8
477 904 10
709 1444 8
922 1457 8
736 844 10
134 1221 1
802 904 10
630 1541 7
196 1009 29
374 961 12
314 501 19
553 1048 5
133 1529 11
690 797 7
663 1279 34
795 1103 27
1136 1419 23
501 848 19
678 766 17
675 1273 8
149 242 1
602 1203 14
378 1094 2
217 654 10
352 855 23
109 959 38
437 476 8
322 400 10
1137 1401 1
1135 1333 23
1178 1489 1
740 1067 23
15 1443 43
675 1169 8
231 942 1
72 161 10
335 863 67
630 834 8
516 906 17
876 1468 23
654 994 58
727 1058 10
493 711 10
34 711 55
230 1141 8
288 686 17
69 1251 10
81 310 8
834 1547 8
1007 1449 1
291 371 12
295 631 10
430 770 29
373 635 21
311 1275 17
1203 1282 14
60 537 11
508 1483 8
282 999 23
281 1031 6
879 1325 5
638 1376 84
801 1549 8
60 178 17
138 1521 32
554 1061 17
79 161 10
288 767 8
501 766 17
1010 1062 10
99 172 1
235 854 17
212 670 11
284 1449 8
182 198 23
1049 1443 2
769 1473 8
867 901 10
1131 1261 8
69 668 8
168 1554 34
291 911 12
600 1350 5
380 1549 34
566 734 23
447 994 13
170 441 14
261 592 32
543 619 2
925 1496 23
54 131 17
137 188 24
548 989 17
237 436 0
429 727 1
595 1440 17
99 1178 1
249 516 17
95 537 10
849 1238 90
1128 1458 1
1250 1466 7
647 850 11
242 567 31
545 1310 35
220 848 21
709 1152 23
235 464 10
94 359 24
303 631 12
548 1261 1
639 1294 29
54 103 17
172 846 10
390 537 21
460 1480 34
309 906 34
614 1293 10
632 1458 14
886 1376 5
570 1476 17
299 1135 23
75 366 19
1169 1444 8
222 796 8
563 727 1
48 337 10
90 1459 14
493 850 11
663 1007 12
131 1223 17
248 465 10
437 1496 23
433 942 17
374 1459 1
690 1534 1
253 414 10
672 883 17
81 1473 8
440 654 17
931 1350 42
90 1048 14
636 842 23
310 1415 8
946 1317 7
219 630 19
1228 1463 1
13 436 0
460 1234 34
222 892 10
17 1135 23
138 876 18
1118 1480 8
69 1043 10
863 1213 28
56 1057 1
165 314 10
82 282 23
206 711 10
397 938 13
553 654 10
314 337 3
414 1443 2
314 1044 19
163 862 17
548 766 1
184 419 1
161 863 10
108 582 1
646 669 17
80 85 13
17 1064 23
430 1269 24
271 872 25
1425 1463 1
129 1255 52
500 1296 8
381 537 10
870 1451 22
239 340 13
672 1007 1
337 576 23
352 636 23
680 906 17
545 1045 10
440 854 17
927 1547 23
450 1009 23
839 862 10
189 1131 8
1232 1406 1
531 1409 1
753 998 12
734 879 23
543 671 12
914 1137 34
680 877 17
378 505 10
488 589 19
493 561 19
1 74 34
298 337 10
161 1048 23
769 1401 1
1146 1540 8
70 548 1
92 634 17
314 510 19
49 927 53
161 516 17
160 1489 1
408 1223 17
530 779 62
294 545 2
507 787 24
589 701 62
222 1380 2
1137 1153 34
272 1255 44
460 663 34
921 1060 8
169 931 29
224 619 10
604 1494 23
1269 1282 24
106 384 10
428 938 13
499 973 19
104 295 17
1211 1492 5
680 767 17
734 1211 8
501 510 19
1093 1463 1
442 942 17
676 878 10
282 1451 14
322 565 2
163 554 17
253 672 17
134 563 1
172 1128 1
150 314 23
922 1131 8
311 1295 17
841 1232 23
337 648 10
237 589 0
127 938 0
251 646 42
1064 1078 23
103 999 19
424 1444 8
291 425 54
352 1529 23
175 180 8
9 1118 0
1282 1466 14
259 830 8
80 457 17
631 1039 40
188 531 32
753 1317 40
289 659 23
93 383 17
801 942 1
512 867 2
918 1316 2
283 872 10
455 1074 12
9 124 13
711 809 85
736 988 10
561 708 17
530 972 62
96 1035 1
229 1494 1
317 1564 8
1465 1563 14
289 1211 23
352 646 23
489 1476 17
679 711 2
757 999 62
564 921 8
209 801 10
275 565 2
968 1008 39
26 791 32
433 545 10
337 1249 19
830 977 8
48 901 10
576 810 8
70 957 5
930 942 0
340 1078 23
787 1400 24
865 1465 23
886 1118 3
601 808 35
765 1552 0
585 833 23
97 407 1
322 626 10
1067 1232 23
433 1271 17
567 925 23
407 653 22
364 841 18
727 1129 1
563 1253 12
609 1423 8
644 734 8
182 1203 8
565 870 1
654 1230 19
709 1317 5
287 324 10
180 1217 14
619 904 10
1067 1258 14
542 1303 12
454 792 76
628 906 17
364 571 18
178 1095 17
297 1295 17
554 1476 17
1265 1415 8
284 1534 1
80 1090 17
580 787 8
1090 1205 51
765 778 13
209 906 34
108 1129 1
1355 1391 51
783 1175 16
1273 1473 8
1090 1440 17
769 1451 14
565 1444 8
475 549 24
324 813 15
788 1491 14
233 1148 19
999 1419 8
787 1048 24
172 212 23
287 869 17
879 1534 8
833 1394 38
77 656 21
484 1232 23
730 1148 10
932 1220 32
152 508 1
424 570 29
1258 1320 14
289 1250 46
97 1499 1
120 499 10
1009 1095 45
12 226 0
288 849 17
464 849 10
585 876 23
1054 1137 34
886 1458 8
361 907 4
848 988 17
157 208 8
747 896 18
341 737 32
118 424 44
460 782 34
1244 1350 42
973 1496 23
148 1008 39
384 989 10
103 224 17
240 262 41
1203 1275 8
602 1017 8
359 475 24
727 801 10
368 1279 34
653 1100 34
68 1213 28
275 340 10
493 1148 19
801 1556 8
85 1391 13
1448 1556 8
1009 1064 23
617 1111 10
133 512 34
157 914 8
973 1432 17
914 1220 32
56 475 24
236 408 62
493 510 19
493 676 10
576 1290 8
1222 1463 1
1300 1476 17
608 845 23
132 1185 0
1071 1499 8
182 602 23
288 475 24
369 441 28
51 1350 42
108 1222 22
160 1023 11
482 821 34
12 502 0
157 1481 14
340 470 17
590 1483 32
1080 1515 35
160 878 21
1062 1448 17
329 590 32
46 437 11
531 901 29
75 530 19
648 1045 10
571 590 18
1228 1265 8
68 1420 37
1008 1322 39
429 1221 1
282 1279 14
703 1234 34
548 1468 17
813 1480 8
212 906 11
364 1288 1
1035 1552 7
237 805 0
206 887 17
228 1281 12
1381 1474 34
107 1463 1
698 1024 62
1135 1521 32
850 1273 8
901 1172 35
1022 1222 0
213 1088 8
1118 1366 60
432 878 70
278 356 26
608 1136 23
364 1216 14
89 589 2
785 1271 24
168 294 30
470 727 10
345 390 29
1003 1209 14
287 442 17
1103 1399 14
289 414 10
281 543 49
516 628 17
596 855 8
309 914 34
970 1323 46
9 545 13
57 198 17
676 680 10
390 1129 29
20 1259 34
96 229 71
185 1232 1
429 1458 1
854 1476 17
68 860 4
82 971 49
124 523 27
235 701 62
1198 1433 2
289 1449 8
389 440 17
1471 1473 8
630 850 17
464 499 10
508 1536 1
833 1547 23
805 1443 2
249 1230 19
337 437 11
225 237 0
9 225 0
441 484 10
988 1115 17
9 711 0
70 216 5
178 899 17
780 849 52
109 938 13
1 1146 34
575 733 72
294 1269 24
680 1062 17
653 1048 14
310 1307 8
882 954 31
737 1521 32
248 1458 8
1153 1489 34
217 719 2
582 614 10
442 1432 17
198 407 10
1118 1228 32
172 567 31
100 138 32
359 1221 24
1103 1474 14
81 167 17
109 505 12
253 1481 5
609 1221 8
283 1407 17
744 1095 17
854 887 17
1228 1449 32
449 1400 37
769 1048 8
727 960 10
34 324 55
77 390 21
20 904 34
167 902 31
118 341 34
295 299 10
339 906 10
502 1325 5
100 196 32
960 1511 20
225 1137 14
90 420 40
131 248 17
281 1369 49
444 882 16
1125 1216 8
757 972 73
225 1433 2
709 1228 32
104 447 0
180 374 8
608 902 23
339 678 10
311 960 10
510 972 62
206 771 17
1443 1445 69
581 1331 51
253 1048 23
869 921 8
163 224 17
103 317 17
767 863 10
390 428 17
648 766 10
401 1146 1
847 1304 12
555 1511 33
766 1172 20
108 1232 1
274 1317 7
96 1111 1
46 1118 8
99 1129 1
1133 1273 8
676 727 10
663 1032 6
365 882 10
134 675 36
608 1166 21
601 1133 35
56 1333 1
600 1494 23
508 1448 1
328 1269 24
390 1113 21
138 709 32
13 767 0
241 262 41
600 709 23
294 773 30
295 1111 10
565 1007 12
168 329 50
1058 1090 10
80 634 45
324 580 0
303 619 12
0 278 7
450 1459 1
272 1547 17
531 1103 14
46 1417 34
638 849 1
442 646 17
1245 1390 38
133 578 23
914 1129 8
239 493 13
68 777 4
1161 1427 23
905 1466 8
510 1300 19
744 1093 5
849 1277 1
602 1281 23
84 508 21
89 441 10
104 467 23
563 576 1
424 1178 29
90 1403 8
601 798 35
56 1273 8
499 1295 17
1141 1277 8
281 770 18
99 180 1
767 1238 8
564 806 17
843 1403 8
1310 1515 6
892 1007 1
373 834 42
1046 1216 8
345 1545 8
157 1489 1
149 1521 32
830 1251 10
163 1148 17
294 730 2
48 738 41
120 1396 2
1049 1061 10
271 1159 16
131 561 19
118 778 71
419 1525 83
441 675 2
578 1141 14
9 602 0
216 747 5
886 927 23
476 842 8
600 805 10
383 1395 45
709 1438 23
441 1247 8
680 693 17
570 1297 29
595 889 17
973 1427 23
283 634 17
208 1048 8
217 646 10
104 450 23
93 442 17
764 1310 35
70 870 1
1140 1250 35
152 1246 1
234 794 34
6 1419 7
289 470 17
567 709 23
812 1169 8
441 904 10
791 1481 32
62 516 8
794 1489 34
668 1271 24
104 961 42
730 1172 55
533 1025 34
208 792 2
870 1415 1
310 424 8
276 872 10
505 794 50
1244 1440 17
122 942 9
230 389 1
841 1048 23
340 841 23
663 679 30
311 1480 8
311 494 10
1080 1133 35
248 470 17
899 1409 8
68 757 62
1427 1534 23
401 675 1
212 299 23
914 1007 34
477 589 10
305 390 32
271 809 34
626 1172 20
437 892 23
17 428 23
654 1275 17
927 1281 23
4 921 23
89 1061 10
502 813 15
537 1054 11
282 1141 8
220 964 66
1135 1288 1
249 311 19
889 1275 17
266 1169 8
237 942 0
36 161 11
26 1050 32
100 1135 32
183 1261 17
771 1132 62
74 563 34
479 1540 8
96 1085 17
237 1552 0
588 744 17
445 644 40
289 449 62
108 495 1
137 744 5
247 944 20
810 1265 8
149 693 1
352 1003 23
103 383 17
849 1151 1
365 1399 10
743 788 40
338 1480 8
107 508 1
407 1172 2
516 548 17
126 1554 34
1009 1093 23
634 744 17
17 892 23
769 1471 8
842 1317 5
311 1534 23
477 1288 1
1128 1129 1
1290 1296 8
70 659 23
663 765 13
1135 1161 23
337 1146 11
585 865 23
668 964 8
580 690 0
676 1187 38
726 1362 13
614 850 50
295 468 10
69 877 16
968 1206 39
794 1468 17
176 1462 1
46 390 11
589 1115 17
1452 1463 1
6 261 7
51 185 8
1269 1565 24
337 1448 17
1275 1564 8
1115 1448 17
572 1459 1
794 806 17
198 299 23
281 620 18
565 809 34
927 1534 23
70 668 8
212 1317 5
108 870 1
501 628 17
45 627 24
479 1444 8
278 783 7
231 647 17
13 82 13
109 282 8
1129 1209 29
570 661 29
99 639 1
96 272 1
289 1362 0
103 693 17
512 821 34
22 1452 14
295 381 10
172 317 17
288 470 17
374 615 2
340 477 10
313 808 44
921 1540 8
311 850 23
334 1333 8
142 224 17
497 690 0
196 1206 39
559 1443 53
69 619 10
74 1137 34
490 964 10
408 876 23
1232 1307 1
338 476 8
572 1042 17
92 989 17
149 1232 1
619 911 12
239 379 35
559 1188 6
311 438 10
46 548 17
84 365 70
15 338 24
667 1048 14
249 830 17
812 1549 8
734 1045 23
396 531 29
675 1039 53
90 1564 8
738 760 41
334 531 18
51 272 11
914 1310 35
149 1480 1
654 1439 19
1265 1416 8
787 896 32
568 1529 6
742 867 10
1232 1499 8
654 1323 46
224 693 17
437 1048 23
647 1042 17
833 1408 42
1448 1476 17
479 1216 8
90 310 8
233 678 17
198 364 39
185 1010 10
921 1198 23
266 1554 8
46 537 11
340 1157 51
62 1090 8
734 1458 8
247 322 20
548 800 17
800 862 17
376 869 8
470 732 10
1363 1448 1
50 697 17
894 942 1
120 152 1
89 283 10
48 390 10
216 400 37
596 865 8
1129 1136 1
100 188 32
152 297 17
644 1273 8
571 1443 69
801 1499 8
670 1146 11
176 734 35
516 849 17
60 1511 33
188 516 24
288 310 8
537 555 17
531 609 8
9 1127 13
282 709 23
289 727 10
769 913 8
170 690 0
376 812 23
125 365 70
291 847 12
883 1265 3
176 614 15
475 988 59
276 537 11
245 493 9
253 1062 10
311 1045 74
703 960 2
208 744 5
1077 1133 23
163 973 17
968 1269 8
865 1273 8
1268 1540 14
160 429 1
239 313 44
291 1253 12
59 906 21
46 175 8
964 1150 66
294 359 24
476 1458 8
359 1535 14
131 369 17
646 1007 1
921 1133 23
16 1025 34
259 1473 8
84 324 53
208 324 43
143 1286 52
886 1534 23
709 1095 1
619 1303 12
516 582 1
161 568 6
180 973 10
1008 1333 39
475 479 59
988 1216 8
400 1502 31
506 1334 12
812 1062 23
1222 1465 14
208 800 8
502 1317 5
275 437 10
768 983 88
904 1043 10
100 1473 32
230 653 22
337 373 21
567 659 23
450 1317 5
133 801 8
555 854 17
479 516 17
198 1408 42
668 707 29
450 1273 14
810 1211 8
1374 1443 34
9 1515 13
999 1397 19
464 678 10
137 1326 8
742 1432 21
1148 1249 19
122 1195 90
921 1152 23
711 1496 53
400 1090 10
1050 1480 34
760 809 34
794 1054 11
337 1452 23
424 870 1
516 954 1
437 574 17
732 1265 3
15 867 24
563 1118 1
288 1476 17
383 1529 17
314 442 17
449 600 5
765 769 0
553 676 10
635 994 21
103 208 20
998 1564 8
272 846 10
632 1296 8
578 1061 23
12 690 0
234 1374 34
60 511 17
99 1137 1
675 1552 25
1080 1444 8
160 1010 2
220 889 21
62 161 8
231 249 17
520 906 34
408 567 42
4 1468 23
734 740 23
791 852 32
60 899 42
841 896 18
632 1465 23
407 1232 1
161 585 23
122 988 17
50 437 17
523 736 27
188 549 66
442 1085 17
390 1043 10
172 1489 1
732 849 1
897 1085 45
788 922 14
449 1353 62
476 1093 8
441 693 8
93 907 10
988 1061 17
16 209 34
45 471 29
142 178 17
766 1064 17
854 1303 12
1307 1448 8
1086 1258 14
1067 1290 14
280 914 34
337 960 10
337 581 21
12 46 13
97 1452 1
176 324 15
674 1481 32
636 1032 6
747 1009 23
711 955 4
589 1161 23
437 553 10
208 877 10
172 850 23
930 1186 0
464 1547 10
1232 1275 1
639 901 29
505 1350 40
727 1007 1
428 794 8
268 1131 8
212 1061 23
137 1494 23
334 1064 23
632 1077 23
60 604 23
476 1341 8
170 586 0
219 322 20
660 833 49
462 1250 35
143 326 52
1061 1269 8
615 738 41
161 1494 23
827 1476 7
1090 1265 8
142 676 10
369 595 10
341 531 32
283 834 42
737 1192 32
239 814 0
295 862 17
188 440 24
276 396 23
794 922 8
744 1135 5
810 1564 8
615 681 27
938 1341 0
672 1211 8
738 1447 41
263 580 2
1178 1462 8
400 711 43
1288 1362 0
99 922 1
149 1465 40
198 808 0
777 911 12
1133 1216 8
1137 1216 14
690 1472 7
511 1115 17
46 834 8
324 555 10
848 1439 19
467 1213 32
271 1222 0
933 1067 53
440 442 17
1050 1322 32
889 1288 1
81 734 8
1296 1341 8
483 690 7
90 169 29
134 1239 77
108 743 8
317 744 17
709 845 23
654 771 48
604 1221 23
396 397 29
84 352 23
1407 1542 89
20 512 34
378 675 2
47 537 10
242 1090 1
398 1512 2
628 989 17
396 991 38
365 1129 8
161 708 17
133 519 11
765 1035 0
297 626 17
52 1459 1
1333 1481 32
51 444 21
678 1090 17
229 1223 1
810 1007 8
334 809 34
617 780 52
283 554 17
901 1044 20
570 1209 29
180 1497 2
484 1353 17
198 1481 5
311 902 23
1169 1545 8
580 601 35
96 378 10
335 878 67
133 711 50
476 1221 8
685 1220 32
843 854 8
176 766 8
75 131 19
108 499 17
242 295 17
942 1261 1
161 889 10
872 1045 10
48 648 10
1246 1273 14
963 1222 0
499 747 23
797 847 4
172 802 10
484 588 17
289 1468 74
104 501 19
475 867 24
508 1452 1
84 927 21
110 1128 1
9 1421 0
1078 1552 1
80 1221 23
396 907 23
964 1425 8
196 1216 14
888 1466 14
104 576 23
457 862 17
108 628 17
457 630 17
125 419 53
345 520 8
253 964 17
235 437 17
6 896 7
681 1515 2
70 1186 8
390 690 7
619 753 2
668 734 1
1118 1169 8
877 1147 31
636 1258 14
339 904 10
396 1294 29
408 932 5
812 1281 23
757 1044 62
872 1400 37
230 1007 8
1203 1245 8
440 626 17
1042 1261 17
470 850 23
1061 1273 8
490 732 10
368 688 34
944 1397 20
1307 1489 1
511 1420 17
595 1536 17
364 875 8
968 1444 8
1071 1425 14
419 497 0
833 1325 5
334 1178 8
0 842 34
408 694 62
131 877 17
289 801 10
395 653 1
930 974 13
253 1350 42
744 968 29
176 1063 8
1048 1529 23
152 224 17
359 1220 24
755 1347 51
493 744 17
93 1049 10
777 822 12
248 879 8
1045 1468 74
907 1377 5
378 1187 38
444 902 40
259 1458 14
1095 1146 45
189 229 1
198 1065 39
189 1364 21
796 1277 8
1178 1232 1
242 1247 1
384 1399 10
780 1255 52
437 736 10
568 663 44
79 730 65
98 237 2
133 914 34
1185 1534 23
508 609 8
719 1019 27
1273 1457 8
511 1397 19
436 796 8
1137 1326 14
570 1239 29
9 1090 0
567 1459 1
842 1465 23
736 782 10
282 1474 14
730 1018 55
730 932 53
730 1492 40
262 823 41
508 636 1
127 237 0
346 1084 24
694 1397 62
610 922 8
408 537 17
324 839 10
419 1521 32
305 1457 32
167 834 42
964 1111 10
1220 1294 29
369 484 10
925 1409 23
1261 1474 14
172 1129 1
789 1529 54
429 1563 1
567 693 31
104 1185 23
771 1261 17
118 1268 34
821 1448 1
334 1534 23
548 1440 17
217 933 2
310 1481 28
104 872 10
1425 1556 14
61 544 67
1281 1427 23
180 253 10
758 1095 1
340 468 10
891 1317 42
773 1250 38
100 298 32
863 955 31
1061 1232 23
77 161 37
276 964 11
116 808 13
75 601 41
106 222 10
337 484 23
449 1118 3
161 690 9
125 1246 10
855 1409 23
212 710 11
311 1440 17
478 589 26
118 242 1
559 600 10
208 744 5
325 1465 23
92 615 67
230 470 10
1477 1525 38
962 1512 2
452 734 8
62 311 23
96 142 17
235 1397 19
69 576 8
744 1400 37
849 1126 1
132 653 0
697 1439 19
787 1323 46
198 1564 8
690 843 8
289 805 43
160 226 21
1140 1449 8
182 381 10
801 1178 8
842 1283 23
96 1483 1
904 1259 34
294 1049 8
520 1153 34
1147 1547 31
198 681 10
906 1409 7
57 850 17
444 889 21
942 1271 1
268 271 35
379 921 35
476 1444 8
567 879 23
9 857 13
233 548 17
34 668 1
233 634 17
390 968 29
436 1265 3
671 1134 12
479 588 17
374 690 8
1347 1515 7
447 841 13
660 1489 34
644 850 11
337 1295 17
580 1310 6
788 901 29
216 999 62
85 1198 0
693 769 8
1221 1406 8
537 582 17
1206 1234 39
854 1153 17
165 553 10
1 133 34
294 447 13
1277 1451 14
18 1209 40
1141 1483 8
619 730 65
1269 1521 24
109 324 12
112 1461 38
537 1085 17
9 964 13
241 1317 7
1365 1417 8
419 1541 7
96 183 17
178 1420 17
865 925 23
582 646 17
862 1062 10
1078 1296 8
1419 1540 14
489 766 17
390 1213 32
131 289 19
429 646 1
647 701 62
322 727 10
676 906 10
745 747 18
172 615 10
1279 1381 34
894 1014 4
567 627 17
1395 1536 45
730 930 0
84 437 23
46 1319 8
365 468 43
93 494 10
470 1007 8
337 647 11
742 1168 40
133 282 23
493 1353 19
165 589 10
376 1136 8
132 1459 0
531 1095 1
437 863 10
614 878 43
458 1037 12
107 1220 29
184 476 8
656 1054 21
1234 1564 8
282 1007 8
79 1111 10
892 1407 17
737 1449 32
561 1295 17
810 1203 8
537 574 17
48 1299 27
732 942 1
737 1457 32
396 922 8
345 668 29
266 298 32
378 543 2
661 1234 29
1239 1552 1
219 1085 17
511 698 19
390 1228 32
208 771 10
580 963 0
733 879 72
635 921 8
17 581 21
352 833 23
22 1007 12
654 906 23
366 792 76
914 1198 23
213 1564 8
170 750 0
48 374 2
225 922 8
294 478 26
802 1061 10
337 636 8
1341 1463 1
998 1529 12
906 1133 23
310 317 8
82 1253 42
167 182 10
455 932 53
452 1459 1
671 1074 12
9 1355 51
679 777 12
709 876 23
844 1364 66
225 447 0
1283 1452 23
733 1366 60
595 744 17
9 993 13
361 385 4
235 746 19
906 1323 46
17 1496 23
686 899 17
1133 1376 5
131 235 19
172 989 17
160 796 8
990 1014 46
879 1111 8
338 1564 8
311 1129 1
368 889 21
188 545 24
9 452 13
567 1534 23
104 600 23
789 971 54
212 672 17
133 614 50
222 964 10
1178 1463 1
385 1323 46
233 1223 17
675 1195 90
133 1463 1
608 1244 21
219 437 17
419 1481 32
648 1481 10
484 678 17
103 672 17
338 1540 8
565 1458 8
134 921 8
79 582 10
47 938 13
788 1172 35
82 679 49
91 564 31
870 1534 1
830 913 8
299 1350 5
877 906 17
231 796 8
79 1547 10
295 369 10
168 1268 34
564 1397 33
516 572 1
568 594 26
737 1101 14
198 1536 17
595 1529 17
292 359 24
62 469 8
419 1376 53
184 870 1
796 896 8
328 1489 1
248 942 1
225 1217 14
1409 1427 23
93 1536 17
390 630 17
345 1048 8
545 602 27
126 795 34
161 242 1
329 1232 1
567 766 31
289 899 74
827 1048 5
107 548 1
960 1061 10
1085 1341 1
297 1386 17
738 1008 41
488 1536 17
999 1203 8
559 954 4
219 324 20
112 726 38
9 504 0
338 390 29
198 1268 39
249 779 62
455 1305 12
161 368 8
1234 1250 35
602 821 1
150 1438 23
1057 1289 1
295 1440 17
444 1300 7
862 1386 17
425 467 32
212 1136 23
1461 1465 14
511 1230 19
91 732 10
470 907 23
379 798 35
226 239 0
576 1136 23
85 654 0
588 1417 1
253 275 10
1462 1540 14
424 1508 14
126 663 34
311 862 17
266 707 29
901 1297 29
90 1178 29
103 973 19
989 1153 17
9 654 0
62 428 23
311 1511 19
334 469 8
407 727 10
559 727 10
942 1433 2
808 809 44
289 676 3
519 812 23
433 1062 10
99 1440 17
396 740 23
299 1465 23
1399 1452 14
499 862 17
999 1317 5
325 850 23
85 334 13
59 783 2
46 1049 8
433 1114 59
108 1300 1
219 1386 19
1317 1443 53
54 681 10
626 1271 17
39 118 34
289 1062 10
709 1409 23
310 1100 35
278 767 26
376 781 23
329 455 12
906 1088 8
627 1511 17
954 1014 4
172 1211 23
907 1213 23
143 345 8
125 1283 53
104 582 17
497 1316 13
999 1462 8
118 668 8
1100 1136 34
907 954 4
1303 1513 12
630 862 17
108 1490 78
904 1058 10
1093 1449 8
276 1153 11
845 1152 23
82 709 23
198 450 23
322 479 10
1187 1461 38
545 1443 2
329 1211 8
1133 1326 14
1317 1468 5
222 862 10
505 1317 40
132 468 0
499 1438 23
334 1464 8
578 902 23
567 921 23
80 1268 34
841 1393 38
429 998 1
447 1035 0
1213 1468 5
329 1444 8
57 222 10
160 870 1
198 289 10
588 1363 1
60 632 11
103 708 17
80 245 9
376 659 8
672 1464 1
519 1062 23
878 1420 37
1273 1282 14
34 548 1
608 1317 5
508 843 8
167 235 17
571 733 72
81 334 8
239 444 0
1213 1547 5
1078 1095 1
450 1239 77
458 1369 12
538 956 4
141 563 1
821 1203 1
830 1481 11
1045 1077 23
133 767 23
630 1448 17
9 1067 71
137 1350 42
420 447 13
502 781 23
887 1386 17
257 1206 39
206 1115 17
1439 1491 14
609 1464 8
172 450 23
733 755 72
324 983 38
455 911 12
248 1534 1
744 1061 17
253 324 5
409 921 8
22 1296 8
449 589 62
848 1476 17
1216 1463 1
742 1468 21
601 1234 35
408 1480 8
401 883 1
1362 1459 0
588 1553 1
78 1131 8
654 846 2
138 266 32
62 1118 8
310 1004 35
216 519 5
904 1054 34
54 125 45
914 1552 1
433 615 10
428 1249 8
406 1220 24
533 563 34
537 632 11
230 1462 8
329 1169 8
133 1464 1
1296 1553 8
99 1275 1
991 1477 38
931 1239 29
673 1462 8
188 830 24
400 433 10
4 1050 32
833 930 13
502 1419 23
282 1071 14
92 231 17
160 1141 8
182 376 8
428 887 8
808 1443 0
26 259 29
1366 1481 60
224 508 8
1148 1275 17
266 471 29
407 1062 10
231 877 17
56 674 29
467 1077 23
674 1213 32
79 106 10
373 994 40
79 563 2
419 938 0
310 1035 9
247 862 33
744 1483 77
283 289 17
104 1221 23
437 1386 17
314 530 19
133 1474 34
72 444 16
400 901 10
295 437 17
12 1505 0
449 1300 62
629 914 35
50 628 17
442 1061 17
374 923 54
679 842 34
81 1547 17
266 1247 8
842 1564 8
91 953 4
467 740 23
359 875 24
45 901 29
375 1185 5
1044 1049 20
273 914 8
60 588 17
709 1534 23
233 1397 19
220 904 10
1416 1508 14
206 559 10
694 740 62
506 863 67
834 863 10
305 1220 32
441 626 8
137 855 23
672 1017 8
81 476 8
4 1534 23
914 1077 23
340 736 10
379 914 35
121 294 12
441 1293 10
1084 1125 24
139 266 32
672 961 42
219 440 17
1220 1228 32
490 537 10
636 1063 8
470 1088 8
632 1496 23
933 1362 0
644 1481 11
70 1409 23
185 877 17
484 1529 17
9 82 13
359 543 12
921 1131 8
359 1540 24
216 1547 5
408 578 33
1447 1473 14
925 1317 5
701 1211 37
149 580 13
90 1508 14
1103 1563 14
89 185 10
352 1281 23
944 1222 0
672 1131 8
508 659 21
548 1449 1
1216 1247 8
314 1433 2
282 1362 13
235 295 17
275 904 10
670 830 11
383 686 17
582 1286 17
1127 1443 16
1462 1564 22
855 1009 23
142 272 17
1005 1317 7
1148 1347 51
495 827 4
118 1415 34
767 989 17
295 311 17
311 993 58
212 433 11
322 544 67
275 314 10
499 889 17
467 902 23
92 490 67
288 1473 8
680 869 17
198 1295 17
152 311 1
99 914 1
1085 1128 8
18 785 40
732 879 8
1208 1269 40
787 925 24
317 686 17
234 1244 34
470 812 23
442 1045 17
1290 1451 14
626 766 17
340 1161 23
1126 1504 84
512 1153 34
369 1095 17
609 1060 8
248 1216 8
216 1213 28
742 960 10
272 877 17
834 932 42
580 1522 13
276 1408 42
796 1547 8
405 922 8
1232 1480 1
842 1077 23
973 1244 11
310 798 35
601 626 1
231 628 17
288 1339 21
376 1448 8
134 276 9
365 530 20
69 681 10
632 1045 23
198 305 39
1449 1463 1
294 630 8
25 580 0
60 1536 17
842 1494 23
289 1343 10
70 649 23
1399 1545 8
1268 1481 14
483 1461 7
1049 1156 67
61 963 2
222 989 10
46 1023 11
833 1515 17
1300 1419 8
635 1138 52
1220 1420 14
457 738 9
771 1085 17
620 1481 32
22 1137 14
103 1085 17
1039 1325 30
744 791 77
555 1232 1
661 788 29
34 588 1
97 457 1
1111 1125 10
1045 1564 8
172 217 10
46 134 8
47 964 10
1232 1444 8
709 1481 32
208 295 10
161 711 10
84 944 53
82 1376 38
449 608 5
852 1438 23
4 659 23
879 970 14
1300 1397 19
396 516 45
429 602 1
957 1048 5
89 844 2
753 1228 30
1140 1220 24
788 1171 35
627 742 17
499 845 23
237 659 0
79 297 10
670 850 11
1025 1259 34
782 907 10
107 1363 29
299 1473 23
280 291 12
159 738 41
17 1350 5
79 847 12
619 1305 12
51 1048 8
99 433 17
92 848 17
872 932 2
359 1521 24
340 690 9
742 907 10
219 299 20
661 1009 29
15 765 0
767 833 23
281 329 18
253 574 17
408 1316 0
108 141 1
167 800 17
36 646 17
697 849 17
830 900 8
271 1380 38
1101 1451 14
745 1332 83
289 1480 8
15 787 32
930 1050 0
944 953 4
314 654 23
324 646 10
48 168 2
82 325 23
870 1261 1
671 1351 51
198 1362 0
325 855 23
441 1046 8
273 294 8
6 931 7
424 796 8
345 707 29
1095 1459 1
594 1063 26
46 452 8
709 1465 23
152 1228 1
118 1035 85
383 1473 8
1178 1213 32
339 572 10
165 414 10
1419 1444 8
61 365 10
1319 1353 40
222 978 12
294 1253 12
294 1464 1
96 109 1
219 678 17
730 1253 12
364 931 29
1098 1341 7
104 229 1
272 511 17
455 923 54
1009 1141 8
428 877 8
130 468 61
566 1128 21
84 740 23
72 647 10
188 196 32
768 849 1
295 1300 17
161 1444 8
251 272 42
152 1448 1
680 806 17
47 433 10
1416 1444 8
373 808 13
848 1085 17
747 959 38
226 1222 0
1476 1536 17
944 1062 10
468 849 10
511 646 17
131 746 19
600 973 23
667 1491 14
870 1126 1
563 663 30
280 911 12
899 1440 17
390 1211 29
282 1347 51
118 588 1
56 570 29
530 757 62
1153 1166 21
163 889 17
97 1071 1
230 863 87
108 429 1
127 994 16
188 778 24
62 596 8
12 447 13
93 143 17
373 1244 21
847 978 12
208 230 87
409 447 13
124 235 10
1 460 34
363 653 34
176 1540 8
1265 1563 8
455 961 12
602 1499 14
619 703 2
567 626 31
766 1480 8
126 782 34
78 843 35
233 701 62
470 1048 23
295 464 10
530 899 62
97 636 1
407 1502 4
709 1118 3
930 944 0
118 493 34
906 1152 23
644 1216 8
272 1271 17
555 1300 17
233 1353 19
245 964 21
619 823 64
9 409 13
242 801 1
441 1120 14
127 400 25
295 630 17
488 1386 19
212 585 23
465 964 10
553 615 10
281 379 35
865 1049 87
170 1067 0
70 1211 23
617 1061 10
100 430 7
1206 1239 39
771 1058 10
184 294 8
295 490 10
1269 1456 8
968 1135 14
212 564 11
149 1556 1
479 1338 10
262 755 41
1462 1545 8
289 993 58
507 1084 24
118 543 34
92 224 17
84 1407 66
795 1415 34
235 846 10
742 1547 17
329 1366 60
299 581 2
122 178 17
299 432 70
502 1037 12
133 906 11
1438 1529 23
554 887 17
494 1397 86
801 1401 1
476 1403 8
408 571 42
268 462 35
600 1269 8
78 981 15
538 1305 12
104 1300 19
237 654 0
531 620 32
149 1452 1
337 1048 23
405 1269 8
281 930 13
272 732 10
548 673 1
231 563 1
1153 1275 17
520 533 34
703 833 17
530 1132 62
1321 1461 38
217 882 43
62 1062 23
896 1273 8
1152 1481 5
368 373 40
239 549 13
476 1071 8
112 1018 55
69 465 10
457 493 17
183 767 17
479 1529 17
844 1547 17
266 639 29
408 1054 11
711 1547 10
865 1317 5
276 1350 42
1008 1473 39
334 1048 23
299 955 31
311 781 23
314 1095 17
62 1060 8
79 239 0
9 84 71
747 1408 42
247 561 19
1057 1427 1
54 619 10
99 744 17
1221 1415 1
770 1294 29
170 769 0
396 1172 38
649 1009 23
501 530 19
425 1001 41
852 1141 14
537 1168 40
389 854 17
891 1283 53
22 1319 14
180 1239 14
564 582 17
80 740 23
1065 1228 32
230 253 10
580 704 26
376 1093 8
248 283 17
369 932 2
567 1295 31
374 922 8
263 1362 2
36 862 17
900 1433 2
493 1397 19
188 984 24
311 976 19
1118 1341 3
1118 1443 3
112 1101 38
862 899 17
142 647 17
654 1095 17
737 1206 39
381 400 10
268 1063 8
609 1545 8
629 1206 38
830 843 8
407 1131 8
769 1261 8
17 850 50
530 589 19
1137 1417 34
283 1552 1
436 1316 0
572 850 17
46 92 45
93 516 1
1415 1534 1
61 869 21
124 339 27
1261 1416 14
324 767 10
352 604 23
48 727 10
931 1016 32
213 400 28
1017 1415 8
198 1449 39
889 1148 17
1301 1362 13
361 601 82
334 886 23
548 848 17
1007 1221 1
150 907 23
876 1061 23
844 899 21
93 1255 17
180 742 10
728 1388 62
1245 1504 38
46 440 17
96 1221 1
619 944 65
543 1489 34
589 614 5
588 891 1
297 617 10
406 1131 8
182 988 10
806 1529 17
1133 1563 8
233 555 17
129 396 52
508 1169 8
1133 1152 23
375 1077 5
369 767 10
225 1296 8
231 889 17
352 1438 23
297 973 17
340 844 11
208 756 37
4 289 23
18 543 12
1288 1489 1
1288 1471 1
1203 1545 8
488 693 17
490 1246 10
242 511 17
288 630 8
693 1458 8
450 740 23
511 976 19
615 1362 13
994 1054 21
1084 1451 24
589 683 10
289 493 3
139 1521 32
180 1279 14
497 1203 8
1016 1071 32
635 897 21
648 1061 10
322 408 10
646 1444 8
905 1403 14
697 728 62
602 644 3
1008 1046 39
225 734 8
548 1265 1
635 889 21
850 907 23
781 1297 39
907 1369 2
91 272 31
376 1417 8
9 220 0
172 686 17
1126 1466 7
339 1369 2
338 1271 24
17 1232 23
368 659 21
865 1350 5
1054 1100 34
242 768 1
45 397 29
89 962 2
973 1376 5
734 1044 35
106 767 17
398 635 21
142 1397 33
19 132 93
690 1093 98
549 849 100
1146 1465 80
1103 1309 92
46 1465 80
22 553 102
365 690 96
959 1093 98
